strain	Water	alpha_Cyclodextrin	Dextrin	Glycogen	Tween_40	Tween_80	N_Acetyl_D_Galactosamine	N_Acetyl_D_Glucosamine	Adonitol	L_Arabinose	D_Arabitol	D_Cellobiose	I_Erythritol	D_Fructose	L_Fucose	D_Galactose	Gentiobiose	alpha_D_Glucose	M_Inositol	alpha_D_Lactose	Lactulose	Maltose	D_Mannitol	D_Mannose	D_Melibiose	beta_Methyl_D_Glucoside	D_Psicose	D_Raffinose	L_Rhamnose	D_Sorbitol	Sucrose	D_Trehalose	Turanose	Xylitol	Pyruvic_Acid_Methyl_Ester	Succinic_Acid_Mono_Methyl_ESter	Acetic_Acid	Cis_Aconitic_Acid	Citric_Acid	Formic_Acid	D_Galactonic_Acid_Lactone	D_Galacturonic_Acid	D_Gluconic_Acid	D_Glucosaminic_Acid	D_Glucuronic_Acid	alpha_Hydroxybutyric_Acid	beta_Hydroxybutyric_Acid	gamma_Hydroxy_Butyric_Acid	P_Hydroxy_Phenylacetic_Acid	Itaconic_Acid	alpha_Keto_Butyric_Acid	alpha_Keto_Glutaric_Acid	alpha_Keto_Valeric_Acid	D_L_Lactic_Acid	Malonic_Acid	Propionic_Acid	Quinic_Acid	D_Saccharic_Acid	Sebacic_Acid	Succinic_Acid	Bromo_Succinic_Acid	Succinamic_Acid	Glucuronamide	L_Alaninamide	D_Alanine	L_Alanine	L_Alanyl_Glycine	L_Asparagine	L_Aspartic_Acid	L_Glutamic_Acid	Glycyl_L_Aspartic_Acid	Glycyl_L_Glutamic_Acid	L_Histidine	Hydroxy_L_Proline	L_Leucine	L_Ornithine	L_Phenylalanine	L_Proline	L_Pyroglutamic_Acid	D_Serine	L_Serine	L_Threonine	D_L_Carnitine	gamma_Amino_Butyric_Acid	Urocanic_Acid	Inosine	Uridine	Thymidine	Phenyethylamine	Putrescine	X2_Aminoethanol	X2_3_Butanediol	Glycerol	D_L_alpha_Glycerol_Phosphate	alpha_D_Glucose_1_Phosphate	D_Glucose_6_Phosphate
1005	0	0.272	0.953	0.478	0.165	0.107	0.25	0.662	0.656	1.643	0.887	0.896	0.647	1.376	1.117	1.368	0.713	1.43	0.822	1.166	0.95	1.25	0.959	1.409	0.425	0.552	0.977	0.446	1.045	1.15	1.475	0.744	1.5	0.647	0.54	0.898	0.413	0.136	0.377	1.103	0.437	0.333	0.402	0.454	0.23	0.702	0.358	0.708	-0.044	0.237	0.246	0.379	0.243	0.95	0.414	0.526	0.315	0.175	-0.024	1.317	0.67	0.733	0.252	1.251	0.721	0.9	0.902	1.147	1.377	1.309	0.625	1.228	0.601	1.285	0.72	0.699	0.415	1.418	0.236	0.545	1.205	0.541	0.332	0.357	1.582	0.753	0.698	0.185	0.239	0.333	0.243	0.411	0.78	0.269	0.238	0.292
1006	0	0.227	1.059	0.548	-0.253	-0.099	0.705	1.741	1.275	1.887	1.772	1.779	1.259	1.959	1.821	1.89	1.749	1.878	1.925	2.022	1.411	2.064	1.726	1.777	1.505	1.577	1.971	1.249	1.706	1.962	2.024	2.005	2.042	1.484	1.276	1.303	1.383	0.062	0.243	0.151	0.254	0.263	0.351	0.09	0.146	1.467	1.398	0.595	0.227	0.04	1.628	0.843	1.073	1.805	0.313	1.703	0.194	0.207	0.055	1.735	1.25	1.116	1.278	1.76	1.481	1.857	1.817	1.842	1.746	1.923	1.609	1.54	1.589	1.783	1.551	1.538	0.004	1.871	0.306	0.841	1.798	1.544	0.779	1.372	1.798	0.564	2.039	0.854	0.151	0.025	0.092	0.05	0.985	0.105	0.168	0.067
1007	0	0.147	0.851	0.522	0.455	0.202	0.511	0.818	0.554	0.724	0.745	0.798	0.224	1.021	0.938	0.977	1.073	0.942	1.068	0.982	1.028	1.007	0.898	0.886	0.715	0.943	1.028	0.823	0.941	1.063	1.048	1.005	1.018	0.874	0.956	0.763	0.911	0.593	0.874	0.978	0.755	0.771	0.95	0.769	0.801	0.971	0.913	0.79	0.211	0.37	1.035	0.795	0.357	0.94	0.506	0.748	0.662	0.753	-0.481	0.752	0.832	0.962	0.929	0.897	0.955	0.926	0.935	0.998	0.97	0.909	0.97	0.803	0.823	0.93	0.855	0.887	0.418	0.873	0.65	0.869	0.891	0.903	0.239	0.73	0.829	0.939	0.899	0.606	0.432	0.421	0.159	0.435	0.748	0.442	0.59	0.383
1008	0	0.06	1.174	0.527	-0.174	-0.105	0.432	1.932	0.905	2.043	1.886	2.012	1.265	1.908	1.812	2.045	1.986	2.074	2.027	2.105	1.877	2.195	1.765	1.961	1.108	1.304	1.869	0.698	1.861	1.779	2.183	2.122	2.189	1.281	1.273	1.017	0.895	0.088	0.092	1.836	0.302	0.138	0.587	0.223	0.277	1.078	1.172	0.808	-0.087	0.032	1.253	0.305	0.78	1.693	0.217	1.506	0.237	0.062	0.002	1.754	1.013	0.567	0.754	1.259	0.755	1.292	1.399	1.013	1.405	1.573	1.124	1.391	1.573	1.726	1.383	1.198	-0.059	1.587	0.104	0.402	1.769	1.042	0.548	1.148	1.944	1.891	1.685	0.709	-0.025	0.017	0.062	0.392	0.546	0.025	0.077	0.087
1018	0	0.358	0.938	0.692	0.142	0.154	0.667	1.397	0.886	1.839	1.503	1.383	1.106	1.762	1.531	1.711	1.627	1.77	1.657	1.663	0.942	1.708	1.288	1.369	0.982	1.137	1.483	0.898	1.58	1.537	1.858	1.768	1.779	0.984	1.113	1.285	0.949	0.148	0.312	2.255	0.498	0.421	0.526	0.344	0.412	1.177	1.087	0.231	0.063	0.174	1.148	0.471	0.93	1.417	0.359	1.265	0.313	0.426	0.22	1.056	0.801	0.608	1.138	1.281	1.104	1.291	1.285	1.293	0.949	1.441	1.296	1.052	1.243	1.606	1.311	1.249	0.259	1.54	0.474	0.611	1.62	0.827	0.61	0.733	1.669	2.097	1.28	0.467	0.168	0.33	0.233	0.103	1.146	0.166	0.256	0.155
1022	0	-0.001	0.741	0.233	0.276	0.204	0.391	0.804	0.494	1.209	0.941	1.066	0.65	1.019	0.761	0.991	0.792	0.984	0.967	0.876	0.699	1.018	1.05	0.927	0.899	0.658	1.044	0.889	0.975	0.901	1.124	1.073	0.983	0.532	0.524	0.155	0.885	0.092	0.042	1.243	0.105	0.116	0.331	-0.021	0.228	0.369	0.505	0.132	0.411	-0.04	0.347	0.227	0.112	0.951	0.052	0.822	0.046	0.334	0.017	0.942	0.702	0.519	0.327	0.634	0.551	0.595	0.825	0.704	0.913	0.905	0.771	0.707	0.831	0.849	0.67	0.622	0.006	0.827	0.224	0.167	0.777	0.287	0.079	0.377	1.275	1.557	1.063	0.536	0.669	0.197	0.493	0.146	0.401	-0.075	0.139	0.078
1023	0	0.31	0.904	0.594	-0.058	-0.218	0.935	0.997	0.955	1.034	1.049	0.976	1.051	1.31	1.285	1.278	1.257	1.248	1.244	1.26	1.244	1.213	1.212	1.117	1.082	1.183	0.937	1.139	1.289	1.28	1.373	1.321	1.183	1.259	1.28	1.035	1.043	1.348	1.376	1.372	1.271	0.253	1.321	1.322	0.835	1.22	1.205	0.188	1.068	0.114	1.167	1.272	0.831	1.214	0.48	1.072	1.288	1.226	0.381	0.999	0.998	1.295	0.741	1.266	1.347	1.322	1.279	1.34	1.38	1.295	1.297	1.072	1.103	1.075	1.087	0.967	1.181	0.973	0.2	0.994	1.162	1.134	0.887	0.432	0.883	1.188	1.183	1.089	0.503	-0.114	0.795	0.02	0.9	0.269	0.303	0.312
1024	0	0.074	0.557	0.344	-0.15	-0.175	-0.095	1.179	0.922	1.358	1.186	1.376	1.024	1.369	-0.041	1.212	1.319	1.287	1.28	1.221	1.012	1.379	1.083	1.259	1.129	0.96	1.277	1.063	1.29	1.375	1.358	1.391	1.458	0.771	0.656	0.652	0.677	0.059	0.065	1.438	0.123	0.243	0.26	0.169	0.062	0.779	0.673	0.315	-0.142	0.209	0.391	0.098	0.53	1.177	0.035	1.146	0.046	0.143	0.01	1.113	0.641	0.455	0.83	1.043	0.881	0.843	1.177	1.164	1.171	1.222	0.824	1.072	1.424	1.265	-0.061	0.734	-0.174	1.176	0.084	0.323	1.184	0.845	1.186	0.938	1.37	1.244	1.331	0.623	0.063	0.115	0.073	0.02	0.609	0.022	-0.064	0.044
1025	0	0.443	1.07	1.074	0.165	0.172	1.272	1.637	1.794	1.869	1.681	1.583	1.668	1.915	1.718	1.95	1.799	2.184	2.105	1.874	1.674	1.809	1.807	1.806	1.391	1.536	1.595	1.419	1.756	1.658	1.918	1.969	1.795	1.553	1.585	1.463	1.414	1.84	1.949	2.088	1.561	0.344	1.898	1.755	0.296	1.241	1.42	0.212	1.315	0.241	1.477	1.689	0.483	1.686	1.253	1.463	1.733	1.673	0.124	1.307	1.297	1.739	1.324	1.751	1.311	1.411	1.734	1.931	1.87	1.598	1.428	1.385	1.641	1.653	1.65	1.127	1.307	1.569	1.561	0.766	1.787	1.197	1.424	1.189	1.099	2.293	1.78	1.074	0.179	0.989	1.108	0.582	1.749	0.313	0.569	0.414
1027	0	0.047	1.325	0.761	0.015	-0.047	0.686	1.796	1.357	1.906	1.743	1.834	1.536	2.203	1.869	2.028	1.936	2.173	2.05	2.11	1.922	2.04	1.838	1.796	1.745	0.941	1.8	1.721	2.062	1.976	2.215	1.918	2.158	1.38	1.162	0.91	1.624	0.15	0.514	2.072	0.642	0.4	0.851	0.642	0.778	1.567	1.212	0.492	0.16	0.112	1.453	1.035	0.915	1.769	0.483	1.625	0.562	0.49	0.202	1.617	1.134	1.501	1.351	1.885	1.74	1.574	1.91	1.947	1.891	2.09	1.629	1.718	1.894	1.898	1.431	1.538	0.264	1.782	0.598	0.871	1.909	1.261	1.278	1.554	2.171	2.131	1.989	1.133	0.282	0.157	0.362	0.26	1.408	0.155	0.422	0.368
1031	0	0.079	1.757	1.365	0.071	0.06	0.842	1.468	0.991	1.594	1.371	1.78	2.321	1.574	2.265	2.469	1.52	1.564	1.489	1.642	1.085	1.877	1.532	1.504	0.903	0.865	1.344	0.99	1.381	1.559	1.726	1.781	1.669	1.023	1.185	0.819	1.793	0.277	0.158	1.879	0.34	0.271	0.292	0.389	0.276	0.93	1.066	0.69	0.386	0.799	0.728	0.335	0.661	1.395	0.167	1.199	0.285	0.31	0.158	1.343	1.879	0.674	1.068	2.015	1.024	1.301	1.306	1.316	1.277	2.74	1.174	1.133	1.446	1.444	1.569	1.391	1.64	1.656	0.282	0.605	1.341	0.974	0.793	1.045	2.256	2.095	1.554	0.678	1.418	0.371	0.509	0.099	0.496	0.114	0.085	0.024
1035	0	-0.021	0.558	0.07	-0.527	-0.598	0.159	1.112	0.543	1.13	1.092	1.042	0.49	1.264	0.993	0.962	1.221	1.257	1.196	1.269	0.962	1.326	1.048	1.072	0.414	0.78	1.075	0.556	1.207	1.178	1.161	0.996	1.175	0.632	0.642	0.637	0.724	0.102	0.38	1.209	-0.098	-0.186	-0.187	-0.231	-0.3	0.708	0.649	0.313	-0.128	-0.063	0.917	-0.014	0.634	1.057	-0.168	0.82	-0.382	-0.304	-0.675	0.885	0.518	0.332	0.773	0.797	0.737	0.705	0.783	0.904	0.749	1.048	0.759	0.716	0.856	0.935	0.942	0.676	-0.218	0.511	-0.309	0.123	0.823	0.383	0.294	0.434	1.007	0.971	1.144	0.058	-0.225	-0.317	-0.466	-0.203	0.583	-0.537	-0.33	-0.481
1106	0	0.379	1.037	0.542	0.223	0.097	0.684	1.646	0.599	1.961	1.664	1.747	1.121	1.826	1.668	1.944	2.089	1.866	1.803	1.763	1.383	1.969	1.545	1.736	1.432	1.147	1.582	0.793	1.651	1.701	1.826	1.862	1.913	1.263	1.57	0.88	1.212	0.27	0.279	1.722	0.471	0.254	0.432	0.218	0.411	1.174	1.263	0.12	0.193	0.213	0.794	0.41	0.656	1.631	0.198	1.345	0.201	0.492	0.272	1.633	1.091	0.828	0.879	1.219	1.259	1.43	1.579	1.472	1.527	1.679	1.399	1.316	1.673	1.751	1.321	1.205	0.297	1.422	0.299	0.773	1.52	1.01	0.349	1.084	2.026	2.124	1.62	0.695	0.187	0.244	0.292	0.128	1.197	0.247	0.191	0.187
1107	0	0.048	0.996	0.635	-0.227	-0.17	0.649	1.253	0.859	1.468	1.332	1.308	1.122	1.511	1.536	1.588	1.535	1.625	1.564	1.689	1.459	1.629	1.033	1.321	0.508	1.36	1.111	0.158	1.383	1.077	1.587	1.394	1.441	0.83	0.975	0.788	0.834	-0.021	0.379	1.625	0.322	0.239	0.493	0.23	0.235	1.051	1.036	0.378	0.067	0.092	1.16	0.474	0.996	1.62	0.244	1.461	0.401	0.241	-0.235	1.328	1.034	1.147	1.285	1.551	1.393	1.313	1.535	1.561	1.634	1.527	1.325	1.162	1.126	1.389	1.316	1.361	0.093	1.458	0.293	0.596	1.462	1.206	0.732	0.868	1.311	1.873	1.767	0.593	0.06	0.014	-0.02	0.098	0.817	-0.097	0.133	0.128
1146	0	0.704	1.092	1.083	0.285	-0.019	1.035	1.394	1.409	1.32	1.381	1.372	1.468	1.628	1.748	1.724	1.589	1.702	1.713	1.729	1.728	1.576	1.521	1.436	1.51	1.432	1.588	1.269	1.636	1.549	1.701	1.646	1.659	1.592	1.583	1.314	1.438	1.667	1.652	1.527	1.622	0.518	1.757	1.649	0.781	1.542	1.414	0.592	1.434	1.02	1.654	1.609	1.458	1.315	1.504	1.45	1.574	1.632	0.352	1.256	1.257	1.669	1.331	1.624	1.601	1.637	1.626	1.674	1.685	1.601	1.623	1.267	1.317	1.408	1.18	1.334	1.423	1.458	1.467	1.109	1.502	1.454	1.076	1.072	1.218	1.557	1.458	1.061	0.513	0.604	1.016	0.71	1.387	0.117	1.048	0.367
1157	0	0.334	0.973	0.602	-0.024	0.605	1.385	1.797	0.902	1.855	1.469	1.695	0.85	1.767	1.435	1.989	1.591	2.059	1.572	1.709	1.181	1.988	1.526	1.525	0.357	1.087	1.858	0.222	1.459	1.725	1.707	1.789	1.82	1.054	0.988	1.193	0.724	0.117	0.292	1.959	0.466	0.124	0.133	0.447	0.251	1.449	1.063	0.63	0.197	0.033	0.933	0.158	0.538	1.359	0.209	1.306	0.688	1.122	0.157	1.495	1.01	0.759	1.102	1.638	0.747	1.474	2.302	1.931	1.694	1.659	1.042	1.292	1.602	1.684	1.416	1.178	1.524	2.364	2.309	1.344	1.92	0.72	1.234	0.873	2.054	2.148	1.761	0.896	0.371	0.511	1.898	1.575	1.161	1.924	0.181	0.035
1158	0	0.239	1.044	0.828	-0.229	-0.078	0.173	1.724	1.567	1.867	1.699	1.689	1.398	1.936	1.826	1.969	1.977	1.983	1.75	1.925	1.842	2	1.891	1.838	1.741	1.55	1.905	1.738	1.936	1.987	1.914	2.027	1.984	1.67	1.807	1.682	1.474	0.232	0.446	2.035	0.56	0.367	0.844	0.279	0.59	1.774	1.875	1.352	0.053	0.163	1.411	0.664	1.32	1.909	0.201	1.788	0.371	0.386	0.126	1.726	1.354	1.138	1.607	1.778	1.77	1.684	1.869	1.84	1.777	1.881	1.844	1.681	1.682	1.781	0.089	1.633	0.017	1.828	0.283	1.006	1.823	1.601	1.619	1.322	1.777	1.847	1.847	1.321	0.169	0.099	0.138	0.218	1.408	0.197	0.434	0.309
1161	0	0.17	1.229	0.67	0.035	-0.018	0.397	1.633	0.996	1.921	1.52	1.731	1.398	1.796	1.779	1.81	1.935	1.911	1.966	1.769	1.602	1.908	1.124	1.844	1.101	1.238	1.738	0.73	1.859	1.72	1.912	1.973	1.862	1.456	1.313	1.289	1.156	0.28	0.202	2.233	0.225	0.258	0.548	0.219	0.245	1.246	1.206	0.802	0.107	0.005	1.077	0.215	1.258	1.77	0.326	1.194	0.112	0.071	-0.024	1.598	1.159	0.746	1.336	1.509	1.185	1.526	1.471	1.394	1.712	1.22	1.357	1.451	1.617	1.609	1.554	1.14	0.124	1.788	0.154	1.037	1.743	1.164	1.262	1.328	2.057	2.223	2.075	0.903	0.376	0.13	0.099	0.065	1.508	0.139	0.072	0.091
1162	0	0.072	1.107	0.602	-0.125	-0.184	0.766	1.598	1.048	1.712	1.604	1.694	1.265	1.864	1.703	1.939	1.675	1.856	1.874	1.757	1.421	1.847	1.694	1.661	1.473	1.281	1.482	1.267	1.753	1.715	1.822	1.768	1.853	0.893	1.233	0.868	1.152	0.131	0.035	2.03	0.276	0.16	0.387	0.28	0.472	1.414	1.392	1.012	-0.014	0.066	1.365	1.23	0.991	1.776	0.144	1.697	0.237	0.157	-0.065	1.466	0.959	1.365	1.201	1.602	1.534	1.637	1.636	1.636	1.224	1.787	1.414	1.392	1.74	1.754	1.356	1.515	-0.125	1.73	0.202	0.776	1.797	1.292	1.088	1.041	1.814	1.925	1.955	0.992	0.118	-0.006	-0.033	0.114	1.356	0.008	0.103	0.076
1163	0	0.179	1.05	0.629	-0.168	-0.135	0.832	1.606	1.443	1.83	1.667	1.652	1.388	1.923	1.789	1.807	1.796	1.88	1.727	1.944	1.784	1.802	1.737	1.651	1.38	1.4	1.748	1.642	1.855	1.654	2.009	1.852	1.843	1.448	1.245	1.163	1.413	-0.041	0.425	1.816	0.412	0.294	0.635	0.298	0.577	1.374	1.535	0.463	0.281	0.123	1.447	1.128	1.396	1.829	0.621	1.697	0.33	0.458	0.015	1.562	1.137	1.291	1.189	1.556	1.54	1.433	1.741	1.839	1.76	1.818	1.677	1.77	1.847	1.806	1.518	1.412	0.175	1.77	0.34	1.27	1.86	1.436	1.363	1.427	1.885	1.892	1.882	0.919	0.214	0.168	0.481	0.402	1.362	0.191	0.159	0.267
1170	0	0.101	0.915	0.389	-0.081	0.129	0.111	1.233	0.574	1.614	1.452	1.548	0.848	1.609	1.062	1.399	1.205	1.671	1.418	1.516	0.851	1.467	1.293	1.436	0.837	0.827	1.591	0.787	1.423	1.56	1.602	1.591	1.592	0.48	0.736	0.878	0.947	0.028	0.133	1.812	0.275	0.207	0.418	0.2	0.17	1.127	0.939	0.618	0.016	0.162	0.807	0.323	0.758	1.209	0.09	0.88	0.194	0.201	-0.026	1.363	0.831	0.427	0.808	1	0.816	1.171	1.071	0.79	0.915	1.027	0.886	0.943	0.67	1.006	0.9	0.604	-0.009	1.238	0.171	0.36	1.154	0.625	0.109	0.189	0.937	1.664	1.088	0.383	0.121	0.177	0.114	0.27	0.61	0.097	0.081	0.05
1171	0	0.152	1.04	0.638	-0.137	-0.132	0.536	1.341	0.627	1.582	1.297	1.32	1.036	1.699	1.407	1.553	1.462	1.611	1.407	1.628	1.301	1.594	0.873	1.3	0.513	1.338	1.574	0.481	1.366	1.2	1.458	1.575	1.481	1.015	1.098	1.061	1.332	0.119	0.271	1.841	0.286	0.162	0.266	0.368	0.198	1.21	1.028	0.608	0.08	-0.015	1.131	0.466	0.629	1.507	0.311	1.323	0.225	0.152	0.057	1.27	0.883	1.072	1.15	1.214	1.021	1.1	1.047	1.14	1.28	1.225	1.257	1.023	1.344	1.552	1.101	1.235	-0.031	1.288	0.137	0.39	1.224	1.12	0.39	0.791	1.104	1.806	1.413	0.395	0.258	-0.126	0.208	0.207	0.444	-0.12	0.138	0.132
1180	0	-0.081	1.442	1.133	0.719	0.511	1.206	1.271	1.452	1.442	1.444	1.391	1.429	1.34	1.519	1.67	1.679	1.263	1.728	1.732	1.621	1.605	1.52	1.493	1.269	1.51	1.698	1.179	1.619	1.571	1.662	1.627	1.571	1.509	1.591	1.371	1.348	1.633	1.851	1.604	1.478	0.885	1.615	1.579	0.821	1.571	1.542	0.124	1.342	0.218	1.695	1.64	1.499	1.563	1.59	1.583	1.614	1.664	0.758	1.273	1.227	1.594	1.445	1.609	1.624	1.669	1.619	1.631	1.566	1.59	1.548	1.355	1.313	1.485	1.476	1.027	1.457	0.941	1.406	1.281	1.583	1.442	1.338	1.191	1.404	1.576	1.56	1.498	0.819	0.969	1.507	1.107	1.625	0.745	1.159	1.024
1183	0	0.271	1.253	0.764	-0.051	-0.196	1.003	1.725	1.139	1.711	1.618	1.687	1.09	1.861	1.635	1.812	1.668	1.846	1.263	1.898	1.772	1.878	1.681	1.688	1.328	1.573	1.749	1.116	1.645	1.69	1.952	1.936	1.964	1.346	1.571	1.027	0.439	-0.563	0.468	1.592	0.011	-0.079	0.233	0.417	0.607	1.326	1.471	-0.232	0.046	0.196	1.23	0.501	1.152	1.769	0.366	1.684	0.323	0.486	-0.159	1.647	1.223	0.723	1.129	1.533	1.162	1.597	0.13	1.539	1.36	1.708	1.492	1.583	1.6	1.753	1.621	1.479	0.187	1.816	0.346	0.691	1.716	1.222	1.279	1.331	1.956	1.875	1.963	1.452	0.096	0.452	0.27	0.532	1.171	0.398	0.343	0.302
1184	0	0.122	1.15	0.606	-0.103	-0.135	0.527	1.638	1.251	1.745	1.603	1.53	1.247	1.817	1.667	1.779	1.604	1.783	1.778	1.878	1.428	1.851	1.5	1.583	1.379	0.748	1.672	1.436	1.63	1.749	1.559	1.896	1.858	1.309	1.749	1.319	1.337	-0.026	0.373	1.941	0.238	0.1	0.505	0.209	0.576	1.291	1.375	0.172	0.174	0.019	1.177	0.319	1.135	1.623	0.158	1.486	0.168	0.378	0.108	1.496	1.002	0.928	1.18	1.381	1.264	1.481	1.659	1.673	1.173	1.752	1.511	1.45	1.704	1.574	1.571	1.526	-0.041	1.637	0.099	1.047	1.731	1.321	0.814	1.211	1.599	1.662	1.533	0.987	0.091	0.023	0.093	0.1	1.289	-0.138	0.082	0.075
1186	0	-0.073	0.967	0.288	0.133	-0.024	0.06	2.087	1.245	1.831	1.655	1.834	1.01	1.947	1.714	1.95	1.606	2.035	1.657	1.965	1.288	1.999	1.943	1.808	1.4	1.168	1.934	1.124	1.903	1.967	2.047	1.985	1.884	1.245	1.415	0.961	1.208	0.288	0.211	2.2	0.189	0.243	0.306	0.135	0.29	1.157	1.295	0.728	-0.007	0.106	1.205	0.278	0.918	1.692	0.271	1.557	0.178	0.365	0.169	1.658	1.064	0.62	1.15	1.262	1.262	1.597	1.582	1.486	1.523	1.698	1.557	1.484	1.453	1.812	1.352	1.577	0.219	1.685	0.24	0.639	1.763	1.235	0.883	1.219	2.025	2.03	1.706	1.035	0.113	0.119	0.134	0.147	1.283	0.22	0.095	0.064
1187	0	0.064	1.051	0.668	-0.104	-0.026	0.252	1.446	0.86	1.782	1.566	1.505	1.003	1.733	1.497	1.518	1.515	1.847	1.609	1.829	1.302	1.813	1.526	1.58	0.992	1.258	1.523	0.135	1.549	1.665	1.758	1.741	1.687	1.113	0.953	0.915	0.953	0.211	0.15	1.991	0.259	0.244	0.327	0.215	0.169	1.209	0.935	0.012	-0.117	0.1	1.067	0.246	1.042	1.468	0.074	1.485	0.199	0.103	-0.05	1.385	0.895	0.925	1.048	1.067	1.118	1.165	1.19	1.38	1.384	1.413	1.058	1.16	1.355	1.379	1.23	1.195	0.01	1.452	0.183	0.647	1.487	0.971	0.873	0.784	1.488	1.867	1.683	0.749	-0.055	0.048	0.122	0.152	0.88	0.131	-0.059	-0.002
1191	0	0.192	1.165	0.651	0.121	0.249	1.254	1.191	1.238	1.319	1.137	1.122	1.345	1.615	1.377	1.563	1.62	1.595	1.565	1.527	1.58	1.449	1.536	1.404	1.035	1.229	1.397	1.142	1.457	1.386	1.478	1.501	1.452	1.372	1.471	1.215	1.182	1.593	1.614	1.459	1.272	0.443	1.508	1.536	0.902	1.446	1.473	0.427	1.304	0.232	1.261	1.478	1.194	1.395	1.353	1.43	1.566	1.441	0.217	1.123	1	1.551	1.265	1.448	1.629	1.487	1.503	1.571	1.588	1.453	1.366	1.131	1.115	1.384	1.434	1.104	1.25	1.29	1.187	1.166	1.36	1.177	1.207	1.154	0.953	1.377	1.356	1.055	0.651	0.887	0.784	1.158	1.309	0.542	1.007	0.706
1195	0	0.013	0.845	0.526	-0.191	-0.369	0.569	1.104	0.78	1.311	1.178	1.086	1.089	1.288	1.457	1.304	1.363	1.397	1.313	1.407	1.38	1.384	0.984	1.171	0.978	1.037	1.051	0.412	1.291	1.266	1.296	1.376	1.321	1.024	1.181	1.086	0.893	-0.033	0.129	1.4	0.373	0.072	0.465	0.021	0.008	1.191	1.213	0.163	0	-0.052	1.025	0.385	0.956	1.34	0.13	1.132	0.23	0.229	-0.376	1.144	0.836	1.129	1.145	1.321	1.269	1.381	1.422	1.358	1.251	1.393	1.2	1.164	1.283	1.238	1.331	1.212	0.37	1.264	0.117	0.804	1.394	1.138	0.876	0.978	1.27	1.256	1.124	0.595	0.06	0.215	0.181	0.209	1.061	0.055	0.098	0.029
1198	0	0.188	0.921	0.635	-0.072	-0.146	0.47	1.042	0.672	1.372	1.188	1.168	0.866	1.464	1.47	1.412	1.211	1.418	1.435	1.407	1.113	1.481	1.266	1.108	0.357	1.02	1.364	0.598	1.399	1.425	1.575	1.575	1.517	1.114	1.187	0.534	1.109	0.295	0.64	1.86	0.245	0.486	0.325	0.304	0.289	1.091	1.198	0.751	-0.128	0.029	0.875	0.436	0.871	1.376	-0.038	1.319	0.137	0.192	0.023	1.059	0.775	0.736	0.231	1.094	1.077	0.986	1.186	1.152	0.992	1.444	1.382	1.224	1.199	1.401	1.197	1.147	0.043	1.304	0.194	0.463	1.392	0.992	0.386	0.895	1.436	1.831	1.243	0.401	0.214	0.009	-0.053	0.281	0.708	-0.062	0.139	0.267
1199	0	0.162	0.915	0.593	0.222	0.205	1.019	1.21	1.285	1.272	1.215	1.164	1.173	1.353	1.263	1.377	1.393	1.39	1.374	1.4	1.388	1.334	1.351	1.235	1.174	1.312	1.309	1.166	1.432	1.334	1.478	1.44	1.348	1.397	1.285	1.166	1.183	1.455	1.503	1.405	1.383	0.306	1.462	1.427	0.259	1.296	1.273	0.27	1.062	0.039	1.301	1.358	0.755	1.268	1.219	1.282	1.384	1.35	0.161	1.096	1.001	1.377	1.265	1.345	1.279	1.337	1.436	1.46	1.491	1.405	1.33	1.145	1.169	1.256	1.267	1.154	1.158	1.164	1.241	0.951	1.357	1.155	1.059	0.797	0.912	1.293	1.329	0.967	0.273	0.457	0.892	0.517	1.125	0.201	0.785	0.195
1200	0	-0.044	0.377	0.404	0.278	-0.161	0.007	1.486	0.662	1.544	1.229	1.285	0.852	1.656	1.53	1.638	1.411	1.555	1.64	1.616	1.022	1.697	1.469	1.338	0.992	0.976	1.512	1.158	1.417	1.409	1.659	1.663	1.655	0.716	0.663	0.818	0.891	0.116	0.102	1.534	0.405	0.232	0.324	0.167	0.34	0.858	0.84	0.393	-0.087	0.189	0.996	0.286	0.193	1.172	0.149	1.116	0.163	0.241	-0.107	1.251	0.701	0.524	0.696	1.053	0.687	0.99	1.028	1.013	0.803	1.333	0.707	0.679	0.618	1.093	1.003	0.677	0.088	1.21	0.045	0.241	1.157	0.462	0.209	0.118	1.686	1.692	1.192	0.356	0.049	0.02	-0.184	0.027	0.743	0.169	-0.082	-0.059
1202	0	0.074	0.639	0.47	-0.047	-0.041	0.438	0.15	0.764	1.284	1.102	1.203	0.823	1.26	1.061	1.233	0.964	1.151	1.116	1.225	0.937	1.274	1.059	1.13	0.858	0.78	1.097	0.765	1.194	1.108	1.274	0.992	1.282	0.608	0.915	0.631	0.91	-0.021	0.248	1.955	0.227	0.156	0.417	-0.289	0.235	0.808	0.642	0.332	-0.164	0.017	0.518	0.187	0.358	1.059	0.095	0.408	0.13	0.091	-0.061	1.055	0.647	0.344	0.82	0.86	0.732	0.818	0.805	1.011	0.935	1.122	0.89	0.874	1.121	1.029	1.036	0.838	0.031	0.972	0.088	0.579	1.296	0.824	0.939	0.794	1.589	1.891	1.251	0.595	0.248	0.081	0.081	0.281	0.723	-0.022	0.178	0.112
1203	0	0.168	0.926	0.52	-0.149	-0.231	0.39	1.356	0.558	1.574	1.43	1.32	0.947	1.594	1.541	1.586	1.577	1.518	1.591	1.632	1.323	1.63	1.515	1.511	1.258	1.095	1.401	0.825	1.536	1.492	1.514	1.447	1.583	0.908	0.8	1.067	1.035	0.05	0.248	1.84	0.246	0.042	0.331	-0.031	0.092	0.817	0.931	0.647	0.103	0.039	0.688	0.397	0.905	1.306	0.007	0.58	0.001	-0.041	-0.225	1.218	0.932	0.885	1.048	1.321	0.992	1.142	1.162	1.282	1.11	1.528	1.151	1.118	1.229	1.511	1.265	1.06	0.085	1.363	0.001	0.635	1.471	0.979	0.921	1.012	1.383	1.469	1.562	0.633	0.139	0.174	0.188	0.092	0.955	-0.17	0.035	0.314
1204	0	0.226	0.775	0.453	0.055	0.049	0.641	1.064	0.95	1.373	1.074	1.072	0.8	1.056	1.193	1.299	1.249	1.236	1.194	1.278	0.966	1.281	1.186	1.091	0.858	0.784	1.186	0.544	1.263	1.146	1.163	1.141	1.217	0.644	0.897	0.526	0.674	0.153	0.319	1.69	0.307	0.206	0.384	0.118	0.171	0.693	0.893	0.229	0.155	0.161	0.555	0.409	0.707	1.088	0.187	0.609	0.257	0.216	0.196	1.056	0.694	0.498	0.758	0.871	0.646	0.742	0.793	0.871	0.862	1.075	0.811	0.588	0.91	0.818	0.949	0.771	0.149	1.051	0.213	0.355	1.039	0.727	0.769	0.347	1.252	1.633	0.829	0.503	0.138	0.136	0.115	0.085	0.448	-0.001	0	-0.013
1205	0	0.107	0.889	0.543	-0.008	0.152	0.502	1.235	0.763	1.262	1.281	1.3	0.983	1.57	1.556	1.621	1.417	1.681	1.687	1.57	0.933	1.171	1.334	1.24	0.686	1.226	1.444	0.558	1.36	1.599	1.654	1.587	1.596	1.043	1.237	0.711	0.947	-0.27	0.05	2.327	0.353	0.476	0.285	0.255	0.375	0.261	1.208	-0.11	0.138	0.27	1.232	0.449	0.601	1.588	0.358	1.375	0.349	0.122	0.115	0.951	1.09	0.747	0.407	1.339	1.053	1.238	1.551	1.347	1.353	1.295	1.177	1.113	1.356	1.399	1.437	1.303	0.197	1.516	0.327	0.784	1.587	1.026	0.968	0.929	1.797	1.686	1.432	0.725	0.18	0.219	0.13	0.133	0.706	0.087	0.147	0.126
1206	0	0.636	0.962	-0.104	-0.48	-0.498	0.315	1.032	0.366	1.407	0.914	1.504	1.327	1.497	1.375	1.396	1.115	1.468	1.073	1.395	0.713	1.608	1.116	1.354	0.822	1.941	1.395	0.668	1.263	1.239	1.483	1.464	1.483	0.385	0.978	0.803	0.9	-0.212	-0.194	1.804	0.065	-0.175	0.219	0.058	-0.124	0.711	0.707	0.365	-0.343	-0.118	0.699	-0.026	0.364	1.168	0.001	1.256	-0.161	0.014	-0.117	1.311	0.774	0.506	0.653	0.626	1.027	0.926	1.143	1.092	1.293	1.417	0.918	0.847	1.783	1.163	1.124	1.024	-0.338	0.984	-0.395	0.409	1.378	0.95	0.212	0.964	1.774	1.752	1.493	0.436	-0.304	-0.194	0.01	-0.065	0.771	-0.133	-0.072	-0.31
1208	0	0.154	0.927	0.549	0.026	0.076	0.579	1.145	0.862	1.367	1.187	1.148	1.034	1.339	1.235	1.291	1.316	1.42	1.421	1.343	1.185	1.413	1.301	1.137	0.967	1.09	1.383	0.93	1.295	1.452	1.482	1.466	1.506	0.995	1.084	0.758	1.122	0.301	0.266	2.257	0.376	0.541	0.572	0.387	0.623	1.072	0.937	0.451	0.172	0.099	0.883	0.619	0.827	1.567	0.105	1.178	0.344	0.257	0.109	1.34	0.683	0.251	0.064	0.934	1.022	0.967	0.697	1.243	1.413	1.385	1.108	1.168	1.284	1.335	1.189	1.189	0.274	1.441	0.41	0.69	1.394	1.089	0.782	1.023	1.911	1.935	1.066	0.642	0.309	0.22	0.236	0.252	1.181	0.152	0.192	0.196
1210	0	-0.235	0.265	0.052	-0.5	-0.678	0.507	1.136	0.813	1.275	1.142	1.14	0.603	1.38	1.184	1.334	1.342	0.884	1.163	1.364	1.081	1.308	1.144	1.062	0.888	1.109	1.033	0.157	1.229	-0.019	1.266	1.388	1.243	0.528	0.843	0.612	0.653	-0.169	0.063	1.146	-0.199	-0.569	0.127	-0.282	-0.135	0.417	0.913	0.33	-0.422	-0.347	0.363	-0.25	0.625	0.906	-0.413	0.612	-0.326	-0.164	-0.643	0.904	0.44	0.469	0.584	0.793	0.786	0.789	0.938	1.267	0.675	0.956	0.762	0.949	0.984	1.125	0.967	0.701	-0.296	0.972	-0.265	0.455	1.098	0.542	0.866	0.68	1.131	1.072	0.966	-0.027	-0.624	-0.424	-0.236	-0.514	0.227	-0.572	-0.296	-0.45
1211	0	0.108	0.724	0.37	-0.098	-0.077	0.179	0.787	0.524	1.055	0.841	0.979	0.716	1.13	0.814	1	0.852	0.971	0.911	0.946	0.779	1.068	0.772	0.944	0.587	0.62	0.984	0.5	0.834	0.858	0.943	1.079	1.069	0.183	0.554	0.228	0.697	0.121	0.227	1.9	0.24	0.143	0.223	0.172	0.219	0.656	0.654	0.242	0.005	0.18	0.811	0.305	0.307	0.799	-0.057	0.633	0.308	0.23	-0.046	1	0.837	0.348	0.578	0.791	0.384	0.531	0.533	0.514	1.294	0.73	0.502	0.472	0.573	0.87	0.748	0.472	0.029	0.841	0.151	0.375	0.926	0.444	0.431	0.284	0.676	1.323	0.807	0.233	0.164	0.014	0.087	0.18	0.402	-0.002	0.111	0.065
1212	0	0.116	0.657	0.458	0.076	-0.216	0.417	1.202	0.477	1.191	1.169	1.272	0.713	1.425	1.223	1.339	1.356	1.345	1.189	1.254	1.299	1.34	1.12	1.329	1.001	1.111	1.418	0.855	1.269	1.588	1.66	1.56	1.223	0.942	0.986	0.807	0.833	0.359	0.391	1.508	0.351	0.575	0.56	0.351	0.273	0.919	1.158	0.418	0.124	-0.045	0.856	0.579	0.862	1.386	0.535	0.968	0.506	0.615	0.127	1.103	0.725	0.952	1.023	1.1	0.875	1.128	1.237	1.387	1.594	1.523	1.208	0.913	0.975	1.349	1.321	0.627	0.348	1.317	0.415	0.646	1.333	1.04	0.222	0.78	1.313	1.482	1.298	0.422	0.064	0.118	0.226	0.37	0.808	-0.005	0.347	0.247
1214	0	0.209	0.935	0.565	-0.078	0.015	0.469	1.328	0.74	1.329	1.293	1.188	1.028	1.496	1.297	1.453	1.596	1.497	1.403	1.46	1.508	1.428	1.347	1.294	1.086	1.549	1.33	1.279	1.388	1.485	1.516	1.523	1.526	1.002	0.881	0.84	0.881	0.228	0.126	1.669	0.229	0.161	0.39	0.282	0.336	0.93	0.854	0.552	-0.142	0.292	0.931	0.493	0.417	1.249	0.088	1.09	0.229	0.236	-0.208	1.01	0.983	1.53	0.064	1.171	1.023	0.908	1.156	1.186	1.078	1.221	0.857	0.827	1.478	1.443	1.214	1.061	-0.131	1.258	0.182	0.667	1.299	0.885	1.052	0.848	1.655	1.616	1.505	0.686	-0.04	0.243	0.033	0.218	1.126	-0.055	1.001	0.136
1215	0	0.103	0.747	0.399	-0.151	-0.211	0.044	1.208	0.53	1.409	1.379	1.365	0.928	1.8	1.176	1.356	1.397	1.406	1.301	1.549	1.34	1.67	1.48	1.34	0.305	1.298	1.294	0.73	1.611	1.143	1.308	1.42	1.547	0.746	1.227	0.622	0.738	0.248	0.123	1.734	0.21	-0.007	0.218	0.329	0.228	0.92	0.931	0.129	0.082	-0.007	1.286	0.141	0.629	1.013	-0.066	0.906	-0.148	-0.058	-0.254	1.071	1.02	0.084	0.832	0.916	0.862	1.114	1.129	0.408	1.125	0.999	1.018	0.946	1.193	1.353	1.153	1.117	0.187	1.391	0.187	0.439	1.564	0.949	0.62	0.827	1.707	1.856	1.274	0.615	0.216	0.262	0.241	0.073	0.997	0.097	0.197	0.254
1220	0	0.088	0.6	0.581	0.138	0.002	0.306	0.806	0.055	1.266	1.001	1.198	0.056	1.643	0.946	0.98	1.25	0.969	1.072	1.018	0.038	1.035	0.763	0.981	0.371	0.572	0.955	0.091	0.829	0.965	1.128	0.896	1.164	0.152	0.355	0.45	0.525	0.246	0.569	1.58	0.24	0.077	0.065	0.25	0.032	0.401	0.017	0.057	0.025	0.09	0.543	0.187	0.145	0.863	0.028	0.722	0.305	0.066	-0.099	1.058	0.768	0.305	0.55	2.24	1.16	1.007	0.711	0.72	0.659	-0.121	0.061	0.769	0.703	1.139	0.535	1.124	0.24	1.572	0.272	0.177	1.249	0.704	0.159	0.592	1.15	1.477	1.434	0.944	0.073	0.444	0.204	0.346	0.717	0.124	-0.023	0.051
1221	0	0.21	0.856	0.417	-0.059	0.369	0.239	1.147	0.667	1.417	0.872	1.122	0.887	1.32	1.316	1.286	1.266	1.611	1.121	0.814	0.282	1.382	0.543	1.159	0.82	0.921	1.331	0.569	0.728	1.302	0.894	1.333	0.985	0.613	0.661	0.8	1.054	0.102	0.153	1.943	0.189	0.282	0.135	-0.014	-0.156	0.844	0.965	0.108	-0.182	0.049	0.76	0.27	0.274	1.386	-0.072	0.227	0.029	-0.02	0.007	1.159	0.772	0.599	0.58	0.638	0.57	0.675	0.042	0.706	0.465	0.64	0.842	0.732	0.599	0.984	0.922	0.502	0.053	1.194	0.194	0.159	1.157	0.292	0.556	0.388	1.941	1.862	1.254	0.412	0.128	0.246	0.23	0.24	0.818	0.155	0.17	0.159
1222	0	0.143	0.751	0.384	-0.133	-0.047	0.246	1.004	0.596	1.399	1.166	1.005	0.953	1.327	1.247	1.228	1.223	1.228	1.206	1.316	1.138	1.406	1.27	1.035	1.27	0.736	0.727	0.171	1.088	1.214	1.285	1.269	1.332	0.761	0.834	0.96	0.723	-0.094	-0.302	1.119	0.375	0.175	0.245	0.24	0.256	0.903	0.926	0.542	-0.131	-0.277	0.816	0.187	0.314	1.341	0.157	0.757	0.295	0.111	-0.095	1.059	0.877	0.324	0.669	0.835	0.683	1.024	1.065	1.031	1.165	1.147	1.001	0.882	1.2	1.123	0.957	0.857	0.177	1.15	0.116	0.288	1.254	0.759	0.725	0.693	1.632	1.684	1.296	0.442	0.279	0.155	0.204	0.245	0.813	0.069	0.176	0.064
1225	0	0.033	0.674	0.327	0.018	-0.025	0.236	1.113	0.401	1.287	1.071	1.006	0.685	1.22	1.2	1.151	1.233	1.387	1.181	1.333	1.102	1.254	1.595	0.968	1.085	1.239	1.417	0.84	1.135	1.269	1.346	1.008	1.674	1.073	1.234	0.538	1.07	0.142	0.265	1.478	0.314	0.214	-0.002	0.13	0.15	1.42	0.457	0.398	-0.188	0.026	0.882	0.387	0.588	0.978	0.108	0.922	0.291	0.261	0.152	0.717	0.672	0.609	0.881	0.951	0.854	0.882	0.939	0.998	0.961	1.204	0.729	0.206	0.648	1.05	1.044	0.657	0.108	1.018	0.264	0.376	1.273	0.498	0.259	0.432	1.232	1.903	1.4	0.439	0.205	0.145	0.177	0.289	0.8	0.115	0.108	0.083
1227	0	0.066	0.82	0.393	0.064	0.016	0.117	1.099	0.627	1.353	1.112	1.092	0.922	1.327	1.214	1.245	1.393	1.263	1.272	1.419	1.015	1.286	1.02	1.083	0.592	0.912	1.152	0.338	1.198	1.076	1.431	1.326	1.396	0.309	0.831	0.814	1.142	0.269	0.269	2.043	0.096	0.326	0.478	0.338	0.371	1.01	0.802	0.55	0.024	0.21	0.949	0.211	0.571	1.086	0.358	0.926	0.336	0.367	0.135	1.038	0.459	0.059	0.505	0.873	0.178	0.902	0.909	0.755	0.95	1.09	0.044	0.22	0.522	0.924	1.05	0.796	0.241	0.985	0.288	0.38	1.158	0.614	0.357	0.156	1.353	1.667	1.06	0.475	0.138	0.081	0.077	0.159	0.531	0.079	0.105	0.12
1232	0	0.174	0.84	0.409	-0.217	0.034	0.323	1.273	0.569	1.503	1.371	1.439	1.087	1.447	1.296	1.124	1.41	1.313	1.422	1.576	1.515	1.715	1.441	1.191	0.884	1.253	1.018	0.075	1.302	1.395	1.368	1.549	1.529	1.122	0.612	0.73	0.714	-0.272	-0.457	0.967	0.367	0.229	0.484	0.32	0.367	1.174	1.017	0.596	0.036	-0.376	0.294	-0.173	0.718	1.305	0.273	0.917	0.259	-0.102	-0.112	1.084	0.489	0.595	0.741	0.03	0.775	1.202	1.136	1.001	1.05	1.208	0.257	1.035	1.314	1.385	1.533	1.048	0.226	1.49	0.23	0.525	1.55	1.122	0.716	0.842	1.958	1.871	1.633	0.761	0.345	0.222	0.121	0.369	1.16	0.216	0.18	0.082
1235	0	0.061	0.94	0.552	-0.003	-0.002	0.355	1.536	0.783	1.877	1.677	1.719	1.41	1.711	1.757	1.601	1.772	1.638	1.794	1.813	1.482	1.874	0.96	1.306	1.389	1.009	1.261	0.069	1.696	1.698	1.235	1.649	1.62	0.897	1.518	0.631	0.556	0.101	0.311	1.472	0.149	-0.021	0.092	0.461	-0.138	1.098	1.495	0.222	0.033	-0.168	0.086	-0.006	0.778	1.371	0.095	0.936	0.138	0.308	0.387	1.428	0.56	0.719	0.498	0.791	0.011	0.196	-0.569	1.425	1.307	1.619	1.827	1.443	1.633	1.587	1.469	1.098	0.053	1.378	-0.002	0.485	1.592	1.106	1.263	1.059	1.945	1.832	1.554	0.687	0.03	0.04	-0.546	0.144	1.16	0.04	0.075	0.167
1237	0	0.062	0.522	0.203	-0.013	-0.001	0.235	0.781	0.673	1.031	0.742	0.873	0.705	0.899	0.743	0.944	0.853	1	0.959	0.902	0.825	1.134	0.695	0.719	0.504	0.498	0.704	0.496	0.689	0.637	0.895	0.871	1.089	0.584	0.555	0.199	0.372	0.022	0.07	0.913	0.153	0.071	0.308	0.218	0.402	0.783	0.419	0.237	0.191	-0.016	0.582	0.183	0.43	0.682	0.237	0.494	0.236	0.206	0.094	0.588	0.467	0.258	0.394	0.46	0.375	0.575	0.431	0.6	0.674	0.833	0.519	0.465	0.655	0.696	0.752	0.493	0.075	0.681	0.17	0.314	0.823	0.446	0.315	0.397	1.153	1.111	0.744	0.42	0.217	0.098	0.14	0.186	0.67	0.093	0.22	0.139
1248	0	0.122	1.112	0.655	0.061	0.119	0.6	1.878	1.516	2.027	1.82	1.992	1.799	2.126	1.817	2.084	2.067	2.158	1.989	2.107	1.856	2.163	1.855	1.724	1.517	1.287	1.651	1.197	1.743	1.858	2.162	2.135	2.161	1.247	1.448	1.089	1.381	0.056	0.231	1.544	0.741	0.187	0.068	0.298	0.326	1.486	1.465	0.855	0.137	-0.094	1.306	0.026	1.411	2.014	0.176	1.413	0.243	0.214	0.237	1.654	1.61	-0.031	1.082	1.296	1.704	1.724	1.061	0.225	1.572	1.638	1.159	0.952	1.754	1.764	1.768	1.513	0.32	1.784	0.162	0.806	1.696	1.413	0.777	1.048	2.139	2.172	2.017	0.662	0.549	0.288	0.132	0.23	1.58	0.165	0.202	0.212
1264	0	0.167	0.725	0.407	-0.062	-0.049	0.268	1.103	0.464	1.351	1.232	1.123	0.778	1.288	1.122	1.211	1.012	1.359	1.314	1.267	0.86	1.275	1.097	1.15	-0.279	0.84	1.317	0.211	0.338	0.86	1.262	1.347	1.308	0.725	0.522	0.467	0.981	0.07	-0.323	2.043	0.203	-0.127	0.322	0.092	0.154	0.576	0.712	0.335	-0.157	0.39	0.708	0.183	-0.251	0.754	0.057	1.085	0.048	0.036	-0.13	1.279	0.652	0.43	0.059	0.439	0.675	0.325	0.976	0.695	0.797	0.932	0.781	0.889	1.101	1.164	1.011	0.814	0.01	1.275	0.158	0.361	1.373	0.702	0.471	0.802	1.866	1.826	1.055	0.168	0.176	0.17	0.194	0.159	0.744	0.215	0.153	-0.099
1280	0	-1.228	-0.481	-1.031	-1.309	-1.381	-1.112	-0.526	-1.086	0.006	-0.291	-0.36	-0.756	-0.19	-0.259	-0.243	-0.213	-0.012	-0.378	-0.243	-0.442	-0.219	-0.384	-0.396	-0.903	-0.493	-0.539	-1.65	-1.028	-1.078	-1.118	-1.131	-0.956	-1.222	-0.377	-0.848	-1.25	-1.681	-1.903	-0.47	-1.842	-1.573	-1.719	-1.61	-1.942	-0.87	-0.443	-1.232	-1.874	-1.469	-1.109	-1.321	-1.729	-0.852	-1.448	-2.154	-1.553	-1.989	-1.552	-0.444	-0.896	-0.83	-1.001	-0.564	-0.905	-0.83	-0.575	-1.068	-1.338	-1.246	-0.445	-0.813	-0.743	-0.534	-0.469	-0.714	-1.204	-0.401	-1.192	-1.052	-0.418	-0.893	-0.312	-0.908	-0.458	0.333	-0.163	-1.004	-1.206	-1.528	-1.181	-1.601	-1.074	-1.199	-1.214	-1.191
1289	0	0.171	1.11	0.459	-0.016	0.044	0.349	1.364	0.866	1.46	1.384	1.367	1.064	1.602	1.499	1.53	1.605	1.55	1.553	1.576	1.126	1.495	1.256	1.233	0.772	0.765	1.403	0.195	1.602	0.862	1.337	1.634	1.562	1.214	1.073	1.359	0.589	-0.152	0.045	1.182	0.325	0.199	0.737	0.339	0.133	1.236	0.725	0.779	-0.289	-0.248	0.824	0.226	1.084	1.611	0.514	0.5	0.174	0.8	-0.557	1.173	0.865	0.341	0.317	0.825	1.327	1.581	1.061	0.907	0.666	1.214	0.441	1.322	1.233	1.331	1.357	1.015	0.135	1.436	0.245	0.397	1.366	0.925	0.524	0.8	1.273	1.295	0.868	0.589	0.145	0.476	0.263	0.402	0.711	0.165	0.174	0.104
1302	0	0.061	1.047	0.363	0.089	-0.518	0.164	1.403	0.836	1.72	1.215	1.482	1.368	1.644	1.514	1.465	1.382	1.569	1.44	1.515	0.865	1.741	0.679	1.28	0.987	0.865	1.354	-0.088	1.58	0.761	1.746	1.522	1.394	0.426	0.585	0.73	0.723	0.231	-0.472	1.473	0.339	0.565	0.456	0.333	0.042	0.599	1.013	0.075	-0.18	0.317	1.014	-0.599	-0.286	0.869	0.013	0.754	0.279	-0.64	-0.069	1.242	0.528	0.558	0.57	0.576	-0.104	0.65	1.102	0.94	0.766	0.955	1.49	1.081	1.238	1.202	1.483	0.773	-0.066	1.155	-0.11	0.212	1.321	0.776	0.817	0.96	1.848	1.86	0.929	0.364	-0.136	-0.077	-0.065	0.049	0.857	-0.095	-0.01	0.044
1308	0	0.121	1.372	0.405	-0.111	-0.087	0.201	1.073	0.467	1.387	1.083	1.155	0.812	1.284	1.108	1.289	1.247	1.421	1.244	1.313	0.803	1.328	0.826	1.044	0.427	0.901	1.244	0.123	1.277	0.56	0.959	1.141	1.051	0.18	0.345	0.834	0.628	0.044	0.119	1.687	0.135	0.125	0.069	0.154	0.005	0.557	0.474	0.081	-0.344	0.359	1.314	0.276	-0.283	0.693	-0.094	0.483	-0.154	0.133	-0.283	0.899	0.286	0.6	0.97	0.801	-0.234	0.651	0.594	0.72	0.163	0.823	0.343	0.177	0.422	1.001	0.681	0.346	0.025	0.952	0.111	0.237	1.08	0.378	0.357	0.217	1.388	1.72	1.058	0.281	0.003	-0.995	0.134	0.27	0.727	0.049	0.034	0.102
1320	0	0.139	0.856	0.348	-0.093	-0.184	0.192	1.389	0.819	1.573	1.289	1.352	1.426	1.633	1.324	1.572	1.503	1.627	1.538	1.482	1.095	1.509	0.993	1.261	0.765	1.09	1.296	0.393	1.328	1.223	1.451	1.564	1.455	0.563	0.666	0.574	0.84	0.033	0.12	1.388	0.159	0.095	0.183	0.442	0.2	0.879	0.74	0.085	0.008	0.392	0.644	0.316	0.283	1.446	0.134	0.832	0.113	0.125	-0.071	1.114	0.661	1.208	-1.114	1.041	0.669	1.479	0.996	1.209	1.199	1.282	0.777	0.835	1.294	1.642	1.416	0.898	0.316	1.314	0.245	1.081	1.458	0.752	0.381	0.655	1.906	1.768	1.636	0.459	0.182	0.067	0.103	0.143	1.016	0.011	0.013	0.074
1325	0	0.193	0.834	0.487	-0.081	-0.067	0.294	1.428	0.981	1.583	1.371	1.554	1.544	1.735	1.413	1.728	1.632	1.711	1.664	1.569	1.063	1.916	0.985	1.417	1.09	1.248	1.832	0.662	2.049	0.743	1.642	1.526	1.684	1.234	0.778	0.818	1.045	-0.096	0.558	1.49	0.393	-0.028	0.371	0.303	0.153	1.164	0.578	0.542	0.094	0.188	0.646	0.218	0.488	1.321	0.125	1.083	-0.386	0.157	0.005	1.393	0.628	0.669	0.89	0.717	0.794	0.993	0.951	1.223	0.469	1.24	0.785	1.076	1.5	1.549	1.418	1.174	0.055	1.428	0.184	0.637	1.4	0.857	0.584	0.836	1.969	2.12	1.592	0.628	0.108	0.239	0.196	0.262	1.035	0.166	0.13	0.129
1335	0	-0.04	0.826	0.25	-0.314	-0.271	0.298	1.317	0.85	1.407	1.206	1.242	1.149	1.401	1.184	1.474	1.299	1.431	1.449	1.417	0.837	1.441	1.106	1.117	1.148	1.091	1.231	1.127	1.351	1.118	1.445	1.447	1.538	0.183	0.811	0.664	0.705	-0.168	-0.072	1.557	0.041	0.006	0.06	-0.299	-0.25	0.505	0.551	-0.009	-0.068	-0.2	0.755	0.165	0.389	1.246	-0.224	0.794	-0.118	0.153	-0.209	1.078	0.822	0.061	0.522	1.033	0.56	0.995	0.676	0.939	0.612	1.217	0.913	0.719	1.155	1.253	1.077	0.886	-0.202	1.098	-0.268	0.442	1.02	0.712	0.455	0.641	1.469	1.471	0.993	0.32	-0.299	-0.303	0.026	-0.387	0.883	-0.435	-0.257	-0.298
1336	0	0.027	0.461	0.157	-0.135	-0.136	0.157	0.506	0.269	0.671	0.488	0.582	0.388	0.701	0.528	0.704	0.517	0.731	0.555	0.555	0.53	0.769	0.462	0.49	0.357	0.447	0.622	0.394	0.4	0.577	0.696	0.728	0.666	0.18	0.138	0.082	0.228	-0.005	-0.045	0.601	0.128	0.041	0.172	0.175	-0.131	0.483	0.253	-0.115	0.009	-0.017	0.271	0.142	0.284	0.705	0.069	0.357	0.093	0.09	-0.033	0.337	0.266	0.22	0.343	0.533	0.308	0.425	0.603	0.499	0.342	0.586	0.372	0.401	0.737	0.492	0.513	0.425	0.068	0.43	0.108	0.22	0.609	0.403	0.232	0.212	0.642	0.729	0.632	0.091	-0.038	-0.02	-0.026	0.084	0.303	-0.107	-0.051	0.006
1357	0	0.126	0.973	0.495	-0.093	-0.04	0.009	1.662	0.69	1.633	1.517	1.704	1.014	1.706	1.722	1.856	1.392	1.916	1.798	1.74	0.61	1.868	1.599	1.697	0.559	0.854	1.586	1.035	1.343	1.803	1.945	1.863	1.933	1.436	1.26	0.62	1.261	0.199	0.335	2.16	0.245	0.277	0.325	0.194	0.238	1.38	1.159	0.772	-0.028	0.214	1.354	0.589	0.7	1.804	0.159	1.248	0.306	0.137	0.121	1.603	1.505	1.001	1.262	1.532	1.551	1.625	1.635	1.812	1.697	2.029	1.531	1.377	1.135	1.542	1.372	1.097	0.023	1.755	0.025	0.908	1.574	1.348	0.245	0.916	1.625	2.079	1.634	0.714	0.125	0.591	-0.057	0.124	1.191	0.063	0.156	0.181
1379	0	0.124	0.474	0.282	-0.044	-0.039	0.237	0.607	0.347	0.867	0.689	0.649	0.521	0.794	0.639	0.787	0.8	0.962	0.831	0.837	0.766	0.929	0.712	0.61	0.593	0.594	0.492	0.49	0.888	0.875	1.091	0.971	0.971	0.16	0.759	0.016	0.188	-0.089	0.045	0.816	0.379	0.231	0.162	0.011	0.476	0.568	0.722	0.454	0.022	-0.045	0.465	0.447	0.58	0.799	0.165	0.682	0.231	0.156	0.052	0.531	0.377	0.128	0.263	0.89	0.583	0.577	0.489	0.568	0.085	0.782	0.704	0.53	0.83	0.622	0.714	0.388	0.112	0.685	0.206	0.227	0.84	0.543	0.315	0.463	1.04	1.051	0.845	0.281	0.073	0.118	0.15	0.15	0.511	0.052	0.137	0.115
1389	0	0.106	0.542	0.258	-0.005	-0.02	0.198	0.766	0.419	0.921	0.764	0.85	0.49	0.906	0.703	0.913	0.691	0.996	0.863	0.97	0.683	0.966	0.642	0.767	0.362	0.429	0.646	0.23	0.486	0.52	0.817	0.799	0.878	0.504	0.482	0.501	0.459	0.15	-0.032	0.989	0.118	0.062	-0.113	-0.023	0.148	0.75	0.289	0.397	0.071	0.068	0.411	0.198	0.477	0.464	0.188	0.658	0.309	0.244	0.088	0.641	0.447	0.373	0.127	0.574	0.518	0.584	0.657	0.687	0.673	0.803	0.522	0.561	0.685	0.718	0.641	0.486	0.101	0.83	0.187	0.279	0.923	0.509	0.242	0.516	1.043	1.105	0.868	0.369	0.165	0.145	0.152	0.147	0.573	0.156	0.255	0.199
1397	0	0.049	0.432	0.159	-0.078	-0.129	0.143	0.608	0.321	0.798	0.548	0.715	0.388	0.658	0.592	0.903	0.612	0.75	0.758	0.671	0.627	0.652	0.618	0.605	0.281	0.528	0.324	0.165	0.602	0.656	0.548	0.897	0.909	0.671	0.454	0.213	0.137	0.026	-0.032	0.443	-0.229	0.101	-0.008	0.323	0.22	0.195	-0.011	0.156	0.087	0.061	0.456	0.174	0.05	0.768	0.338	0.608	0.226	0.103	-0.033	0.443	0.285	0.227	0.364	0.635	0.428	0.309	0.61	0.656	0.595	0.602	0.409	0.218	0.816	0.65	0.698	0.45	0.158	0.712	0.17	0.29	0.844	0.37	0.365	0.446	1.04	1.026	0.799	0.24	0.197	0.084	0.098	0.115	0.559	0.01	0.075	0.038
1415	0	0.027	0.859	0.392	-0.036	-0.078	0.096	0.764	0.199	1.628	1.634	1.599	0.682	1.809	1.681	1.769	1.394	1.873	1.61	1.2	0.249	1.65	1.084	1.772	0.544	0.578	1.636	0.15	1.454	1.047	1.499	0.713	1.761	1.552	1.721	1.415	0.963	0.144	-0.091	0.821	0.178	0.069	0.16	0.214	0.275	1.554	1.489	0.64	0.033	0.11	1.472	0.376	0.251	1.755	0.312	1.26	0.139	0.229	0.138	1.192	0.861	1.464	1.029	1.544	1.4	1.524	1.016	1.714	1.109	1.526	0.355	0.332	0.2	1.562	0.348	0.23	0.191	1.694	0.282	0.682	1.831	1.091	0.178	0.942	1.125	1.746	1.709	0.355	0.128	0.181	0.193	0.095	0.747	0.11	0.161	-0.007
1416	0	0.126	0.472	0.218	-0.072	-0.097	0.17	0.561	0.268	0.734	0.223	0.579	0.454	0.718	0.544	0.52	0.568	0.726	0.723	0.675	0.583	0.763	0.489	0.533	0.114	0.489	0.494	0.198	0.634	0.317	0.562	0.639	0.754	0.12	0.531	0.305	0.23	0.025	0.064	1.272	0.244	0.045	0.105	0.006	0.392	0.612	0.645	0.577	-0.023	0.141	0.478	0.23	0.35	0.671	0.124	0.526	0.232	0.093	0.061	0.596	0.323	0.313	0.39	0.311	0.386	0.464	0.551	0.559	0.655	0.701	0.272	0.318	0.613	0.523	0.626	0.396	-0.005	0.537	0.096	0.157	0.662	0.459	0.164	0.363	0.907	1.172	0.647	0.27	0.163	0.121	0.083	0.089	0.523	0.054	0.111	0.078
1456	0	0.11	0.897	0.604	-0.161	-0.157	0.298	1.381	0.691	1.601	1.478	1.538	1.121	1.65	1.392	1.599	1.447	1.544	1.54	1.628	1.247	1.618	1.454	1.484	0.882	0.847	1.514	0.418	1.414	1.602	1.622	1.613	1.63	0.995	1.134	1.106	0.958	-0.041	0.17	1.59	0.168	0.194	0.382	0.18	0.23	0.905	0.904	0.522	-0.275	0.02	1.042	0.251	-0.091	1.243	0.252	1.061	0.013	0.108	-0.188	1.208	0.912	0.591	0.834	1.007	1.027	1.1	1.244	1.1	1.121	1.411	1.128	1.111	1.283	1.481	1.187	1.146	0.024	1.386	0.329	0.636	1.335	0.952	0.883	0.915	1.629	1.634	1.556	0.671	0.136	0.328	0.131	0.101	0.791	0.069	0.1	0.034
1462	0	0.14	0.864	0.535	-0.175	-0.082	0.357	1.379	0.822	1.484	1.436	1.391	1.373	1.423	1.25	1.395	1.387	1.457	1.497	1.543	0.871	1.486	1.343	1.346	1.175	0.848	0.685	1.007	1.596	1.433	1.662	0.35	1.478	1.216	0.922	0.748	0.515	0.041	0.087	1.457	0.249	0.169	0.244	0.273	0.039	0.844	0.783	0.642	-0.105	-0.052	0.526	0.657	0.559	1.276	-0.083	0.456	0.06	0.036	-0.258	1.106	0.946	0.745	0.949	1.114	0.907	0.786	1.004	1.314	1.142	1.303	0.957	0.785	1.127	1.364	1.092	0.688	-0.007	1.155	0.301	0.81	1.429	0.562	1.07	0.921	1.554	1.488	1.45	0.608	0.081	0.39	0.673	0.406	0.986	-0.301	0.212	0.021
1463	0	0.164	0.779	0.447	-0.265	-0.168	0.268	0.999	0.545	1.081	1.021	1.049	0.766	1.322	1.256	1.25	1.078	1.282	1.286	1.308	0.987	1.286	1.092	1.133	0.28	0.853	1.214	0.152	1.16	1.211	1.27	1.34	1.128	0.919	0.855	0.838	0.738	-0.058	0.191	1.55	0.106	0.1	0.399	0.354	-0.058	0.896	0.745	0.649	-0.32	-0.207	0.607	0.198	0.478	0.985	-0.255	0.946	-0.07	0.109	-0.459	0.833	0.576	0.537	0.003	0.926	0.681	0.653	0.847	1.158	0.863	1.006	0.637	0.423	0.86	1.143	1.059	0.745	-0.156	1.106	0.029	0.433	1.07	0.715	0.89	0.667	1.32	1.503	1.336	0.158	0.055	0.259	-0.115	0.157	0.617	0.18	0.143	0.219
1464	0	0.107	0.757	0.263	0.017	0.007	0.229	0.663	0.392	0.946	0.72	0.806	0.513	0.808	0.745	0.845	0.835	0.962	0.89	0.933	0.849	0.938	0.516	0.69	0.427	0.745	0.641	0.444	0.83	0.883	1.015	1.144	0.882	0.37	0.389	0.291	0.479	0.114	0.248	1.153	0.379	0.262	0.483	0.41	0.311	0.483	0.509	0.108	0.06	0.231	0.539	0.3	0.111	0.87	0.366	0.556	0.33	-0.007	0.16	0.686	0.423	0.222	0.539	0.596	0.256	0.714	0.69	0.804	0.819	0.607	0.596	0.5	0.569	0.675	0.866	0.606	0.216	0.837	0.271	0.351	0.808	0.496	0.275	0.383	0.995	1.057	0.589	0.274	0.237	0.192	0.164	0.206	0.49	0.135	0.225	0.166
1491	0	0.091	0.453	0.236	0.017	-0.039	0.185	0.65	0.41	0.838	0.665	0.728	0.432	0.8	0.656	0.715	0.699	0.886	0.812	0.865	0.736	0.841	0.733	0.649	0.67	0.476	0.739	0.471	0.603	0.678	0.718	0.798	0.807	0.269	0.247	0.262	0.336	-0.055	0.303	0.818	-0.051	0.042	-0.004	0.272	0.388	0.405	0.393	0.022	0.268	-0.019	0.377	0.041	0.275	0.624	0.078	0.52	0.115	0.203	-0.058	0.621	0.534	0.16	0.393	0.406	0.308	0.35	0.536	0.717	0.642	0.705	0.499	0.325	0.585	0.673	0.493	0.428	0.17	0.707	0.181	0.211	0.722	0.373	0.241	0.356	0.917	0.957	0.708	0.297	0.098	0.126	0.14	0.179	0.417	0.163	0.16	0.12
1496	0	0.204	0.913	0.691	0.039	-0.018	1.373	1.661	1.679	1.749	1.728	1.755	1.496	1.781	1.597	1.843	1.856	1.921	1.844	1.908	1.88	1.914	1.797	1.881	1.43	1.622	0.943	1.58	1.72	1.552	1.861	1.968	1.882	1.589	1.513	1.431	1.16	1.84	-0.576	1.994	1.553	0.242	1.678	1.959	0.462	1.05	1.308	0.148	1.413	0.021	0.989	1.765	0.414	1.461	0.416	0.807	1.682	1.898	0.038	1.341	1.07	1.381	0.537	1.679	1.402	1.589	1.675	2.072	1.469	1.691	1.539	1.481	1.636	1.281	1.386	1.158	1.172	1.364	0.321	0.847	1.79	1.167	1.105	0.706	0.989	2.013	1.492	1.271	0.191	0.124	0.999	0.313	1.526	0.172	0.456	0.165
1497	0	-0.051	0.297	0.085	-0.147	-0.157	-0.041	0.344	0.147	0.593	0.459	0.536	0.251	0.579	0.336	0.511	0.445	0.559	0.511	0.527	0.396	0.583	0.438	0.422	-0.275	0.333	0.419	0.082	0.452	0.453	0.638	0.566	0.54	0.186	0.295	0.202	0.09	-0.177	-0.034	0.828	0.031	0.027	0.057	0.016	0.043	0.213	0.293	-0.019	0.206	-0.162	0.252	-0.018	0.148	0.324	0.034	0.2	0.036	-0.037	-0.094	0.254	0.322	-0.096	0.217	0.111	-0.058	0.206	0.261	0.275	0.329	0.399	0.136	0.266	0.463	0.484	0.466	0.255	-0.125	0.433	0.042	0.023	0.445	0.25	0.132	0.224	0.74	1.01	0.4	0.049	-0.065	-0.054	-0.051	0.002	0.318	-0.096	-0.039	-0.057
1501	0	0.27	0.968	0.605	-0.099	-0.107	0.408	1.336	0.823	1.365	1.414	1.38	1.181	1.466	1.292	1.497	1.513	1.418	1.568	1.533	1.137	1.468	1.382	1.323	1.088	1.128	1.369	0.968	1.406	1.462	1.578	1.542	1.464	1.052	0.917	0.664	0.971	0.117	0.073	1.648	0.272	0.281	0.64	0.33	0.092	1.062	0.963	0.67	-0.093	-0.048	0.827	0.388	0.913	1.362	-0.025	0.985	0.035	0.275	-0.202	1.164	0.914	0.847	1.142	1.421	1.101	1.141	1.193	1.187	1.379	1.237	1.169	1.093	1.302	1.402	1.282	1.209	0.277	1.339	0.266	0.785	1.428	1.028	0.934	0.934	1.318	1.455	1.551	0.594	0.152	0.442	0.439	0.319	1.392	0.12	0.166	0.26
1508	0	0.238	1.065	0.617	-0.004	0.018	0.409	1.513	0.521	1.646	1.551	1.653	1.141	1.689	1.4	1.602	1.428	1.663	1.651	1.73	0.855	1.68	1.642	1.435	0.654	1.12	1.535	0.591	1.41	1.622	1.719	1.735	1.701	1.119	1.171	1.258	0.984	0.067	0.219	1.733	0.136	0.263	0.45	0.306	0.228	1.111	1.095	0.818	0.046	0.077	1.338	0.406	1.079	1.256	0.034	1.192	0.142	0.15	-0.072	1.271	1.058	0.979	0.19	1.38	1.124	1.275	1.218	1.26	1.287	1.368	1.208	1.182	1.65	1.446	1.462	1.127	0.121	1.341	0.322	0.678	1.317	1.101	0.578	1.079	1.476	1.649	1.52	0.784	0.306	0.252	0.373	0.266	1.108	0.16	0.118	0.217
1520	0	0.087	0.977	0.515	-0.114	-0.129	0.517	1.362	0.741	1.408	1.433	1.352	1.137	1.559	1.58	1.506	1.524	1.453	1.525	1.641	1.228	1.517	1.456	1.378	1.387	1.145	1.518	1.037	1.49	1.51	1.526	1.519	1.519	0.776	1.006	0.861	0.946	-0.023	0.062	1.71	0.282	0.039	0.442	0.338	0.126	0.842	1.004	0.596	-0.105	-0.174	0.799	0.301	0.948	1.3	0.076	1.173	0.282	0.134	-0.382	1.124	0.895	0.84	0.782	1.373	1.262	1.307	1.435	1.499	1.279	1.499	1.22	1.267	1.387	1.481	1.412	1.327	0.227	1.482	0.284	0.832	1.496	1.087	1.192	1.153	1.437	1.438	1.646	0.864	-0.043	-0.016	0.206	0.262	1.241	-0.07	-0.01	0.069
1530	0	0.052	0.927	0.486	-0.317	-0.252	0.03	1.281	0.735	1.359	1.257	1.349	1.171	1.438	1.25	1.472	1.438	1.377	1.363	1.488	1.233	1.505	1.452	1.327	1.226	1.271	1.435	1.198	1.411	1.463	1.466	1.474	1.452	1.109	0.936	1.061	1.047	0.056	0.218	1.63	0.167	0.208	0.243	0.121	0.104	0.948	0.877	0.663	-0.043	-0.197	0.918	0.544	0.477	1.199	-0.044	1.049	-0.154	0.077	-0.475	0.94	0.738	0.582	0.899	1.255	0.849	0.936	1.032	1.152	0.909	1.266	1.037	0.894	1.33	1.355	1.334	1.285	0.022	1.169	-0.012	0.552	1.178	0.801	0.446	0.885	1.418	1.457	1.503	1.177	0.062	0.151	0.119	0.18	1.036	0.035	0.006	0.063
1533	0	0.464	0.866	0.73	0.066	-0.015	1.31	1.502	1.598	1.758	1.617	1.704	1.511	1.75	1.56	1.766	1.704	1.65	1.783	1.81	1.897	1.691	1.759	1.615	1.461	1.412	0.895	1.609	1.589	1.34	1.839	1.907	1.793	1.371	1.449	1.125	0.997	1.74	1.821	1.934	1.505	0.354	1.609	1.809	0.742	1.037	1.344	0.361	1.459	0.564	0.606	1.728	0.328	1.444	0.501	0.81	1.699	1.795	0.358	1.353	1.188	1.28	0.513	1.46	1.546	1.52	1.695	2.024	1.627	1.699	1.439	1.471	1.629	1.161	1.299	1.207	1.21	1.358	0.41	0.844	1.686	1.248	1.208	0.634	0.843	1.891	1.538	0.966	0.685	0.35	0.97	0.444	1.449	0.474	0.535	0.466
1550	0	0.175	0.742	0.211	0.015	-0.015	0.503	1.847	1.385	2.371	1.814	1.923	0.91	1.989	1.522	2.144	2.008	2.18	1.869	1.879	1.394	2.135	1.811	1.771	1.345	1.345	1.543	1.308	1.326	1.773	1.996	2.02	2.219	0.667	0.79	0.488	0.715	0.273	0.147	1.374	0.08	0.186	0.178	0.193	0.167	0.686	0.851	0.772	0.105	0.209	0.579	0.151	0.278	1.461	0.227	1.132	0.133	0.177	0.085	1.265	0.564	0.486	0.681	1.111	0.349	0.949	0.935	0.901	0.525	1.692	0.598	0.737	0.777	2.111	1.081	1.27	0.152	1.499	0.126	0.074	1.367	0.523	1.035	0.828	2.363	0.103	0.827	0.245	0.007	-0.075	0.019	0.03	0.334	-0.068	-0.022	0.028
1561	0	0.21	1.24	0.766	0.041	0.101	0.251	1.556	0.567	1.673	1.534	1.746	1.413	2.07	1.651	1.747	1.701	1.885	1.62	1.805	1.405	1.816	0.912	1.559	1.402	1.354	1.479	0.142	1.529	0.978	1.922	1.818	1.831	0.562	1.355	1.229	1.526	0.047	0.304	1.768	0.316	0.092	0.301	0.275	0.238	1.251	1.303	0.674	0.358	-0.109	1.278	0.282	0.96	1.579	0.263	1.358	0.318	0.329	0.025	1.233	1.217	0.895	0.927	1.263	1.696	1.309	1.486	1.034	1.487	1.204	1.114	1.23	1.615	1.524	1.533	1.321	0.163	1.445	0.204	0.85	1.62	1.28	0.432	1.086	1.716	1.883	1.962	0.794	0.252	0.129	0.133	0.185	1.147	0.145	0.111	0.098
1562	0	0.074	0.691	0.403	-0.15	-0.161	0.096	1.182	0.192	1.281	1.175	1.012	0.827	1.376	1.306	1.341	1.323	1.287	1.198	1.405	0.523	1.322	0.906	1.154	0.695	0.654	1.213	0.329	1.305	1.299	1.472	1.433	1.161	1.16	0.824	0.806	0.845	0.215	0.546	1.616	-0.054	-0.022	0.129	0.215	0.197	1.351	0.73	0.055	0.057	0.278	1.081	0.313	-0.014	1.072	-0.179	1.205	0.152	0.225	-0.183	1.043	1.044	1.014	0.735	0.75	0.695	1.329	1.013	1.567	0.926	1.333	0.722	0.765	1.241	1.199	1.195	1.076	-0.126	1.315	0.075	0.526	1.304	0.32	0.039	0.831	1.352	1.822	1.568	0.396	-0.044	-0.104	-0.002	0.017	0.516	-0.087	-0.11	-0.176
1565	0	0.295	0.827	0.582	-0.007	-0.008	1.106	1.304	1.466	1.587	1.53	1.548	1.209	1.57	1.303	1.625	1.494	1.602	1.572	1.671	1.604	1.587	1.481	1.552	1.307	1.356	0.751	1.405	1.534	1.2	1.629	1.672	1.576	1.094	1.358	1.066	0.888	1.561	1.649	1.687	1.323	0.266	1.442	1.588	0.37	0.492	0.887	0.347	0.984	0.406	0.678	1.586	0.178	1.16	0.15	0.528	1.453	1.615	0.107	0.947	0.555	1.04	0.45	1.419	1.282	1.346	1.46	1.835	1.208	1.436	1.278	1.238	1.466	1.02	1.234	0.753	0.95	1.19	0.297	0.711	1.567	1.017	1.115	0.644	0.624	1.764	1.4	0.947	0.233	0.172	0.85	0.394	1.189	0.36	0.346	0.375
1571	0	0.114	0.861	0.677	0.302	0.206	0.874	2.265	1.225	2.451	1.961	2.271	1.324	2.343	1.645	2.63	2.378	2.444	2.329	2.372	1.58	2.462	2.175	2.378	1.626	1.371	1.836	1.701	2.283	2.203	2.417	2.404	2.507	1.246	1.196	0.675	1.035	1.167	0.649	2.05	0.202	0.116	1.033	0.241	0.138	0.973	1.057	0.132	0.721	0.122	0.889	1.075	0.156	1.083	0.18	1.641	0.842	0.566	0.218	1.481	0.571	0.849	1.026	1.134	0.982	1.524	1.585	1.783	1.524	1.853	1.172	1.564	2.218	2.056	1.234	1.21	0.22	1.732	0.303	0.36	1.749	0.872	1.132	1.116	2.438	0.099	1.523	0.892	0.122	0.117	0.108	0.209	1.506	-0.041	0.036	0.05
1580	0	0.116	0.954	0.53	0.131	-0.041	0.376	1.495	0.786	1.636	1.412	1.554	0.832	1.742	1.418	1.761	1.524	1.587	1.694	1.666	0.534	1.744	1.488	1.559	1.326	1.163	1.437	0.867	1.447	1.63	1.687	1.689	1.817	0.352	1.019	0.547	0.978	0.178	0.093	2.254	0.305	0.422	0.451	0.419	0.196	0.981	0.981	0.009	0.155	0.144	0.945	0.217	0.137	1.514	0.151	1.388	0.902	0.189	0.257	1.193	0.917	0.589	0.762	1.523	1.028	1.186	1.19	1.273	1.199	1.344	1.437	1.282	1.676	1.674	1.29	1.276	0.186	1.617	0.124	0.394	1.388	0.922	0.952	0.932	2.207	0.049	1.042	0.778	0.114	0.013	0.029	0.176	0.353	0.063	0.205	-0.053
1581	0	-0.008	0.916	0.596	-0.051	-0.11	0.417	1.607	0.919	1.619	1.583	1.62	0.869	1.736	1.245	1.731	1.343	1.684	1.588	1.699	0.783	1.814	1.608	1.401	0.729	0.414	1.335	0.725	1.226	1.741	1.729	1.586	1.782	0.882	1.06	0.875	0.689	-0.014	-0.019	1.804	0.136	0.199	0.005	0.211	0.004	0.774	0.948	-0.014	-0.134	-0.021	0.628	0.068	-0.005	1.33	0.053	1.275	0.109	0.116	-0.012	1.222	0.65	0.353	0.044	0.977	0.848	1.109	1.166	1.137	1.096	1.581	1.174	1.12	1.722	1.494	1.11	1.254	0.072	1.428	0.12	0.39	1.437	0.77	0.778	0.892	1.898	-0.083	1.347	0.87	0.011	0.077	-0.087	-0.086	0.372	-0.054	-0.003	-0.799
1583	0	0.101	0.923	0.398	0.213	0.14	0.936	2.038	1.583	2.034	1.993	2.015	1.241	2.172	1.888	2.249	2.173	2.301	2.139	2.25	1.723	2.207	2.046	2.226	1.678	1.599	1.868	1.822	1.921	2.04	2.195	2.143	2.247	1.202	1.231	0.986	0.876	0.248	0.187	2.061	0.361	0.381	0.324	0.253	0.255	1.262	1.343	0.341	0.114	0.081	0.788	0.391	1.266	1.944	0.132	1.704	0.151	0.13	-0.026	1.417	0.853	0.6	0.701	1.114	0.997	1.197	1.503	1.625	0.893	2.301	1.454	1.501	2.174	2.018	1.429	1.486	0.151	2.002	0.246	0.163	2.046	0.832	1.412	1.441	2.251	0.833	1.734	0.931	0.14	0.113	0.158	0.03	0.98	0.037	0.108	0.13
1589	0	-0.072	1.207	0.648	0.078	0.001	1.148	1.918	1.556	1.969	1.93	1.649	1.527	2.086	0.344	2.071	2.099	2.074	2.105	2.106	1.966	2.099	2.087	1.963	1.88	1.789	1.826	1.715	2.058	2.089	2.157	2.129	2.118	1.646	1.478	1.73	1.274	0.071	0.147	2.061	0.221	1.895	0.289	0.243	0.191	1.562	1.471	0.051	0.067	0.122	1.572	0.701	1.067	1.945	0.193	1.755	0.189	0.192	0.184	1.454	1.21	1.413	1.376	1.607	1.468	1.795	1.728	1.878	1.477	2.144	1.955	1.75	1.864	1.952	0.274	1.765	-0.026	1.902	0.08	0.579	1.942	1.166	1.641	1.612	1.981	1.976	1.97	1.086	-0.009	0.018	-0.043	0.047	1.83	-0.047	-0.029	-0.157
1590	0	0.074	1.063	0.535	-0.001	-0.005	0.088	1.95	1.182	2.104	1.863	2.104	1.396	2.108	0.108	2.018	1.965	2.012	1.825	2.052	1.444	2.156	1.99	1.93	1.569	1.639	1.793	1.315	1.934	2.155	2.26	2.252	2.11	0.558	1.369	1.303	1.23	0.163	0.185	2.117	0.221	1.251	0.261	0.284	0.24	1.244	1.204	0.376	0.027	0.158	1.167	0.226	0.321	1.911	0.375	1.897	0.348	0.296	0.102	1.609	0.99	0.71	1.219	1.478	1.027	1.096	1.021	1.572	1.186	1.987	1.698	1.796	2.202	2.242	0.269	1.621	0.112	1.8	0.176	0.317	1.92	1.149	0.449	0.89	2.172	2.191	2.072	0.825	0.066	0.031	0.145	0.091	1.444	-0.023	0.098	0.101
1591	0	0.05	0.874	0.601	-0.014	-0.016	0.133	1.738	0.985	1.849	1.54	1.841	1.175	1.85	1.585	1.866	1.828	1.936	1.862	1.807	1.164	1.939	1.763	1.673	1.129	1.17	1.644	0.561	1.69	1.72	1.912	1.851	1.871	0.449	0.99	1.191	0.961	0.147	0.343	1.931	0.307	0.288	0.217	0.151	0.435	0.46	1.025	0.413	0.224	0.412	0.511	0.236	0.61	1.638	0.228	0.717	0.383	0.162	0.169	1.417	0.984	0.5	0.891	1.012	0.989	0.945	1.159	1.239	1.296	1.522	1.324	1.23	1.82	1.559	1.199	1.108	0.197	1.531	0.1	0.623	1.406	0.812	1.09	0.898	1.982	1.981	1.118	0.328	0.077	-0.026	-0.019	0.022	0.938	-0.036	-0.029	-0.029
1594	0	0.102	1.401	0.775	0.323	0.027	0.794	1.686	0.978	1.924	1.56	1.85	1.367	1.923	1.754	1.987	1.712	1.935	1.846	1.672	1.461	1.659	1.764	1.726	1.437	1.463	1.863	1.398	1.691	1.983	1.946	1.962	1.899	1.156	1.009	0.651	1.185	0.255	0.394	2.13	0.34	0.202	0.363	0.24	0.463	1.169	1.136	0.537	0.235	0.364	1.18	0.592	0.543	1.708	0.332	1.624	0.257	0.29	0.18	1.429	1.151	1.314	1.029	1.114	1.128	1.532	1.598	1.381	1.51	1.869	1.326	1.475	1.855	1.728	1.727	1.313	0.135	1.672	0.11	0.531	1.702	0.995	1.243	1.202	1.919	1.943	1.574	0.834	0.06	0.129	0.154	0.256	1.065	0.195	0.15	0.134
1603	0	0.695	0.672	0.365	-0.14	-0.101	0.347	1.279	0.77	1.64	1.408	1.468	0.891	1.94	0.951	1.657	1.389	1.468	1.55	1.494	1.077	1.735	1.442	1.474	1.161	1.083	1.506	0.967	1.25	1.36	1.728	1.677	1.85	0.635	0.801	0.63	0.817	0.202	0.132	1.697	0.046	0.046	0.119	-0.012	0.018	0.674	0.639	-0.023	-0.097	0.46	0.642	-0.039	-0.04	1.25	0.229	0.869	0.026	0.325	-0.024	1.297	0.817	0.395	0.437	0.992	0.564	1.126	1.163	1.102	0.873	1.537	1.035	0.944	1.568	1.78	0.959	0.82	-0.104	1.209	0.024	0.124	1.165	0.654	0.967	0.879	2.082	0.079	0.465	0.382	-0.11	-0.064	-0.027	-0.081	0.695	-0.019	-0.045	-0.077
1612	0	0.13	0.989	0.672	0.002	0.097	1.083	1.472	1.499	1.602	1.515	1.423	1.295	1.791	1.752	1.815	1.796	1.759	1.765	1.879	1.756	1.743	1.688	1.51	1.039	1.649	1.068	0.929	1.694	1.438	1.673	1.56	1.648	1.208	0.989	1.246	1.284	1.721	1.616	2.383	1.444	0.264	1.684	1.509	0.379	0.932	1.112	0.047	1.415	0.194	1.349	1.875	0.215	1.496	0.218	0.688	1.43	1.585	0.109	1.3	1.169	1.598	1.036	1.642	1.531	1.645	1.637	1.795	1.448	1.541	1.502	1.261	1.434	1.063	1.465	1.288	1.435	1.477	0.279	0.989	1.64	1.243	0.577	0.69	0.805	2.026	1.659	1.301	0.223	0.17	0.867	0.186	1.374	0.118	0.401	0.41
1613	0	-0.381	0.67	0.075	-0.59	-0.419	0.539	0.743	1.004	0.855	0.57	0.718	0.802	1.069	1.004	1.097	0.988	1.117	1.008	1.11	1.133	0.996	0.934	0.931	0.438	0.786	-0.787	0.503	0.715	0.837	1.121	1.059	1.048	0.652	0.827	0.615	0.66	1.047	1.099	1.273	0.791	0.007	0.876	0.931	0.117	0.472	0.503	-0.561	0.636	-0.094	0.613	1.11	-0.141	0.731	-0.046	0.298	0.859	0.963	-0.335	0.629	0.468	1.011	0.311	0.994	0.893	1.107	1.065	1.179	0.792	0.935	0.793	0.602	0.653	0.5	0.789	0.392	0.794	0.605	-0.105	0.289	1.015	0.602	0.064	0.013	0.249	1.335	1.182	0.519	0.028	0.333	0.316	-0.031	0.612	0.107	-0.176	-0.426
1614	0	1.337	1.215	0.878	0.173	0.152	1.33	1.521	1.576	1.676	1.576	1.603	1.512	1.737	1.716	1.817	1.774	1.764	1.75	1.804	1.871	1.762	1.761	1.742	1.121	1.517	1.068	1.103	1.63	1.206	1.607	1.741	1.668	1.247	1.236	1.551	1.197	1.603	1.475	1.912	1.319	0.09	1.466	1.579	0.301	1.101	1.379	0.097	1.126	0.136	0.811	1.754	0.063	1.616	0.111	0.932	1.545	1.745	0.034	1.328	1.171	1.628	0.868	1.605	1.405	1.371	1.409	1.885	1.354	1.451	1.436	1.327	1.525	1.282	1.575	0.943	1.456	1.349	0.188	1.116	1.614	1.341	0.572	0.804	0.815	2.12	1.945	1.06	0.299	0.163	1.032	0.533	1.51	0.365	0.436	0.505
1616	0	-0.001	1.037	0.653	-0.01	-0.017	0.835	1.495	1.462	1.569	1.447	1.503	1.446	1.775	1.37	1.685	1.562	1.729	1.739	1.774	1.43	1.628	1.735	1.738	0.832	1.353	1.574	0.826	1.562	1.327	1.767	1.756	1.643	1.353	1.316	1.423	1.052	1.581	1.15	2.053	1.344	0.093	1.648	1.649	0.087	1.011	1.172	0.048	1.209	0.07	1.217	1.653	0.095	1.332	0.516	0.943	1.421	1.54	0.062	1.32	1.098	1.447	0.723	1.435	1.354	1.323	1.519	1.875	1.584	1.474	1.338	1.22	1.493	1.419	1.459	1.053	1.098	1.38	1.321	0.86	1.638	1.173	0.973	0.886	1.023	2.024	1.642	0.974	0	0.317	0.801	0.217	1.468	0.113	0.123	0.131
1617	0	0.111	0.758	0.525	-0.241	-0.088	0.408	1.58	1.067	1.79	1.524	1.674	0.998	1.728	1.499	1.751	1.817	1.89	1.695	1.814	1.382	1.824	1.622	1.645	1.482	1.33	1.56	0.919	1.652	1.798	1.789	1.345	1.594	1.015	0.783	0.928	1.35	0.143	0.251	2.013	0.142	0.259	0.535	0.294	0.292	1.147	1.168	1.09	0.093	0.086	1.087	0.623	0.55	1.614	0.264	1.605	0.136	0.335	-0.136	1.475	0.802	0.658	0.993	1.253	0.945	1.471	1.541	1.629	1.505	1.751	1.301	1.59	1.94	1.688	1.347	1.328	0.115	1.632	0.149	0.45	1.901	1.116	0.425	1.319	1.338	2.087	1.696	0.808	-0.028	0.103	0.149	0.211	1.037	0.085	0.111	0.026
1623	0	0.034	0.649	0.315	-0.043	-0.076	0.27	1.28	0.751	1.563	1.324	1.446	0.962	1.373	1.223	1.501	1.248	1.424	1.405	1.383	0.609	1.602	1.154	1.188	0.943	0.864	1.316	0.774	1.277	1.125	1.483	1.467	1.563	0.645	0.828	0.58	1	0.098	0.122	1.851	0.086	0.103	0.091	0.091	0.169	0.805	0.692	0.118	0.029	0.049	0.736	0.095	0.108	1.136	0.197	1.079	0.087	0.158	0.158	1.212	0.783	0.407	0.757	0.98	0.769	0.981	1.133	1.039	1.06	1.501	0.922	0.931	1.16	1.347	0.825	0.893	-0.043	1.163	0.104	0.203	1.042	0.753	0.782	0.49	2.059	-0.004	0.94	0.43	-0.036	-0.058	-0.104	-0.02	0.336	-0.038	0.045	-0.066
1626	0	-0.082	0.732	0.574	-0.118	0.129	0.49	1.441	0.772	1.59	1.172	1.513	0.727	1.473	1.072	1.375	1.256	1.403	1.42	1.52	1.041	1.651	1.263	1.298	-0.017	1.185	1.441	0.047	0.922	1.153	1.622	1.486	1.731	0.46	0.793	0.623	0.966	0.02	0.124	1.984	0.095	0.163	0.202	0.217	0.123	0.794	0.578	0.096	-0.076	-0.016	0.611	0.135	0.022	0.984	0.142	0.866	0.146	0.061	0.078	1.01	0.656	0.123	0.787	0.905	0.642	0.713	0.993	0.959	1.325	1.195	1	0.759	0.786	1.274	0.689	0.762	-0.072	1.173	0.122	-0.013	0.924	0.762	0.741	0.831	0.685	-0.12	0.443	0.215	-0.103	-0.021	-0.027	-0.066	0.322	-0.008	-0.064	-0.112
1655	0	-0.406	-0.009	0.232	-0.48	-0.425	0.743	1.123	1.079	1.24	1.056	1.063	0.994	1.488	1.208	1.426	1.365	1.239	1.154	1.201	1.309	1.097	1.056	1.123	0.451	0.861	0.915	0.527	1.078	1.021	1.318	1.178	1.283	0.852	0.864	0.569	0.776	0.826	1.016	1.327	0.869	-0.044	1.011	1.008	0.172	0.57	0.74	0.007	0.803	0.027	1.068	1.3	0.029	0.907	0.278	0.579	1.008	1.104	-0.058	0.834	0.642	1.091	0.568	1.008	0.815	0.895	1.229	1.278	1.009	1.075	1.064	0.75	0.863	0.844	0.845	0.616	0.549	0.688	0.704	0.173	1.098	0.652	0.569	0.35	0.673	1.26	1.148	-1.218	0.294	0.382	0.411	-0.038	0.532	0.21	0.401	-0.12
1656	0	-0.142	0.989	0.772	-0.156	-0.121	0.914	1.6	1.285	1.869	1.869	1.465	0.906	2.13	1.849	1.995	2.022	2.028	1.939	1.986	1.734	1.971	1.862	1.69	1.579	1.654	1.672	0.871	1.847	1.999	2.131	2.005	2.037	1.175	1.266	1.407	0.775	-0.04	0.086	1.86	0.175	0.08	0.125	0.133	0.095	1.367	1.52	0.207	-0.036	0.105	1.104	0.454	1.07	1.76	0.252	1.45	0.114	0.381	0.047	1.117	0.952	1.573	0.957	1.709	1.266	1.314	1.245	1.539	1.469	1.69	1.11	1.298	1.931	1.785	1.53	1.365	0.083	1.643	0.007	0.507	1.564	1.347	1.09	1.073	1.991	2	1.933	1.268	-0.041	-0.107	1.45	-0.007	1.429	-0.059	-0.011	-0.022
1659	0	0.2	1.146	0.826	0.068	0.112	1.307	1.575	1.658	1.688	1.655	1.587	1.423	1.777	1.748	1.951	1.85	1.835	1.818	1.953	2.012	1.848	1.727	1.736	1.254	1.639	1.265	1.449	1.824	1.559	1.862	1.919	1.859	1.497	1.425	1.131	1.336	1.822	1.916	2.109	1.601	0.316	1.51	1.84	0.68	1.201	1.468	0.182	1.431	0.217	1.344	2.038	0.286	1.532	0.426	0.968	1.779	1.765	0.367	1.401	1.286	1.737	1.177	1.77	1.646	1.652	1.858	2.054	1.675	1.772	1.65	1.394	1.572	1.448	1.609	1.319	1.415	1.415	0.389	1.313	1.833	1.466	0.832	0.494	1.111	2.015	1.825	1.169	0.636	0.187	1.137	0.499	1.453	0.458	0.629	0.614
1660	0	0.218	1.135	0.701	0.007	0.056	1.124	1.46	1.504	1.574	1.549	1.673	1.438	1.709	1.567	1.825	1.714	1.801	1.622	1.781	1.704	1.652	1.65	1.686	1.08	1.496	1.039	1.127	1.636	1.449	1.719	1.818	1.712	1.475	1.315	1.44	1.247	1.715	1.6	2.087	1.469	0.146	1.71	1.749	0.443	1.178	1.308	0.248	1.37	0.023	1.063	1.788	0.264	1.405	0.293	0.806	1.606	1.702	0.237	1.341	1.216	1.49	1.044	1.621	1.589	1.572	1.711	1.905	1.482	1.594	1.454	1.4	1.571	1.401	1.617	1.166	1.374	1.344	0.299	1.125	1.725	1.288	0.844	0.841	1.106	2.035	1.808	1.203	0.387	0.105	1.003	0.325	1.478	0.221	0.407	0.417
1666	0	-0.019	0.941	0.499	-0.008	-0.081	0.299	1.405	0.716	1.579	1.384	1.491	0.995	1.737	1.442	1.545	1.421	1.58	1.569	1.494	1.077	1.636	1.121	1.353	1.037	1.405	1.388	0.449	1.216	1.348	1.597	1.882	1.831	0.824	1.091	0.396	0.601	0.241	0.313	1.921	0.024	0.183	0.114	0.151	0.245	1.047	0.919	1.21	0.244	0.328	1.252	0.378	0.863	1.323	-0.154	1.124	0.048	0.075	-0.14	1.466	0.756	0.825	1.305	1.609	1.017	1.657	0.825	0.999	0.505	1.398	1.12	1.141	1.568	1.381	1.355	1.256	0.076	1.472	0.159	0.735	1.536	1.027	0.336	0.945	1.991	0.093	1.154	0.628	0.069	0.04	0.058	-0.142	0.498	-0.031	-0.063	-0.106
1676	0	0.254	1.005	0.679	-0.027	-0.174	1.034	1.348	1.395	1.326	1.37	1.459	1.346	1.499	1.344	1.568	1.42	1.526	1.582	1.505	1.591	1.416	1.489	1.503	1.19	1.304	1.356	0.879	1.552	1.445	1.628	1.558	1.477	1.294	1.254	1.188	1.171	1.486	1.519	1.383	1.374	0.255	1.459	1.525	0.369	1.201	1.117	0.029	1.162	0.248	1.042	1.499	-0.007	1.389	0.657	0.966	1.458	1.509	0.082	0.972	1.17	1.539	1.248	1.511	1.347	1.485	1.396	1.493	1.43	1.449	1.335	1.201	1.339	1.342	1.438	0.992	1.23	1.308	1.331	0.938	1.371	1.19	1.03	0.852	0.933	1.488	1.468	0.866	0.538	0.477	0.895	0.534	1.292	0.386	0.265	0.443
1678	0	0.14	0.984	0.438	-0.089	-0.109	0.458	1.191	0.453	1.385	1.127	1.325	1.056	1.71	1.495	1.357	1.349	1.428	1.307	1.291	1.282	1.362	0.801	1.125	0.433	1.469	1.451	0.245	1.055	1.001	1.451	1.084	1.344	0.733	1.036	0.701	1.025	0.172	0.279	2.111	0.038	0.06	0.136	-0.176	0.022	0.753	0.811	0.565	0	0.085	1.044	0.348	0.443	1.202	0.011	1.143	0.19	0.169	-0.111	1.054	0.659	0.507	1.073	1.235	1.122	1.38	1.172	1.113	1.658	1.381	0.997	0.983	1.215	1.519	0.995	1.231	0.244	1.606	0.087	0.208	1.23	0.882	0.469	0.907	1.015	1.844	1.526	0.602	0.157	0.023	0.017	0.018	0.343	-0.031	0.012	-0.009
1687	0	0.321	1.01	0.671	-0.298	-0.316	0.676	1.106	0.851	1.27	1.156	1.122	0.888	0.995	1.107	1.132	1.159	1.263	1.224	1.272	1.178	1.29	1.171	1.146	0.97	1.127	1.36	0.557	1.176	1.219	1.344	1.417	1.41	1.027	1.175	0.49	1.005	0.049	0.129	1.37	-0.059	-0.203	0.497	0.036	0.359	1.158	0.873	0.771	-0.213	-0.188	1.036	0.358	0.529	1.13	-0.06	1.116	0.036	-0.017	-0.249	1.052	0.901	0.773	1.104	1.256	1.028	1.24	1.287	1.235	1.324	1.343	1.265	1.177	1.151	1.195	0.998	1.149	-0.078	1.113	0.05	0.809	1.226	0.937	0.938	1.053	1.077	1.197	1.201	0.839	-0.088	-0.224	0.152	0.027	0.817	-0.038	0.068	0.02
1688	0	0.014	1.228	0.68	-0.048	-0.084	0.603	1.543	0.951	1.604	1.512	1.53	1.305	1.761	1.639	1.778	1.532	1.68	1.772	1.782	1.371	1.751	1.735	1.429	-0.169	1.111	1.593	0.377	1.598	1.731	1.814	1.74	1.73	1.312	1.124	1.07	0.835	0.008	0.086	1.816	0.147	0.177	0.475	0.044	0.215	1.309	1.306	0.942	-0.179	-0.024	1.417	0.86	1.064	1.695	0.108	1.166	0.251	0	-0.235	1.399	1.184	1.142	-0.04	1.529	1.307	1.422	1.497	1.259	1.222	1.549	1.415	1.336	1.562	1.667	1.55	1.488	0.027	1.542	0.409	0.931	1.688	1.183	0.535	1.126	1.586	1.616	1.577	0.909	0.116	0.085	-0.294	0.274	1.268	-0.028	0.214	0.126
1691	0	0.058	0.747	0.378	-0.305	-0.294	0.36	1.188	1.207	1.5	1.327	1.531	1.041	1.382	1.334	1.632	1.486	1.534	1.464	1.631	1.44	1.562	1.34	1.458	1.171	1.299	1.498	1.342	1.202	1.5	1.556	1.623	1.62	1.026	1.09	0.947	1.123	0.168	0.543	1.709	0.186	0.228	0.228	0.257	0.345	0.747	0.906	0.157	0.152	0.102	0.923	0.39	0.776	1.349	0.083	1.047	0.336	0.471	0.005	1.033	0.8	0.94	0.759	1.252	0.764	0.912	1.13	1.404	1.464	1.597	1.244	1.382	1.481	1.319	1.313	-1.059	0.227	1.485	0.179	0.803	1.608	1.175	1.399	1.196	1.645	1.764	1.577	-1.155	0.281	-0.156	0.374	0.325	1.311	0.082	0.072	0.205
1692	0	0.353	1.112	0.717	-0.31	0.262	0.565	1.437	1.045	1.482	1.509	1.567	1.234	1.662	1.459	1.712	1.753	1.614	1.677	1.731	1.739	1.741	1.605	1.509	0.59	1.544	1.548	1.205	1.534	1.623	1.659	1.61	1.807	1.083	0.888	0.722	1.021	0.414	0.491	1.777	0.517	0.56	0.721	0.516	0.69	1.151	1.263	0.573	-0.08	0.398	1.01	0.883	0.173	1.619	0.447	1.405	0.814	0.687	0.066	1.311	1.23	1.528	0.442	1.54	1.205	1.428	1.421	1.494	1.407	1.628	1.25	1.22	1.584	1.668	1.238	1.456	0.39	1.49	0.743	0.931	1.551	1.12	1.376	1.12	1.63	1.656	1.576	0.696	0.057	0.401	0.469	0.542	1.302	0.403	1.293	0.468
1695	0	0.205	1.03	0.666	-0.017	-0.068	1.057	1.479	1.479	1.492	1.467	1.531	1.451	1.728	1.481	1.733	1.69	1.755	1.695	1.709	1.664	1.658	1.622	1.64	0.999	1.426	1.413	1.096	1.674	1.462	1.72	1.586	1.55	1.304	1.264	1.219	1.208	1.646	1.685	1.818	1.473	0.292	1.622	1.578	0.362	0.982	1.213	-0.031	1.269	-0.01	1.274	1.61	0.194	1.406	0.626	0.906	1.362	1.458	-0.06	1.065	1.113	1.509	1.11	1.585	1.533	1.542	1.658	1.607	1.503	1.446	1.35	1.022	1.432	1.36	1.594	1.161	1.405	1.381	1.218	0.714	1.545	1.143	0.948	0.657	0.968	1.808	1.689	1.145	0.367	0.591	1.003	0.233	1.408	0.316	0.482	0.441
1696	0	0.154	0.977	0.616	-0.157	-0.087	0.197	1.32	0.498	1.493	1.367	1.271	1.134	1.509	1.523	1.594	1.313	1.53	1.553	1.627	1.231	1.509	1.319	1.304	0.201	1.027	1.522	0.273	1.209	1.55	1.478	1.412	1.435	0.948	1.215	0.7	0.779	0.03	0.181	1.591	0.088	0.149	0.246	0.196	0.102	0.989	0.894	0.484	-0.271	-0.061	1.419	0.161	0.625	1.355	-0.026	0.993	-0.131	0.039	-0.167	1.156	0.863	0.839	0.041	0.884	0.913	1.247	1.108	1.043	1.268	1.246	1.101	1.108	1.566	1.393	1.032	0.998	-0.053	1.317	0.09	0.392	1.482	1.095	0.389	0.873	1.63	1.772	1.632	0.754	0.011	0.096	0.07	0.204	0.591	0.217	0.075	0.125
1699	0	0.188	1.064	0.719	0.13	0.082	0.574	1.396	0.931	1.449	1.314	1.329	0.727	0.913	0.976	0.985	1.095	1.231	1.126	1.073	1.1	1.169	1.044	1.007	0.997	1.191	1.383	0.677	1.319	1.468	1.549	1.486	1.486	0.724	1.233	1.25	1.004	0.118	0.176	1.585	0.308	0.296	0.615	0.222	0.38	1.193	0.436	0.419	-0.052	0.141	0.939	0.259	0.559	1.041	0.171	0.934	0.303	0.161	0.035	0.988	0.818	0.685	0.958	1.031	1.317	1.101	1.28	1.106	1.074	1.367	1.01	1.086	1.077	1.113	1.052	1.095	0.223	1.255	0.402	0.639	1.304	0.958	0.34	0.884	1.407	1.471	1.257	0.683	0.125	0.163	0.164	0.102	0.904	0.066	0.194	0.134
1700	0	0.116	0.961	0.466	-0.074	-0.074	0.24	1.298	0.627	1.513	1.291	1.422	0.951	1.491	1.349	1.375	1.37	1.413	1.341	1.515	1.173	1.461	1	1.24	0.521	1.142	1.264	0.248	1.368	1.213	1.503	1.431	1.472	0.927	0.943	0.905	0.828	0.175	-0.024	1.535	0.271	0.195	0.411	0.22	0.092	0.945	0.938	0.602	-0.193	0.289	0.905	0.319	0.669	1.335	0.091	0.971	0.221	0.073	-0.108	1.114	0.606	0.746	0.895	1.052	1.247	1.185	1.076	1.052	0.798	1.215	1.027	0.967	1.355	1.168	1.146	1.087	0.059	1.143	0.116	0.477	1.586	0.981	0.282	0.723	1.444	1.756	1.481	0.499	-0.075	0.171	0.063	0.098	1	0.072	0.102	0.171
1702	0	0.191	1.079	0.655	-0.114	-0.116	0.369	1.676	0.605	1.833	1.657	1.534	1.273	1.705	1.707	1.874	1.419	1.874	1.797	1.909	1.273	1.85	1.515	1.495	0.442	1.029	1.762	0.489	1.588	1.591	1.869	1.776	1.784	1.187	1.239	0.845	1.237	0.088	0.145	2.092	0.16	0.265	0.502	0.287	0.302	1.216	1.183	0.802	0.102	-0.148	1.637	0.362	1.276	1.579	0.13	1.59	0.192	0.22	-0.052	1.474	1.115	0.638	0.161	1.438	1.465	1.45	1.659	1.518	1.418	1.759	1.471	1.29	1.888	1.7	1.437	1.271	0.158	1.437	0.196	0.978	1.902	1.154	0.506	0.97	2.043	2.116	1.869	0.827	0.16	0.181	0.147	0.183	0.973	0.219	0.253	0.211
1703	0	0.108	0.782	0.401	-0.207	-0.292	0.578	0.979	1.099	1.101	1.003	0.975	1.131	1.305	1.045	1.323	1.152	1.263	1.128	1.215	1.275	1.241	1.109	1.156	0.881	1.008	1.109	0.852	1.183	1.116	1.236	1.198	1.21	1.111	1.077	0.773	0.864	1.264	1.332	1.262	1.005	0.206	1.142	1.118	0.365	0.858	0.903	0.367	0.784	-0.03	1.232	1.03	0.737	0.854	0.338	0.753	1.05	1.089	0.205	0.717	0.71	1.148	0.657	1.065	0.931	1.039	1.233	1.303	1.079	1.084	0.975	0.868	1.071	1.065	1.173	0.987	0.953	0.878	0.881	0.708	1.136	0.764	0.696	0.531	0.843	1.226	1.337	0.56	0.624	0.127	0.155	0.408	0.676	0.234	0.364	0.336
1706	0	-0.009	0.65	0.456	-0.337	-0.24	0.582	1.066	0.509	1.179	1.171	1.08	0.859	1.002	1.071	1.075	1.188	1.326	1.183	1.303	1.15	1.352	1.142	0.97	0.839	0.95	1.013	0.4	1.237	1.184	1.224	1.288	1.304	0.944	0.607	0.728	1.104	-0.064	-0.013	1.356	0.013	0.025	0.212	0.057	0.126	0.948	0.895	0.156	-0.444	-0.262	0.557	0.155	0.537	1.019	0.142	0.91	0.03	-0.03	-0.382	0.996	0.01	0.76	0.408	0.865	0.922	1.047	1.058	0.96	0.785	1.127	0.932	0.785	0.916	1.096	1.059	0.781	0.008	1.142	0.067	0.563	1.274	0.82	0.708	0.718	0.925	1.527	1.401	0.361	-0.093	-0.068	-0.042	0.138	0.692	-0.003	0.022	0.029
1708	0	0.148	0.853	0.477	-0.33	-0.479	0.984	1.356	0.837	1.54	1.349	1.052	0.977	1.611	1.587	1.666	1.645	1.675	1.436	1.675	1.394	1.709	1.597	1.484	1.129	1.344	1.61	0.888	1.585	1.524	1.442	1.606	1.643	1.13	1.287	0.654	0.876	0.006	0.266	1.669	0.181	0.163	0.327	0.048	0.041	1.205	1.233	0.318	-0.105	-0.278	1.249	0.274	0.752	1.414	-0.094	1.482	0.152	0.08	-0.315	1.219	0.654	1.048	1.342	1.467	0.945	1.515	1.584	1.542	1.357	1.582	1.372	1.134	1.5	1.534	1.481	1.401	0.115	1.424	-0.006	0.821	1.609	1.018	0.937	0.82	1.498	1.527	1.576	0.843	-0.183	-0.203	-0.172	0.226	1.102	0.023	0.093	0.055
1710	0	-0.092	0.903	0.497	-0.406	-0.481	1.038	1.403	0.683	1.375	1.321	1.352	1.163	1.43	1.504	1.539	1.401	1.509	1.44	1.494	1.346	1.504	1.395	1.372	0.917	1.101	1.476	-0.09	1.398	1.546	1.442	1.439	1.56	0.891	0.983	1.026	1.023	-0.118	0.252	1.679	0.18	0.028	0.112	0.028	-0.217	1.127	0.912	0.59	-0.239	-0.288	1.053	0.348	0.72	1.499	-0.124	1.301	-0.073	0.075	-0.466	1.307	0.986	1.025	1.15	1.476	1.175	1.351	1.395	1.036	1.013	1.44	1.212	1.236	1.334	1.503	1.143	1.127	-0.389	1.405	0.076	0.772	1.423	1.083	0.845	1.095	1.396	1.498	1.496	0.795	-0.094	-0.231	0.029	0.068	0.825	-0.017	0.104	0.115
1719	0	0.054	0.984	0.279	-0.246	-0.355	0.176	1.139	0.597	1.16	1.051	1.111	1.097	1.52	1.249	1.428	1.586	1.414	1.338	1.439	1.339	1.444	1.381	1.195	1.144	1.163	1.353	1.013	1.424	1.189	1.381	1.369	1.307	0.79	0.536	0.56	1.073	-0.093	-0.068	1.554	-0.106	-0.266	0.189	0.056	0.101	0.608	0.738	0.015	-0.357	-0.345	0.367	0.121	-0.163	1.125	0.064	1.094	0.113	0.193	-0.253	1.047	0.861	0.577	0.064	0.902	0.913	1.16	1.215	1.221	1.156	1.392	1.1	0.979	1.392	1.339	1.079	1.103	-0.124	1.265	0.042	0.705	1.225	0.859	1.126	0.904	1.44	1.511	1.263	0.362	-0.148	0.022	0.021	0.225	1.055	-0.078	1.031	0.186
1724	0	0.049	1.141	0.665	-0.045	-0.075	0.352	1.383	0.818	1.573	1.349	1.338	1.362	1.488	1.53	1.528	1.531	1.631	1.474	1.602	1.47	1.664	1.257	1.166	0.879	1.338	0.51	0.275	1.454	1.238	1.618	1.647	1.704	1.306	1.26	0.917	0.724	1.116	0.13	1.813	0.3	0.243	0.153	0.057	0.193	1.204	0.9	0.458	-0.211	-0.047	1.376	0.219	0.553	1.402	0.117	1.224	0.211	0.046	-0.125	1.149	0.812	0.419	0.992	1.13	0.854	1.075	1.296	1.11	0.994	1.288	1.182	1.193	1.491	1.528	1.236	1.19	-0.046	1.442	0.225	0.574	1.658	1.151	0.683	0.827	1.768	1.843	1.63	0.702	0.042	0.075	-0.004	0.128	1.251	0.143	0.269	0.17
1730	0	0.401	1.239	0.791	0.133	0.13	1.062	1.582	1.435	1.666	1.566	1.498	1.476	1.728	1.562	1.893	1.775	1.738	1.877	1.836	1.664	1.622	1.755	1.612	0.909	1.569	1.36	1.12	1.623	1.663	1.866	1.839	1.755	1.396	1.318	1.428	1.128	1.705	1.115	2.222	1.629	0.293	1.766	1.765	0.576	1.178	1.293	0.5	1.337	0.214	1.256	1.783	0.338	1.515	0.461	1.028	1.413	1.658	0.193	1.355	1.078	1.515	1.1	1.669	1.519	1.548	1.607	1.987	1.564	1.509	1.373	1.327	1.492	1.375	1.505	0.98	1.17	1.336	0.777	1.009	1.722	1.242	0.803	0.775	0.936	2.101	1.76	1.145	0.536	0.162	0.903	0.524	1.512	0.381	0.493	0.424
1734	0	0.168	1.05	0.63	-0.034	-0.062	0.592	1.424	0.736	1.554	1.438	1.423	1.357	1.613	1.529	1.609	1.526	1.513	1.495	1.684	1.159	1.595	1.135	1.476	0.956	1.464	1.1	0.54	1.658	1.326	1.582	1.719	1.637	1.379	1.213	0.947	0.735	0.028	0.15	2.15	0.36	0.218	0.283	0.191	0.3	1.069	1.2	0.869	-0.01	-0.108	1.272	0.369	0.577	1.49	0.117	1.399	0.05	0.158	-0.224	1.347	0.81	0.855	0.792	1.331	1.217	1.262	1.024	0.867	0.606	1.218	1.185	1.145	1.285	1.611	1.41	1.176	0.066	1.547	0.222	0.966	1.723	1.159	1.032	1.099	1.066	1.923	1.683	0.793	0.156	0.145	0.208	0.224	1.283	0.158	0.182	0.161
1742	0	0.261	1.318	0.824	0.17	0.196	0.549	1.663	1.008	1.888	1.674	1.686	1.422	1.928	1.846	1.867	1.847	1.826	1.851	1.91	1.84	1.866	1.438	1.765	0.872	1.83	1.804	0.761	1.642	2.008	1.93	1.733	1.882	1.855	1.477	1.571	1.531	0.221	0.269	2.179	0.502	0.309	0.732	0.425	0.44	1.874	1.312	1.038	0.134	0.134	1.731	0.408	1.209	1.783	0.224	1.592	0.451	0.218	0.251	1.57	1.072	0.864	0.998	1.484	1.427	1.811	1.59	1.592	1.058	1.731	1.508	1.598	1.973	1.834	1.549	1.618	0.337	1.845	0.29	0.994	1.967	1.524	1.227	1.395	2.06	2.336	2.097	0.984	0.25	0.325	0.106	0.38	1.662	0.226	0.488	0.432
1751	0	-0.024	1.085	0.634	-0.255	-0.299	0.747	1.408	0.868	1.551	1.367	1.578	0.992	1.816	1.469	1.704	1.754	1.762	1.613	1.831	1.501	1.805	1.576	1.602	1.567	1.066	1.62	1.059	1.533	1.656	1.84	1.766	1.826	1.275	1.163	1.057	1.314	-0.023	0.119	1.823	0.294	0.17	0.307	0.28	0.257	1.166	0.905	0.207	0.202	-0.103	0.947	0.252	0.565	1.281	0.026	1.051	0.274	0.198	-0.258	1.268	1.09	1.507	1.248	1.215	1.112	1.131	1.148	1.345	1.245	1.639	1.066	1.268	1.6	1.672	1.452	1.416	-0.128	1.357	0.151	0.621	1.7	0.987	0.897	1.139	1.681	1.809	1.816	0.799	0.073	-0.097	0.123	0.158	0.98	0.111	0.137	0.202
1760	0	0.294	1.063	0.588	0.057	0.116	0.908	1.431	1.433	1.532	1.413	1.351	1.443	1.698	1.445	1.681	1.5	1.759	1.686	1.71	1.562	1.52	1.462	1.561	0.949	1.47	1.55	0.867	1.554	1.562	1.853	1.248	1.499	1.29	1.289	1.113	1.047	1.757	1.358	1.843	1.357	0.396	1.597	1.614	0.168	0.812	1.328	0.242	1.062	0.158	1.273	1.559	0.453	1.405	0.946	0.991	1.373	1.565	0.251	1.204	1.033	1.478	1.265	1.606	1.299	1.494	1.705	1.682	1.5	1.344	1.249	1.246	1.397	1.262	1.532	1.122	1.08	1.369	1.368	0.844	1.534	0.973	0.918	0.668	0.962	1.807	1.711	0.906	0.681	0.521	0.824	0.534	1.307	0.412	0.561	0.54
1767	0	0.376	1.055	0.606	-0.183	0.114	0.802	1.526	1.346	1.733	1.61	1.498	1.333	1.694	1.528	1.886	1.647	1.705	1.82	1.803	1.545	1.712	1.704	1.689	0.815	1.409	1.481	0.815	1.681	1.573	1.817	1.798	1.698	1.503	1.307	1.321	1.098	1.802	1.403	1.972	1.57	0.391	1.712	1.731	0.507	1.25	1.324	0.741	1.29	0.077	1.23	1.579	0.278	1.423	0.864	1.127	1.416	1.53	0.298	1.208	1.062	1.98	1.237	1.642	1.496	1.593	1.623	1.964	1.642	1.567	1.24	1.177	1.565	0.82	1.524	1.002	1.274	1.306	1.375	0.96	1.639	1.169	1.045	0.791	1.676	2.192	1.903	0.882	0.666	0.596	0.961	0.5	1.501	0.348	0.645	0.485
1770	0	0.084	0.666	0.712	-0.09	-0.052	0.472	1.321	0.876	1.448	1.44	1.522	1.079	1.602	0.918	1.496	1.557	1.619	1.588	1.667	1.351	1.769	1.227	1.278	0.863	1.334	1.87	1.144	1.615	1.52	1.621	1.751	1.677	0.901	0.858	0.475	1.046	0.1	0.058	1.864	0.401	-0.042	0.787	0.548	0.314	0.885	1.325	0.435	0.47	-0.017	1.127	0.266	1.3	1.715	-0.123	1.68	0.086	0.076	-0.131	1.479	1.171	0.647	1.514	1.513	1.453	1.453	1.588	1.392	1.685	1.639	1.248	1.06	1.461	1.559	1.447	1.213	0.117	1.467	0.077	0.595	1.64	1.022	0.756	1.122	1.228	1.715	1.678	1.24	0.053	0.078	0.038	0.165	1.478	0.12	0.038	0.061
1777	0	-0.004	0.665	0.542	-0.172	-0.007	0.628	1.264	0.74	1.393	1.158	1.275	1.115	1.537	1.415	1.503	1.471	1.619	1.471	1.534	1.366	1.482	0.895	1.354	1.227	0.926	1.435	1.133	1.613	1.49	1.395	1.222	1.353	1.274	1.046	1.113	0.963	-0.081	0.493	1.683	0.583	-0.002	0.375	0.117	0.297	0.825	0.879	0.697	0.041	-0.199	0.987	0.148	0.588	1.279	0.126	0.436	0.275	0.113	-0.185	1.393	0.646	1.303	0.979	1.255	0.774	-1.175	0.988	0.877	1.123	1.218	0.787	0.947	1.126	1.302	0.957	0.966	-0.039	1.412	0.239	0.651	1.507	0.992	0.969	0.595	1.556	1.663	1.616	0.753	0.112	0.087	0.107	-0.009	1.176	0.216	0.274	0.069
1787	0	0.196	0.938	0.52	0.097	0.028	0.74	1.479	1.065	1.639	1.467	1.555	0.964	1.607	1.468	1.552	1.687	1.642	1.677	1.661	1.668	1.777	1.397	1.372	1.011	1.322	1.503	0.223	1.407	1.594	1.676	1.83	1.736	1.437	1.289	0.892	1.094	0.361	0.27	2.166	0.17	0.46	0.617	0.555	0.61	1.43	1.212	0.398	0.154	0.168	0.609	0.356	0.388	1.47	0.257	1.41	0.277	0.432	0.227	1.559	1.159	0.561	0.915	0.649	0.549	1.094	1.193	1.606	1.441	1.624	1.332	1.394	1.45	1.463	1.499	1.266	0.321	1.752	0.408	0.803	1.8	1.076	0.606	1.172	1.811	2.087	1.291	0.84	0.218	0.202	0.181	0.329	1.116	0.16	0.315	0.267
1788	0	0.147	0.987	0.477	0.046	0.05	0.254	1.353	0.54	1.704	1.535	1.389	0.952	1.513	1.454	1.545	1.187	1.539	1.436	1.576	0.882	1.655	1.235	1.418	0.411	0.861	1.494	0.39	1.398	1.432	1.628	1.578	1.585	1.082	1.07	1.04	0.788	-0.016	0.133	2.262	0.049	0.156	0.453	0.319	0.218	1.122	1.057	0.553	0.046	0.037	1.052	0.337	0.805	1.113	0.12	0.853	0.117	0.155	0.01	1.27	0.893	0.653	0.125	1.07	1.267	1.13	1.35	1.339	1.009	1.317	1.16	1.113	1.387	1.486	1.164	1.153	0.187	1.454	0.159	0.666	1.431	1.026	0.628	1.03	1.734	2.077	1.244	0.749	0.149	0.118	0.083	0.182	0.818	0.131	0.14	0.088
1790	0	0.081	1.021	0.613	-0.077	-0.066	0.661	1.512	0.634	1.617	1.505	1.426	1.273	1.603	1.602	1.574	1.578	1.629	1.623	1.656	1.306	1.602	1.391	1.314	1.672	1.568	1.552	1.395	1.617	1.498	1.701	1.607	1.62	1.15	1.187	0.758	1.145	-0.015	0.244	1.738	0.43	0.214	0.367	0.196	0.145	1.338	1.068	0.633	0.032	-0.104	1.054	0.508	0.889	1.607	0.192	1.535	0.175	0.279	-0.044	1.312	0.848	0.441	1.004	1.336	1.162	1.482	1.479	1.216	0.767	1.375	1.127	1.258	1.563	1.519	1.324	1.384	0.031	1.548	0.055	0.611	1.592	1.228	0.462	1.02	1.676	1.811	1.659	0.748	0.092	0.027	-0.025	0.006	1.212	-0.018	0.118	-0.096
1791	0	0.017	0.751	0.505	0.242	-0.226	0.97	1.18	1.184	1.195	1.145	1.057	1.156	1.352	1.321	1.392	1.39	1.275	1.381	1.349	1.314	1.218	1.35	1.176	0.701	1.188	1.207	0.755	1.263	1.177	1.387	1.192	1.282	1.255	1.413	1.147	1.015	1.328	1.362	1.295	1.26	0.029	1.355	1.374	0.422	1.238	1.236	0.024	1.012	-0.293	1.303	1.31	0.985	1.196	1.05	1.255	1.339	1.36	0.329	1.017	0.786	1.356	1.224	1.36	1.361	1.376	1.407	1.423	1.425	1.4	1.35	0.994	1.107	1.049	1.223	1.142	1.069	1.203	1.122	0.745	1.308	1.152	1.115	0.623	0.849	1.181	1.284	1.152	0.344	0.447	0.724	0.444	1.014	0.06	0.254	0.18
1792	0	1.084	1.458	1.073	-0.166	0.25	1.156	1.558	0.742	1.553	1.492	1.444	1.297	1.586	1.616	1.631	1.631	1.648	1.607	1.646	1.438	1.629	1.609	1.482	1.451	1.351	1.666	1.324	1.724	1.691	1.757	1.697	1.689	1.626	1.317	1.437	1.392	-0.099	0.177	1.703	0.301	0.074	0.398	0.031	0.16	1.347	1.488	1.093	-0.052	-0.184	1.294	1.24	1.211	1.505	0.226	1.363	-0.029	0.058	-0.17	1.35	1.124	1.456	1.195	1.557	1.342	1.548	1.554	1.611	1.406	1.677	1.451	1.296	1.498	1.556	1.424	1.575	-0.009	1.456	-0.065	1.145	1.6	1.261	1.448	1.343	1.562	1.533	1.55	1.269	0.207	0.127	0.719	0.375	1.523	0.227	0.23	0.143
1793	0	0.158	0.872	0.529	0.01	-0.035	0.898	1.192	0.866	1.083	1.345	1.291	0.996	1.683	1.512	1.554	1.512	1.416	1.465	1.439	1.062	1.652	1.302	1.187	1.136	1.177	1.197	0.959	1.515	1.47	1.619	1.305	1.314	1.215	0.947	1.009	0.975	0.196	0.186	2.125	0.299	0.138	0.378	0.238	0.156	1.237	1.048	0.278	0.083	-0.157	0.943	0.319	0.91	1.5	0.296	0.888	0.037	-0.028	0.245	1.013	0.692	0.378	0.873	1.237	1.121	1.184	0.997	1.423	1.62	1.477	0.707	0.979	1.379	1.436	1.371	1.139	0.41	1.254	0.197	0.375	1.461	1.004	0.751	1.045	1.454	1.975	1.328	0.67	0.114	0.115	0.132	0.125	1.133	0.19	0.199	0.219
1794	0	0.097	1.025	0.633	-0.37	-0.197	0.401	1.715	0.993	1.618	1.665	1.641	1.532	1.911	1.787	1.877	1.793	1.905	1.878	1.897	1.629	1.914	1.745	1.69	1.158	1.498	1.685	0.367	1.527	1.888	1.92	1.871	1.681	1.025	1.383	1.285	1.298	0.091	0.214	1.936	0.175	-0.038	0.291	0.227	0.214	1.121	1.504	0.922	0.243	0.137	1.384	1.173	1.074	1.661	0.287	1.708	-0.133	0.354	-0.106	1.501	1.397	1.565	1.708	1.802	1.633	1.747	1.788	1.735	1.349	1.923	1.7	1.645	1.718	1.809	1.468	1.643	-0.077	1.389	0.128	1.343	1.881	1.547	0.954	1.465	1.728	1.763	1.8	1.031	0.04	0.073	0.22	0.014	1.56	-0.03	0.116	0.119
1795	0	0.014	0.764	0.323	-0.218	-0.291	0.304	1.262	0.815	1.267	1.285	1.124	1.282	1.452	1.493	1.505	1.277	1.501	1.379	1.492	0.815	1.341	1.109	0.968	0.79	0.839	1.352	0.24	1.478	1.305	1.517	1.51	1.37	0.558	0.598	0.781	0.758	-0.034	-0.132	1.443	-0.114	0.159	0.148	-0.045	0.03	0.757	0.586	-0.044	-0.041	0.109	1.139	0.375	1.059	1.217	-0.257	1.036	-0.107	-0.019	-0.301	1.243	0.9	0.71	1.16	0.756	0.78	1.027	0.845	1.02	0.745	1.33	0.495	1.094	1.497	1.419	1.249	1.027	0.033	1.296	-0.078	0.378	1.24	0.905	0.882	0.909	1.421	1.609	1.634	0.534	0.011	-0.014	-0.041	-0.088	0.79	-0.316	-0.286	-0.106
1796	0	0.075	1.027	0.608	0.21	0.122	0.707	2.156	1.299	2.298	2.01	2.072	1.859	2.126	1.902	2.182	1.876	2.248	2.118	2.042	1.12	1.861	2.127	1.901	1.314	1.479	2.022	1.403	2.019	2.086	2.142	2.34	2.245	1.307	1.26	1.043	1.135	0.308	0.271	2.26	0.215	0.246	0.471	0.395	0.392	1.178	1.085	0.162	0.12	0.444	1.191	0.941	0.715	1.999	0.354	1.505	0.32	0.255	0.294	1.796	0.966	0.715	1.38	1.404	1.265	1.769	1.771	1.801	1.418	1.956	1.486	1.588	1.804	2.187	1.888	1.612	0.132	1.913	0.315	0.993	1.762	1.046	1.455	1.361	2.131	0.196	1.726	1.067	0.128	0.234	0.113	0.046	1.228	-0.093	0.063	0.096
1803	0	0.188	1.178	0.635	-0.03	-0.062	0.571	1.444	1.059	1.578	1.506	1.536	1.126	1.762	1.635	1.781	1.761	1.742	1.717	1.74	1.54	1.707	1.67	1.58	1.419	1.435	1.73	1.344	1.719	1.704	1.742	1.705	1.764	1.343	1.265	1.143	0.975	-0.036	0.208	1.718	0.124	0.105	0.427	0.241	0.27	1.157	1.195	0.623	-0.329	0	0.827	0.549	0.591	1.318	0.077	1.196	0.312	0.173	-0.176	1.23	0.828	0.67	1.034	1.267	0.886	1.08	1.297	1.179	0.977	1.453	1.097	1.158	1.701	1.624	1.407	1.246	0.221	1.478	0.324	0.575	1.608	0.936	0.51	1.31	1.67	1.763	1.608	0.922	0.105	0.154	0.337	0.115	1.071	0.262	0.354	0.309
1804	0	-0.002	1.062	0.654	-0.096	-0.338	0.582	1.576	0.861	1.342	1.432	1.45	1.096	1.614	1.517	1.626	1.674	1.576	1.591	1.784	1.578	1.619	1.596	1.432	1.426	1.411	1.376	1.305	1.608	1.816	1.751	1.691	1.584	1.074	0.994	0.595	1.201	-0.079	0.028	1.775	0.252	0.15	0.452	0.116	0.206	1.275	1.26	0.587	0.048	-0.046	1.19	0.563	1.289	1.486	0.402	1.025	0.109	0.158	-0.149	1.232	0.928	0.997	0.76	1.09	1.032	1.105	1.326	1.157	1.093	1.645	1.201	1.371	1.306	1.516	0.913	1.166	0.03	1.445	0.129	0.647	1.577	1.343	0.995	1.194	1.404	1.775	1.807	0.768	0.042	0.023	-0.173	0.316	0.694	0.049	0.025	0.252
1808	0	0.028	0.761	0.409	0.013	0.036	0.072	1.042	0.376	1.372	1.071	1.16	0.681	1.356	1.254	1.317	1.265	1.421	1.304	1.384	0.282	1.417	0.78	1.153	0.444	0.769	1.349	0.351	1.184	1.197	1.443	1.402	1.39	0.469	0.813	0.609	0.553	0.261	0.455	2.147	0.283	0.364	0.442	0.351	0.233	0.829	0.74	0.028	0.034	0.332	0.924	0.289	0.305	1.016	0.253	0.855	0.298	0.131	0.087	1.074	0.712	0.453	0.862	1.158	0.943	1.139	0.974	0.999	0.486	1.033	0.335	0.116	0.466	0.976	0.907	0.838	0.311	1.058	0.34	0.35	1.135	0.516	0.18	0.332	0.906	0.111	0.199	0.321	0.101	0.126	0.099	0.085	0.294	0.113	0.057	0.048
1810	0	0.341	0.771	0.494	-0.084	-0.067	0.322	1.187	0.404	1.344	1.25	1.384	0.942	1.539	1.432	1.456	1.368	1.475	1.751	1.512	0.939	1.463	1.087	1.279	0.648	0.986	1.43	0.221	1.346	1.371	1.598	1.521	1.33	1.168	1.265	0.315	1.154	0.338	0.181	1.71	0.337	0.269	0.605	0.026	0.287	1.358	1.084	0.793	0.267	0.163	1.269	0.226	0.972	1.489	0.495	1.319	0.445	0.324	0.502	1.327	1.05	0.92	1.267	1.331	0.877	1.382	1.206	0.903	1.273	1.637	0.392	1.283	1.508	1.379	1.106	1.106	0.028	1.167	0.175	0.498	1.268	0.833	0.143	0.858	1.701	1.998	1.649	0.625	0.298	0.161	0.037	0.234	0.52	0.01	0.259	0.516
1819	0	0.118	0.912	0.488	-0.121	-0.161	0.253	1.351	0.561	1.598	1.302	1.386	0.989	1.562	1.497	1.602	1.437	1.577	1.403	1.501	0.81	1.585	1.083	1.375	0.631	0.949	1.353	0.437	1.466	1.36	1.622	1.462	1.534	0.842	0.838	0.863	0.743	0.005	0.148	1.834	0.092	0.099	0.416	-0.06	0.031	0.961	0.632	0.331	-0.013	-0.009	0.941	0.379	0.46	1.375	0.208	0.808	-0.255	-0.14	-0.314	1.18	0.655	0.402	0.715	1.368	0.899	0.861	1.249	0.732	0.57	1.239	0.859	0.9	1.334	1.45	1.088	0.966	-0.1	1.362	0.115	0.313	1.247	1.013	0.367	0.932	1.857	2.006	1.465	0.605	0.061	0.085	0.041	0.053	-0.273	0.08	0.174	0.102
1883	0	0.107	0.913	0.28	-0.041	-0.016	0.467	1.595	0.957	1.879	1.771	1.705	1.231	1.101	1.374	1.698	1.56	1.53	1.587	1.779	0.951	1.914	1.736	1.506	1.127	1.15	0.644	0.863	1.498	1.523	1.849	1.788	2.038	1.154	0.907	0.555	0.386	0.051	0.053	1.852	0.159	0.144	0.687	0.157	0.28	0.85	0.761	0.781	0.167	0.036	0.826	0.171	0.037	1.354	0.122	1.19	0.221	0.177	0.134	1.459	0.813	0.609	0.504	0.952	0.422	0.914	0.848	0.738	0.93	0.981	0.81	0.891	0.51	1.393	0.836	0.635	-0.062	1.32	0.009	0.386	1.084	0.635	0.651	0.689	0.879	2	1.109	0.431	0.039	-0.044	0.253	0.237	1.145	0.068	0.258	-0.054
1919	0	0.097	1.183	0.758	-0.172	-0.19	0.611	1.591	0.958	1.749	1.668	1.483	1.44	1.834	1.846	1.826	1.847	1.841	1.849	1.81	1.663	1.884	1.829	1.616	1.288	1.245	1.715	0.862	1.643	1.842	1.917	1.787	1.772	1.31	1.248	1.414	1.188	0.132	0.272	1.904	0.179	0.286	0.507	0.262	0.408	1.353	1.492	0.994	-0.008	0.108	1.286	1.181	1.197	1.672	0.206	1.57	0.337	0.195	-0.133	1.214	1.16	1.232	0.964	1.73	1.653	1.603	1.582	1.583	1.268	1.776	1.493	1.453	1.698	1.742	1.401	1.624	0.018	1.647	0.192	1.152	1.699	1.412	0.737	1.146	1.743	1.878	1.853	0.874	0.175	0.117	0.188	0.319	1.417	0.236	0.163	-0.043
2119	0	-0.222	0.693	0.281	-0.389	-0.405	0.463	0.883	0.377	1.225	1.046	1.1	0.681	1.219	1.124	1.317	1.248	1.257	1.091	1.273	1.215	1.245	1.057	1.142	1.135	1.01	1.183	1.156	1.169	0.936	1.029	1.179	1.187	0.951	0.685	0.654	0.814	-0.454	-0.063	1.39	0.132	-0.226	-0.132	-0.3	-0.155	0.78	0.731	0.545	-0.195	-0.387	0.682	0.046	0.765	1.055	0.008	0.891	-0.125	-0.291	-0.502	0.861	0.603	1.004	0.898	1.068	0.976	1.071	1.051	1.181	1.106	1.214	1.136	1.051	1.086	1.124	1.124	0.979	-0.253	1.075	-0.211	0.634	1.158	0.891	0.869	0.835	1.217	1.316	1.247	0.46	0.054	-0.109	-0.317	0.107	1.029	-0.33	-0.118	-0.22
3011	0	0.394	1.164	0.722	0.141	0.149	1.117	1.564	1.532	1.612	1.592	1.605	1.608	1.815	1.703	1.854	1.793	1.872	1.815	1.847	1.699	1.762	1.803	1.722	1.14	1.56	1.715	0.901	1.467	1.325	1.594	1.782	1.658	1.387	1.279	1.422	1.186	1.829	1.562	1.808	1.193	0.071	1.727	1.644	0.387	1.08	1.369	0.488	1.267	0.288	1.591	1.408	-0.145	1.074	0.42	0.981	1.231	1.306	-0.092	1.118	1.116	1.755	1.369	1.49	1.135	1.234	1.575	1.865	1.687	1.416	1.109	1.1	1.605	1.642	1.702	1.273	1.279	1.261	1.44	0.822	1.669	1.068	1.113	0.898	1.244	1.936	1.909	1.015	0.324	0.689	0.968	0.63	1.518	0.29	0.726	0.59
3085	0	-0.059	1.28	0.385	-0.247	-0.352	0.312	1.233	0.677	1.357	1.348	1.133	0.728	1.231	1.339	1.409	1.143	1.267	1.106	1.407	1.219	1.387	1.339	1.224	0.968	0.868	1.402	1.055	1.174	1.274	1.235	1.177	1.215	0.316	0.693	0.554	0.803	-0.064	0.172	1.578	0.042	-0.054	0.074	-0.084	-0.1	0.868	0.838	0.289	-0.21	-0.061	0.717	0.447	0.494	1.183	0.009	1.13	0.072	0.109	-1.304	0.813	0.804	0.798	0.851	1.055	0.914	0.977	1.051	1.169	0.793	1.336	0.98	0.619	1.353	1.314	0.967	0.812	-0.044	1.184	0.232	0.373	1.386	0.856	1.029	0.586	1.442	1.567	1.455	0.384	-0.036	0.024	0.054	0.062	0.716	0.005	0.145	-0.034
1467	0	0.401	0.454	0.431	-0.402	-0.429	0.191	0.736	0.32	0.691	0.66	0.572	0.7	0.73	0.762	0.745	0.904	0.765	0.766	0.665	0.82	0.802	0.613	0.687	0.693	0.949	1.039	0.037	0.915	0.97	0.87	0.906	0.943	0.798	0.696	0.766	0.633	-0.165	0.004	0.872	-0.089	-0.295	-0.082	-0.192	-0.276	0.878	0.733	0.415	-0.492	-0.383	0.71	-0.004	0.531	0.791	-0.303	0.712	-0.304	-0.181	-0.581	0.651	0.619	0.842	0.723	0.921	0.739	0.783	0.814	0.863	0.552	0.949	0.619	0.63	0.686	0.814	0.753	0.744	-0.411	0.711	-0.225	0.249	0.715	0.602	0.39	0.61	0.82	0.818	0.832	0.285	-0.22	-0.298	-0.29	-0.131	0.644	-0.326	-0.29	-0.123
1566	0	0.041	1.038	0.255	-0.006	0.056	0.076	1.153	0.447	1.219	1.188	1.225	0.82	1.365	1.274	1.263	1.207	1.38	1.312	1.311	0.853	1.448	0.795	0.997	0.636	0.913	1.549	0.333	1.342	1.155	1.458	1.489	1.51	0.727	0.784	0.761	0.748	0.071	0.147	0.161	0.123	0.099	0.239	0.13	0.09	0.898	0.797	0.4	0.093	0.055	0.776	0.136	0.432	1.199	0.115	0.802	0.097	0.115	0.035	1.278	0.933	0.574	0.679	1.28	0.481	0.769	0.907	0.858	1.22	0.935	0.855	0.876	0.827	1.202	0.851	0.502	0.095	1.041	0.101	0.323	0.936	0.746	0.225	0.674	1.116	0.939	1.123	0.299	0.277	0.062	0.014	0.109	0.909	0.099	0.059	0.123
1593	0	0.184	0.963	0.504	-0.092	-0.049	0.472	1.306	0.942	1.388	1.173	1.218	1.043	1.318	1.376	1.44	1.537	1.61	1.524	1.559	1.481	1.518	1.206	1.319	1.16	1.279	1.721	0.966	1.638	1.717	1.519	1.548	1.685	1.335	1.166	0.884	0.758	0.185	0.145	1.582	0.405	0.355	0.399	0.446	0.257	1.391	1.235	0.751	0.029	0.155	1.346	0.464	0.848	1.463	0.262	1.305	0.378	0.294	-0.151	1.262	0.924	1.31	1.22	1.386	1.016	1.113	1.194	1.375	1.218	1.571	1.202	1.126	1.329	1.313	1.282	1.153	0.02	1.352	0.25	0.382	1.396	1.017	0.718	0.773	1.481	1.471	1.741	0.519	0.234	0.288	0.35	0.465	1.349	0.275	0.246	0.257
