Strain_ID	GWAS_ID	PC1	PC2	PC3	PC4	PC5	PC6	PC7	PC8	PC9	PC10	PC11	PC12	PC13	PC14	PC15	PC16	PC17	PC18	PC19
3011	3011	-1.00662213866794	1.09835084206098	0.788907032466578	-0.130963694803847	2.30450857463244	-1.52681162273127	-0.185260694103599	0.194062032882457	0.259602875099613	-0.317051540803874	0.0906616705247078	0.220314774698819	0.0450708621890056	0.0815093098453164	-0.0317477861396196	0.00924335437235163	-0.0160956242666224	-0.0124945864188478	-7.93513775775017e-16
3082	3082	-2.77202463388867	2.96399728947578	1.28054418870791	-1.9614610891572	2.31522151413906	0.421372912364026	-0.140592111118303	0.578411993140783	0.142737818108071	0.0701705425301991	0.171275442280348	0.0115959575975812	0.0710895996418164	0.0520563382878127	0.0276642613646793	0.0342924628384481	0.0046391045976285	-0.00539376357926488	-7.40086092039316e-16
3085	3085	-2.77202463388867	2.96399728947578	1.28054418870791	-1.9614610891572	2.31522151413906	0.421372912364026	-0.140592111118303	0.578411993140783	0.142737818108071	0.0701705425301991	0.171275442280348	0.0115959575975812	0.0710895996418164	0.0520563382878127	0.0276642613646793	0.0342924628384481	0.0046391045976285	-0.00539376357926488	-7.40086092039316e-16
USDA1004	1004	-1.49726834627673	-0.297372927201927	-0.715657189516824	0.559224811899926	-1.74381087838016	-0.431104408444985	-0.315880409358325	0.660227233679937	0.0642287385872071	0.0252103785101511	0.050592982150487	0.0448000344762002	0.0471674322936077	-0.0780438107377279	0.000156541672162891	-0.0552827189979403	-0.00989875414551081	-0.00592436799620452	2.01703521549686e-16
USDA1005	1005	3.07918293107101	-0.631394230952569	1.04831551621786	-0.0653360442499057	-0.064152173315901	0.163584104171617	0.14053628383322	0.192454004810415	-0.165195903033385	-0.107409219264956	-0.00784389025496357	0.117423144092239	-0.0792746650858246	0.00108561441039685	0.011170032522684	-0.0120326752678376	0.0147701379749315	0.00832759796489493	-1.5294678958876e-16
USDA1006	1006	3.02980182836249	-0.570489736356837	1.32005247854128	-0.204442406853662	-0.0372749289202394	0.504771472411725	0.0928014796972736	0.223145234067282	-0.16298664375669	-0.043685415268186	-0.0240340831262257	0.147222540767269	-0.122813546921323	0.0201026442684082	-0.0050834594141138	-0.0124296973263581	0.04084191757156	0.00717159007551578	-4.77795016954641e-16
USDA1007	1007	3.84110620735086	0.114138590448324	1.52682005787152	-0.138565106813818	-0.0534479716125	0.238028108754329	-0.0058515844427654	0.228428897658432	-0.114102449014632	-0.0342652429963703	0.0240704816077923	0.0691624890753506	-0.0176673959617435	0.0153462233314399	-0.0146373375293052	-0.0304323247495806	0.00465648006848807	0.0122210201620923	-2.65502979269486e-16
USDA1008	1008	0.0337545431208926	-2.66449176656149	0.259543950192061	-2.26259854033723	-0.180129653160005	0.815697624819946	-0.176622111128612	-0.106546589918906	0.107358529966615	-0.0413824697457992	-0.00405697941643729	-0.0737412919385798	-0.0221259325476163	-0.0346296396504052	-0.0315460410065437	0.0444189343961447	-0.00135161213472723	-0.00681767388177216	3.55049906727904e-16
USDA1010	1010	2.21453227768438	-1.01000978931229	0.318472585240059	-0.219292968509597	0.00853332689987987	1.16916432050677	0.210513168275563	0.239615165764435	-0.16114817731914	-0.0318121183895881	0.0450264987245931	0.11574781403616	-0.0720260537306274	-0.103403996221812	-0.0217563498925332	0.00877406383785461	0.0137590026376396	-0.00206834691572264	-8.05886808665204e-17
USDA1018	1018	-2.0715401267293	3.10750424008589	0.276247833949276	-0.142172022183706	-0.131373365881716	-1.03603163388764	-0.24096095180573	-0.179318426197557	0.135597547369573	-0.125930188555992	0.00817425466556154	-0.0897972883717294	-0.171164540275932	-0.0588775998121052	-0.0437713536056263	0.00518915216073362	0.00785069054945862	-0.00730094663152238	1.09108424620671e-16
USDA1020A	1020	3.81724713806334	1.15030939511742	1.18376785084225	-0.148231636131109	0.03837210721901	-0.0880451083050057	-0.121234726675114	0.0316571950441527	-0.164251650135347	-0.138949190375896	0.187603707582478	-0.158525311547571	0.00678933111136228	-0.0795564634791932	0.00443220493863878	-0.0369073289775806	-0.00842640459253282	0.00807560652169856	-2.73844282482432e-16
USDA1022	1022	3.07918293107101	-0.631394230952569	1.04831551621786	-0.0653360442499057	-0.064152173315901	0.163584104171617	0.14053628383322	0.192454004810415	-0.165195903033385	-0.107409219264956	-0.00784389025496357	0.117423144092239	-0.0792746650858246	0.00108561441039685	0.011170032522684	-0.0120326752678376	0.0147701379749315	0.00832759796489493	-1.5294678958876e-16
USDA1023	1023	-1.9948167111947	-2.48438140801449	1.28463005862531	-2.23583749216009	-0.0226869713958045	0.423240051734854	-0.455563104439106	0.107114979085663	0.302089413819849	0.279243779795694	0.0224304378032602	0.0674075466144724	-0.0732147718285754	0.018268932192214	-0.00235520584099539	0.00983638322367874	-0.0151492040354907	0.00231019767072433	-3.30232576499853e-17
USDA1025	1025	-1.282561426008	1.32747316494873	1.15224939816702	-1.6245450674556	1.00438962875064	-1.11945179286965	-0.483339722739446	1.04913491566715	0.547196570030454	0.270057826484064	-0.0522467003789107	0.0449430881353629	-0.141786240450857	-0.0549366448605241	0.153266004329679	-0.0344149682116056	-0.0426170226438391	-0.0128364772264329	-5.73431892553533e-17
USDA1027	1027	0.26187487648819	1.19160606090133	-1.17565761411186	0.704835123117259	0.206306004749809	-1.00223004316882	0.211581907605209	0.484466109946806	0.214444775058157	0.188260852319538	-0.253246521145971	0.0523743662395713	-0.0540540690910897	0.0170097960222604	0.00730858260807394	-0.0356795405575854	0.0291234249683446	0.0132450632566126	-2.47395484299716e-16
USDA1031	1031	0.26187487648819	1.19160606090133	-1.17565761411186	0.704835123117259	0.206306004749809	-1.00223004316882	0.211581907605209	0.484466109946806	0.214444775058157	0.188260852319538	-0.253246521145971	0.0523743662395713	-0.0540540690910897	0.0170097960222604	0.00730858260807394	-0.0356795405575854	0.0291234249683446	0.0132450632566126	-2.47395484299716e-16
USDA1035	1035	3.84110620735086	0.114138590448324	1.52682005787152	-0.138565106813818	-0.0534479716125	0.238028108754329	-0.0058515844427654	0.228428897658432	-0.114102449014632	-0.0342652429963703	0.0240704816077923	0.0691624890753506	-0.0176673959617435	0.0153462233314399	-0.0146373375293052	-0.0304323247495806	0.00465648006848807	0.0122210201620923	-2.65502979269486e-16
USDA1066	1066	0.26187487648819	1.19160606090133	-1.17565761411186	0.704835123117259	0.206306004749809	-1.00223004316882	0.211581907605209	0.484466109946806	0.214444775058157	0.188260852319538	-0.253246521145971	0.0523743662395713	-0.0540540690910897	0.0170097960222604	0.00730858260807394	-0.0356795405575854	0.0291234249683446	0.0132450632566126	-2.47395484299716e-16
USDA1107	1107	-6.79728436174368	-3.62101845417821	5.72205228177191	2.0591501386102	1.42736380553491	-1.93512181451473	0.272091998352725	1.00019804223305	-1.07007209514251	-1.17220523856995	-1.19804914070135	-0.056662531000378	0.0714223988014226	0.0199126722517872	0.0602570752311209	0.0236526540083928	0.010754700430597	-0.0187887652357833	5.24388528837119e-16
USDA1146	1146	3.78733960291694	0.163833597501449	0.520762740752446	0.70657537670806	0.591152450217756	-1.80683292817585	-0.328038530880568	-0.0869268487163651	0.606304004933666	0.155053020523084	-0.289375818168348	0.0898057011687605	0.160186513062176	0.0268827658923872	-0.067590316450895	-0.0158494866895389	-0.0491517919740708	-0.00617325723884644	-3.75501471000745e-16
USDA1148	1148	-1.00662213866794	1.09835084206098	0.788907032466578	-0.130963694803847	2.30450857463244	-1.52681162273127	-0.185260694103599	0.194062032882457	0.259602875099613	-0.317051540803874	0.0906616705247078	0.220314774698819	0.0450708621890056	0.0815093098453164	-0.0317477861396196	0.00924335437235163	-0.0160956242666224	-0.0124945864188478	-7.93513775775017e-16
USDA1149	1149	-2.77202463388867	2.96399728947578	1.28054418870791	-1.9614610891572	2.31522151413906	0.421372912364026	-0.140592111118303	0.578411993140783	0.142737818108071	0.0701705425301991	0.171275442280348	0.0115959575975812	0.0710895996418164	0.0520563382878127	0.0276642613646793	0.0342924628384481	0.0046391045976285	-0.00539376357926488	-7.40086092039316e-16
USDA1150	1150	-2.77202463388867	2.96399728947578	1.28054418870791	-1.9614610891572	2.31522151413906	0.421372912364026	-0.140592111118303	0.578411993140783	0.142737818108071	0.0701705425301991	0.171275442280348	0.0115959575975812	0.0710895996418164	0.0520563382878127	0.0276642613646793	0.0342924628384481	0.0046391045976285	-0.00539376357926488	-7.40086092039316e-16
USDA1158	1158	-1.29154610475047	-2.8948397769377	0.695106542163319	-2.49521089590232	-0.155748586488884	0.297244568540327	-0.384811115389903	-0.0701162975925421	0.329280890164384	0.223388713489294	-0.130040874194336	-0.0641278950430156	0.0148486443382711	0.0826922592808156	-0.00260110502818507	-0.0124661494601208	-0.0173896822315741	0.00513713365640862	2.47124563407502e-16
USDA1161	1161	-1.43928992980296	-2.88505483468567	0.953086610308827	-2.37997669966084	-0.133667403548119	0.201783404052172	-0.41563068792251	-0.0927607053095303	0.332166411650194	0.207139640006565	-0.107782728320195	-0.106079367427232	0.0125875333650549	0.113793585882161	0.0149577857863439	-0.0435755435973481	-0.0253232171194723	0.0119990219583842	2.76147733034009e-16
USDA1162	1162	-0.995903754216584	-0.722800292515561	-1.20078265684687	-0.65426279196701	1.20892621595174	-1.1096404122417	0.458152440271363	0.226437140827748	-0.160039798850665	-0.249444421449275	0.320044436800577	0.0974785929870668	0.0569439491925169	-0.0171860478310065	-0.0126567585521892	0.0543758135742563	-0.0157802438346394	-0.00407865773401627	-1.81774594565808e-16
USDA1163	1163	-2.57120984530571	2.09603954437686	-0.42597642768376	0.639773452393508	0.0364301877689401	0.285991789486899	-0.0808239328242932	-0.028141093946047	-0.0802150079752763	-0.0387338140481666	0.140094957061907	-0.0626344980331168	0.020916295020972	-0.0376346297881392	-0.0123394943086427	-0.0161783525996426	-0.0560017771823452	0.00672505950086704	3.11160175679781e-16
USDA1169	1169	-2.35035736524166	3.46089805952005	0.159487618826725	-1.10624797790824	0.392800434974289	1.06018674583344	0.948390445893475	0.155375578725804	-0.110019814847039	0.19607226519751	-0.0419495843400662	-0.060558315554087	0.0543441981601039	0.039867432232381	-0.0392703272456394	-0.00917309470161204	0.00283778329218703	-0.000803626718439376	-2.13987576213549e-16
USDA1170	1170	-2.19892882294431	2.40250828463176	-0.262382553494248	-0.494941855327123	1.18586628189006	0.879384782034019	0.379199368858377	0.461995525434501	0.098840682979515	0.243426538553579	-0.0964395365448649	-0.0764499960785578	-0.0522551527941929	-0.02116236062872	-0.0583874415632761	-0.0547533733567226	-0.0323817727285924	0.00521207986566161	6.48639912987394e-17
USDA1171	1171	-2.35035736524166	3.46089805952005	0.159487618826725	-1.10624797790824	0.392800434974289	1.06018674583344	0.948390445893475	0.155375578725804	-0.110019814847039	0.19607226519751	-0.0419495843400662	-0.060558315554087	0.0543441981601039	0.039867432232381	-0.0392703272456394	-0.00917309470161204	0.00283778329218703	-0.000803626718439376	-2.13987576213549e-16
USDA1180	1180	-2.35035736524166	3.46089805952005	0.159487618826725	-1.10624797790824	0.392800434974289	1.06018674583344	0.948390445893475	0.155375578725804	-0.110019814847039	0.19607226519751	-0.0419495843400662	-0.060558315554087	0.0543441981601039	0.039867432232381	-0.0392703272456394	-0.00917309470161204	0.00283778329218703	-0.000803626718439376	-2.13987576213549e-16
USDA1183	1183	3.09889326350137	-0.294788355421168	1.53585887475107	-0.296647726800471	-0.0991451820229985	0.692964260327739	0.0890545908561104	0.192437963852298	-0.162472027719609	-0.0289957587556385	0.0168494554246286	0.0566012539162807	-0.0808662405970692	0.0405356332542623	-0.0304830450084584	-0.0179825159597122	0.0214859559496399	0.00511875725447818	-2.53256220330193e-16
USDA1184	1184	3.09889326350137	-0.294788355421168	1.53585887475107	-0.296647726800471	-0.0991451820229985	0.692964260327739	0.0890545908561104	0.192437963852298	-0.162472027719609	-0.0289957587556385	0.0168494554246286	0.0566012539162807	-0.0808662405970692	0.0405356332542623	-0.0304830450084584	-0.0179825159597122	0.0214859559496399	0.00511875725447818	-2.53256220330193e-16
USDA1186	1186	3.01937604033462	-0.319736241408933	1.45557496693223	-0.121112074609125	-0.0623574085791405	0.834948573496484	0.0671715718189341	0.124562357347887	-0.191200928250614	0.00362994980094855	0.0308067084647293	0.000740773270524922	-0.06162121828032	0.0455314393905668	-0.0271119263859584	-0.0166803701680155	-0.00180208206536499	0.00105451231171274	-1.41088947048081e-16
USDA1187	1187	3.29522579808962	-0.369815701862102	1.49636411571384	-0.275805004934923	-0.118412208830294	0.577812033280642	0.0758239232950508	0.213870999362977	-0.171291083660771	-0.0110627169286621	0.00579041551080683	0.106084811470286	-0.0592908122781302	0.0521575518488664	-0.014578475188544	-0.0118951213043676	0.0312461130365964	0.00679448707457543	-3.67958681634061e-16
USDA1191	1191	3.29522579808962	-0.369815701862102	1.49636411571384	-0.275805004934923	-0.118412208830294	0.577812033280642	0.0758239232950508	0.213870999362977	-0.171291083660771	-0.0110627169286621	0.00579041551080683	0.106084811470286	-0.0592908122781302	0.0521575518488664	-0.014578475188544	-0.0118951213043676	0.0312461130365964	0.00679448707457543	-3.67958681634061e-16
USDA1195	1195	3.34579743488161	-0.0836219919631982	1.67833378005406	-0.28345532828871	-0.07452444658126	0.344496620800961	0.0129047908454893	0.184213025061473	-0.135243311545147	-0.0405974184574732	0.0295567227284744	-0.000834620087225749	-0.0234166109122485	0.0202039086316524	-0.0360242378225148	-0.058433905798613	0.010835894084399	0.00475786944991387	-2.57856418881883e-16
USDA1198	1198	4.19565330527418	-0.0256764205209004	1.40496728829276	0.175270046693255	-0.0128718164040902	-0.220111257620269	-0.0817075265432662	0.191601410983233	-0.0666710792474343	-0.00800412323762556	0.0169582470899428	0.140841580916895	-0.00233193942257358	-0.0254008952100857	-0.063624363302937	-0.0227408058092966	0.00464437769162582	0.0131532742679445	-4.97463405172277e-16
USDA1199	1199	3.93602461111722	0.0708056982613443	1.48096343203835	-0.0813433436487711	-0.059229195668322	0.220242862210699	-0.027190685956086	0.222505707413196	-0.129900438333937	-0.0110115530145517	0.0316551179416393	0.0604820731699797	0.0193999282806532	0.0135059681584969	0.00221437627539154	-0.0336904870938891	0.0038579123354997	0.0141453634099637	-2.67343058690161e-16
USDA1200	1200	3.93602461111722	0.0708056982613443	1.48096343203835	-0.0813433436487711	-0.059229195668322	0.220242862210699	-0.027190685956086	0.222505707413196	-0.129900438333937	-0.0110115530145517	0.0316551179416393	0.0604820731699797	0.0193999282806532	0.0135059681584969	0.00221437627539154	-0.0336904870938891	0.0038579123354997	0.0141453634099637	-2.67343058690161e-16
USDA1201	1201	4.88691478440933	0.520116713615224	1.22187958585112	0.192790871996829	-0.0309496525856875	-0.269468002967553	-0.28282675988713	0.0652039816819391	-0.0955096646859653	0.0307697286594044	0.0592873986141209	0.0409368966227081	0.0616541839382714	-0.00376675033474011	-0.0650287274775059	-0.0204790021243117	0.0192843440956548	-0.00541113677300198	-5.06704798597994e-16
USDA1202	1202	4.88691478440933	0.520116713615224	1.22187958585112	0.192790871996829	-0.0309496525856875	-0.269468002967553	-0.28282675988713	0.0652039816819391	-0.0955096646859653	0.0307697286594044	0.0592873986141209	0.0409368966227081	0.0616541839382714	-0.00376675033474011	-0.0650287274775059	-0.0204790021243117	0.0192843440956548	-0.00541113677300198	-5.06704798597994e-16
USDA1203	1203	3.01937604033462	-0.319736241408933	1.45557496693223	-0.121112074609125	-0.0623574085791405	0.834948573496484	0.0671715718189341	0.124562357347887	-0.191200928250614	0.00362994980094855	0.0308067084647293	0.000740773270524922	-0.06162121828032	0.0455314393905668	-0.0271119263859584	-0.0166803701680155	-0.00180208206536499	0.00105451231171274	-1.41088947048081e-16
USDA1204	1204	3.01937604033462	-0.319736241408933	1.45557496693223	-0.121112074609125	-0.0623574085791405	0.834948573496484	0.0671715718189341	0.124562357347887	-0.191200928250614	0.00362994980094855	0.0308067084647293	0.000740773270524922	-0.06162121828032	0.0455314393905668	-0.0271119263859584	-0.0166803701680155	-0.00180208206536499	0.00105451231171274	-1.41088947048081e-16
USDA1205	1205	4.19565330527418	-0.0256764205209004	1.40496728829276	0.175270046693255	-0.0128718164040902	-0.220111257620269	-0.0817075265432662	0.191601410983233	-0.0666710792474343	-0.00800412323762556	0.0169582470899428	0.140841580916895	-0.00233193942257358	-0.0254008952100857	-0.063624363302937	-0.0227408058092966	0.00464437769162582	0.0131532742679445	-4.97463405172277e-16
USDA1206	1206	4.19565330527418	-0.0256764205209004	1.40496728829276	0.175270046693255	-0.0128718164040902	-0.220111257620269	-0.0817075265432662	0.191601410983233	-0.0666710792474343	-0.00800412323762556	0.0169582470899428	0.140841580916895	-0.00233193942257358	-0.0254008952100857	-0.063624363302937	-0.0227408058092966	0.00464437769162582	0.0131532742679445	-4.97463405172277e-16
USDA1208	1208	4.42805137465278	0.742734962183582	1.41518597020369	-0.0824693377978662	-0.0575170100489117	0.360944614531949	-0.202143969839844	0.109312714541823	-0.212359621362483	0.0367697329900797	0.0917445578550243	-0.0500587666497193	0.0357792594954151	0.0208586991010078	-0.014840685363103	-0.0212768433896859	0.0222025842127974	0.00173340939559429	-2.72147873077808e-16
USDA1210	1210	3.01937604033462	-0.319736241408933	1.45557496693223	-0.121112074609125	-0.0623574085791405	0.834948573496484	0.0671715718189341	0.124562357347887	-0.191200928250614	0.00362994980094855	0.0308067084647293	0.000740773270524922	-0.06162121828032	0.0455314393905668	-0.0271119263859584	-0.0166803701680155	-0.00180208206536499	0.00105451231171274	-1.41088947048081e-16
USDA1211	1211	-2.1032060166307	-1.83125248080528	-0.581243936330996	1.94554940886446	-2.2928894048273	-1.8197547782816	-2.07139855916411	1.36053725881389	0.301513974142114	-0.212870166054989	0.253053667784684	-0.0578374508883625	-0.0592995260122067	-0.0180967385498611	-0.0538046026254134	0.0769387855995089	0.0228583284923062	0.0108026887563681	-9.06459567685694e-18
USDA1212	1212	3.90192164375762	-0.254223412365367	-0.623244757591621	0.790243120201647	0.34713428628319	-0.32492668296813	-0.0449388938517424	0.161478934391221	0.273402688059329	0.332300200076558	-0.203762677526436	0.0190879641503522	0.0628559489531502	0.0864825707471457	-0.107555217335554	0.000783700703849276	0.00193735529034314	-0.0149011494053282	-4.84908625151844e-16
USDA1214	1214	3.90192164375762	-0.254223412365367	-0.623244757591621	0.790243120201647	0.34713428628319	-0.32492668296813	-0.0449388938517424	0.161478934391221	0.273402688059329	0.332300200076558	-0.203762677526436	0.0190879641503522	0.0628559489531502	0.0864825707471457	-0.107555217335554	0.000783700703849276	0.00193735529034314	-0.0149011494053282	-4.84908625151844e-16
USDA1215	1215	3.34579743488161	-0.0836219919631982	1.67833378005406	-0.28345532828871	-0.07452444658126	0.344496620800961	0.0129047908454893	0.184213025061473	-0.135243311545147	-0.0405974184574732	0.0295567227284744	-0.000834620087225749	-0.0234166109122485	0.0202039086316524	-0.0360242378225148	-0.058433905798613	0.010835894084399	0.00475786944991387	-2.57856418881883e-16
USDA1220	1220	3.34579743488161	-0.0836219919631982	1.67833378005406	-0.28345532828871	-0.07452444658126	0.344496620800961	0.0129047908454893	0.184213025061473	-0.135243311545147	-0.0405974184574732	0.0295567227284744	-0.000834620087225749	-0.0234166109122485	0.0202039086316524	-0.0360242378225148	-0.058433905798613	0.010835894084399	0.00475786944991387	-2.57856418881883e-16
USDA1221	1221	-0.20235386492602	2.30233925236342	-1.33336441554257	0.259471869857216	-0.143847316398215	-1.2206645327472	1.12363729145019	0.0587605548960254	-0.166644388089273	0.0724195145676348	0.100384913803725	-0.0440591867257635	-0.00278001078478158	-0.0250350503861558	0.0478670002780324	0.0476359194565812	0.0221233874609937	0.00682917331246277	-9.63583041141648e-17
USDA1222	1222	-0.20235386492602	2.30233925236342	-1.33336441554257	0.259471869857216	-0.143847316398215	-1.2206645327472	1.12363729145019	0.0587605548960254	-0.166644388089273	0.0724195145676348	0.100384913803725	-0.0440591867257635	-0.00278001078478158	-0.0250350503861558	0.0478670002780324	0.0476359194565812	0.0221233874609937	0.00682917331246277	-9.63583041141648e-17
USDA1225	1225	-0.364945090296312	2.12537973290743	-1.24075161896962	0.220277029296255	-0.27459370858114	-1.04790515247884	1.03456824761677	0.135132991129984	-0.0958936598475625	0.0345931030993637	0.0729554728346826	-0.0233591321558478	-0.0438105247511932	-0.0339705836653767	-0.000856108810700137	0.0224448464878598	-0.0093896463440578	0.00190135920061182	9.20815865687279e-17
USDA1227	1227	-0.376622053629122	1.9726734731578	-1.36634607975947	0.268315487635503	-0.131740170026217	-1.12315919388803	1.05105528199152	0.174323021030458	-0.130249399639795	0.0442399876867017	0.0813443755353849	-0.0472804234616839	-0.0533092049534999	-0.0312377907558439	0.00642898685330032	0.0329133906677115	-0.0286122130179452	0.003197549099278	2.53714379786051e-16
USDA1232	1232	0.151508650036033	1.7913370634409	-1.47704012240068	-0.00488541427397341	0.63629726240827	-3.30248392669418	0.922979222695864	0.360795856085679	0.168819634337945	-0.105382090038821	0.0891727698282221	-0.0403515385090841	-0.115383815031309	-0.017376987588493	-0.00336184052162671	0.0321242874585561	-0.0320963247019498	-0.00531163045769695	1.77328557921921e-16
USDA1235	1235	-0.364945090296312	2.12537973290743	-1.24075161896962	0.220277029296255	-0.27459370858114	-1.04790515247884	1.03456824761677	0.135132991129984	-0.0958936598475625	0.0345931030993637	0.0729554728346826	-0.0233591321558478	-0.0438105247511932	-0.0339705836653767	-0.000856108810700137	0.0224448464878598	-0.0093896463440578	0.00190135920061182	9.20815865687279e-17
USDA1237	1237	-2.51965396836397	1.92977475566959	0.631603694033894	0.239637475916339	-1.13780891427212	-1.9817543397545	-1.22837961992742	0.431315990762307	0.369857845153892	-0.300581672946659	0.19916413343773	-0.149930730121361	-0.109846968384769	-0.0555958686430384	-0.0626957844518413	-0.0577254363904249	-0.010594678447019	-0.00625711896624631	3.03603731103275e-16
USDA1248	1248	-2.47533985727904	1.8101330090069	0.198392132624498	0.596925368241104	-0.725079790080027	-1.77451393076776	-1.1423810099591	0.313178404789523	0.207058918893856	-0.228731570778916	0.223271952925813	-0.185348439626113	-0.114911396296238	-0.0426766793949303	-0.0352398982983171	-0.0530954991224792	0.0371472975551194	-0.0117395194167941	-6.73676271533395e-17
USDA1264	1264	-0.0824131746614206	2.53583339675624	-0.807358949985314	-0.38919584419502	-0.0126914806365016	-2.93526847635321	0.774089363106501	0.167737802848053	0.225372488203614	-0.106273157930909	0.0626119660709718	0.0220433899913244	-0.00707746058220465	-0.0018266699295489	-0.0214222697723948	0.0112157290363693	-0.0669257994054357	-0.00250227869274173	2.02737680794647e-16
USDA1280	1280	-1.13405640437665	2.85012179332747	1.71693477873353	-1.41464155025583	1.81045921504534	-1.13133508411939	-0.572478119492761	0.161558396609995	0.490276567220603	0.0996313955229451	-0.097799256561477	0.00326217793188719	0.0624232904838459	0.0361078990258624	0.147725503135355	0.102045147860955	-0.0399040538422836	-0.00285379995948389	-4.4718920766077e-16
USDA1289	1289	3.92514716581712	0.738460830788151	1.35300992223593	-0.120531635017068	0.0702481503763733	0.505038359351831	-0.134049852257662	0.181517196522352	-0.235180145340853	0.0289760798287927	0.097681554790452	-0.0373465097333491	0.00684454410473694	-0.0118056426167444	-0.0143543111621544	-0.0222032705562268	0.00745770205641039	0.0014337989251471	-2.64337693176587e-16
USDA1302	1302	3.46449566642501	0.761079585676069	1.49502080319298	0.090348680875532	0.0138078451530163	0.183325855584015	0.0442960221302329	0.0693546302175582	-0.134048609368317	-0.157923891038835	0.105015197819796	0.0410820693376057	0.029706502449886	-0.00836636908848791	0.00949366714963574	-0.0692342718850461	-0.00812028667175218	0.0176444857311252	-3.77506267262244e-16
USDA1308	1308	1.83244793556942	0.245102717371383	1.89949090798587	-0.444429709794272	0.103145369045793	0.482182097842289	0.201003604930411	0.234773498861123	-0.151457226585437	-0.21447644924723	0.0434140176668874	0.135640111212715	-0.0590237083845063	-0.0355814041052533	0.10544161130062	-0.00432658342233701	0.00444370052791063	0.00593807308152654	-1.28146713731975e-16
USDA1320	1320	1.00957056675057	-0.00389313101978547	2.36150407593169	-0.684437593752782	0.0773142140088774	0.480330685723078	0.232108286070277	0.20129047249598	-0.108210223977124	-0.264175082166111	0.032075725751153	0.0303834423235324	0.0145454820917195	-0.0234522271730037	0.0869946154571642	-0.0309833840615353	-0.0238088912892722	0.00248310506578528	-3.67136991492966e-18
USDA1325	1325	1.00957056675057	-0.00389313101978547	2.36150407593169	-0.684437593752782	0.0773142140088774	0.480330685723078	0.232108286070277	0.20129047249598	-0.108210223977124	-0.264175082166111	0.032075725751153	0.0303834423235324	0.0145454820917195	-0.0234522271730037	0.0869946154571642	-0.0309833840615353	-0.0238088912892722	0.00248310506578528	-3.67136991492966e-18
USDA1335	1335	1.00957056675057	-0.00389313101978547	2.36150407593169	-0.684437593752782	0.0773142140088774	0.480330685723078	0.232108286070277	0.20129047249598	-0.108210223977124	-0.264175082166111	0.032075725751153	0.0303834423235324	0.0145454820917195	-0.0234522271730037	0.0869946154571642	-0.0309833840615353	-0.0238088912892722	0.00248310506578528	-3.67136991492966e-18
USDA1336	1336	-0.55518547809737	0.84088173762551	1.90465023854607	-1.70662318809608	0.197400307219948	0.292642043554747	0.29750869059751	0.214033789958207	-0.166566201396667	-0.472658840755351	0.192185298408203	-0.0345622128179139	0.255534690079512	-0.0779791860759215	0.0902349980591154	-0.0463072192486526	-0.0319613395193071	-0.00697309372818361	-1.00360856083447e-16
USDA1357	1357	0.309312890957089	-1.51077674088197	1.06254395793306	-1.32231700173296	-0.498314029922381	0.226159450466061	0.331145130070724	0.0566588536752399	-0.199066627305097	-0.346050376424903	0.0233345006849368	0.243934598412889	0.0588991977012554	-0.130740435547468	0.0366825568604092	0.0204203428004525	0.013301336704105	-0.00885818218160751	-6.91589221681175e-17
USDA1379	1379	1.17695348327899	-1.5887954013484	0.737764353924621	-1.26909103941761	-0.242998974213392	0.845116350229321	0.133992520636464	0.0864733178015173	-0.159178856504895	-0.0613972885693747	0.0744424051344628	0.04457249783728	0.00436680987392458	-0.0218508640929967	0.0683348075809666	0.0450754272698623	0.0483614665507364	-0.00925220238950746	-2.34364201806843e-16
USDA1389	1389	-0.273155281373643	-2.72328804443535	0.24532606367526	-2.00419683820022	-0.689524451878541	0.428226792113227	-0.15638030761895	-0.072498119566692	0.254991222833202	0.463088941446539	-0.474863852094305	0.0104506647755814	0.0354378215843474	-0.0916713272171506	-0.0220174321949506	0.0360907817127003	0.0431604219370843	-0.00527668785843395	7.61552622271282e-17
USDA1397	1397	-2.24319097594851	-3.29607983181088	0.0972219344753586	-2.13959152655578	-2.24213931111391	-0.550958109761495	-0.329600681396969	-0.224574654527336	0.172190596396775	0.17562371242024	-0.226930472582077	0.122534006363422	0.111194685740347	0.178422069407053	0.0126038140486138	-0.0414266873328473	-0.00460319897004193	0.00109325235810228	2.0769764046826e-16
USDA1415	1415	0.699290317528894	-3.49959656079769	-0.0803517826710014	-1.82956421727025	-0.44869408229839	-0.30969980048308	-0.262680818004585	-0.344341230589198	0.159891201201069	-0.0751288242448481	-0.0347323217977946	0.0456639091060196	-0.0104985639555216	-0.059305724234012	-0.0349874948777018	0.0699653455996846	0.0153838388701489	-0.000467872021241026	1.33180732933136e-16
USDA1416	1416	0.66555974066656	-1.58613932553302	0.20221630515934	-1.67147380788824	0.32137179650965	-0.377231788268228	0.0811976575948349	0.101490859079749	0.100665040775454	-0.174453219143059	0.0629338944264144	0.0519623392129685	-0.0126720775504564	0.118406483894103	0.0287328399865186	0.0624243924679311	-0.00667728508756411	0.00853031010691599	-6.8361871424795e-17
USDA1433	1433	-0.877182796521969	-2.69940247875809	0.468204246829333	-2.72614571434726	-0.0776012074558234	0.0700571505314723	-0.339256471031472	-0.0873368586560665	0.310973424127514	0.205014206978931	-0.184282435913533	-0.0690782202240363	0.0146098563492638	0.036132371997125	-0.0208325254100983	0.0396052870338151	-0.00480630102820822	0.0041390849620005	2.27092740332222e-16
USDA1456	1456	-3.47242198195043	-3.12535062435442	2.28528945342889	-1.10280442653317	0.285055631750508	0.0698958286832726	-0.53841702693625	-0.0826801500663702	0.294469821498755	0.355501546446427	0.123059129849802	0.0705008073580672	-0.0589495988552798	0.112253526156765	-0.0144337236970072	-0.0604589710249202	-0.0317788416829114	0.00150502809935697	-2.68838541972921e-16
USDA1462	1462	1.37839398349143	-1.48933678872777	0.0453737142213105	-1.1400420163658	0.232511540034644	0.368098500137206	0.0725545085829563	0.253338786741148	0.049251069684539	-0.0595827349127612	0.0106411880689159	-0.0523712716985314	-0.0934134203957243	-0.0204706766765722	0.0425751503019932	0.0192495994814337	0.0198946813510564	-0.00509480566994954	1.52639704822883e-16
USDA1463	1463	1.37839398349143	-1.48933678872777	0.0453737142213105	-1.1400420163658	0.232511540034644	0.368098500137206	0.0725545085829563	0.253338786741148	0.049251069684539	-0.0595827349127612	0.0106411880689159	-0.0523712716985314	-0.0934134203957243	-0.0204706766765722	0.0425751503019932	0.0192495994814337	0.0198946813510564	-0.00509480566994954	1.52639704822883e-16
USDA1464	1464	0.860800598678982	-2.62073593487222	0.0684604924083326	-1.75776886816852	-0.441446224354759	0.26328158678322	-0.0133587376462397	-0.0895923117549674	0.0664805046858158	-0.0739341155892825	-0.0392784830641924	-0.00842621325912339	-0.0584503829226366	-0.0315465993226536	-0.0595719296822987	0.0608040803189979	0.0193595527285459	-0.00287439089411164	2.36949460347123e-16
USDA1467	1467	2.40163913162269	-1.58432932493857	0.234653868382186	-0.88644927985066	-0.154137753941083	0.504372006274739	0.0472419465750841	0.220187882353385	-0.00145431667165646	0.0217800721530569	-0.0334141908336455	-0.0217244225491025	-0.00481078779130645	-0.0193029231711127	-0.0390067439364027	-0.0323547561935699	-0.0194307320274275	0.0129121060290085	1.95985723983791e-16
USDA1480	1480	0.0344310899785917	-2.76282821423788	0.0642013829629867	-2.12372292351006	-0.208281859037324	0.841675189716964	-0.144174171674708	-0.141858690833993	0.0546438444360501	-0.0442848333604132	0.0187175949376882	-0.108579646598563	0.00826473658722593	-0.0265019219664342	-0.0207801353711528	0.0567022980646879	0.00625528483035344	-0.00343857206654826	3.34288440558382e-16
USDA1491	1491	1.09070830346144	-3.51714973875737	-1.21574332086967	-1.56712598242339	-1.79326188555991	-0.943120757673931	0.483633307893115	-0.780400129874335	-0.236296963646132	-0.378669681025531	0.211002340484776	0.190728616706516	0.133810750122398	-0.0585663407236355	-0.0696822891005659	0.0299742441499794	-0.0393241443810252	-0.00199955856259777	5.41754023592074e-16
USDA1496	1496	0.0602339761276457	-2.48239760314314	0.322722541899781	-2.27863335612242	-0.0919743189817358	0.69058040062543	-0.16610664756343	-0.0362498076548699	0.0558342511695989	-0.0297655088263698	0.0103970611737032	-0.0580484986997805	-0.0303770541903108	-0.0305862321986491	-0.0277321288109572	0.0440753904393138	0.00908401416030825	-0.00181964678877249	2.15699543239961e-16
USDA1497	1497	0.0602339761276457	-2.48239760314314	0.322722541899781	-2.27863335612242	-0.0919743189817358	0.69058040062543	-0.16610664756343	-0.0362498076548699	0.0558342511695989	-0.0297655088263698	0.0103970611737032	-0.0580484986997805	-0.0303770541903108	-0.0305862321986491	-0.0277321288109572	0.0440753904393138	0.00908401416030825	-0.00181964678877249	2.15699543239961e-16
USDA1501	1501	0.443733288026491	-2.01655785617334	0.224974851001076	-2.12568602470503	0.112868756497916	0.473738164232069	-0.0633008363323814	0.0857495822000929	0.093559734473286	-0.0740114538865618	0.0407206898966119	-0.0517752969834663	-0.0530916313667797	0.0402852005337622	0.00424107908071738	0.0728405031443145	0.0226903996526481	0.0108661914598276	2.87867121703675e-17
USDA1508	1508	2.01342081318228	-2.71940897914836	-1.37195882215006	-1.1198691268373	-1.99886387350065	-1.14936681783618	0.620917540580479	-0.61869742564203	-0.243685259975793	-0.237106556057063	0.130498083016899	0.0206568905726917	0.244451968405804	0.105263201906087	-0.133463321521117	-0.0175098737724255	-0.0551386771776232	0.0183271496023978	4.79721333295244e-16
USDA1519	1519	-6.40489183234906	-5.41571007431359	0.928023074049429	-0.640466010634044	1.78576711684739	-0.942069023648651	-0.917992649906002	-0.587879357237927	-1.56949778517593	0.36252000035487	-0.386346494726828	-0.163058523352122	-0.0958037179785936	0.168019969025654	0.0485152607749768	-0.0134202373844802	0.0139157907964335	0.00915254446861522	6.95244041188642e-17
USDA1520	1520	-5.08609086616163	-3.60664110020344	-1.64841007598124	0.872132219198413	1.36538591187715	-1.1528522361303	-1.90724579981975	0.439559922375312	-1.23385005728135	0.676075509393321	0.257946174200402	0.0652755038340917	0.0183397656938669	-0.0989535387212627	-0.0325278874120602	-0.00607353091981706	-0.0232692818521183	0.0178730288274551	-1.8443425063589e-16
USDA1530	1530	-5.08609086616163	-3.60664110020344	-1.64841007598124	0.872132219198413	1.36538591187715	-1.1528522361303	-1.90724579981975	0.439559922375312	-1.23385005728135	0.676075509393321	0.257946174200402	0.0652755038340917	0.0183397656938669	-0.0989535387212627	-0.0325278874120602	-0.00607353091981706	-0.0232692818521183	0.0178730288274551	-1.8443425063589e-16
USDA1533	1533	0.0214301434418481	-2.85621983305723	0.021985375936717	-2.06929725973555	-0.274468560542428	0.978843156513269	-0.151453494348445	-0.212058576349686	0.0966016465997141	-0.0643752101605563	0.00252756560682804	-0.129888303868829	0.0351622848487147	-0.0166481992331553	-0.0182382728682214	0.0523763109785921	-0.0168390477583856	0.000152567723411475	5.08333273565861e-16
USDA1550	1550	-2.18717254597691	-2.40312537101719	0.00294208344496671	-1.93107053723662	-1.6898532667661	-0.936986118798608	0.190113433581113	-0.263783480755342	-0.0825409079600916	0.0372600668215341	0.240008614298606	0.250157011153345	0.106184553251522	0.137047109341867	0.0214203635352492	-0.0315297222852329	-0.0354856930681908	-0.00447932773574038	-3.77158267890608e-17
USDA1561	1561	0.188585265164597	0.106842660524817	-1.71247503027656	0.719631214992459	-1.02157266178987	-1.62918797286133	0.590187825079322	0.314194104088049	0.0346414660345843	-0.0189807587672841	-0.0206642225241077	-0.0239284793371042	-0.13191361197098	-0.0506717052223276	-0.116650073852824	-0.0138088432046257	-0.0159734955592859	-0.0093111251027037	4.27844528112697e-16
USDA1562	1562	0.599676363984297	2.13745984253557	-1.4184120974243	0.0124580977574579	-0.474605809637199	-1.73075145139737	1.41324753858944	0.215160481073326	-0.0600149912487101	0.0822944614293954	0.0227544437529459	0.0232097085020316	0.00144062133316945	-0.00857735516334379	0.0147281174449574	0.00738366931313227	-0.0301551088390121	0.00837784296923577	1.41318106454219e-16
USDA1565	1565	0.291636907887802	-0.811531945576673	-1.51112369599318	0.854701577979936	-1.89300543488608	-1.92870754905701	0.0800917389797208	0.305301603281718	0.156372924783517	-0.0190058356092456	-0.00530916217804084	-0.0413738922451449	-0.0774159734335614	-0.023070765821341	-0.0740920333350825	0.0360274143006671	0.00449778236392344	0.0134432619903937	3.05563279846043e-16
USDA1566	1566	-1.67193786258218	-3.64151494507469	-0.270192481201807	-1.8059602112735	-2.64584391583864	-1.30388935245094	-0.0346097745832546	-0.426994075547621	0.0743592167563093	0.146876187084449	-0.163530111793961	0.278257655171272	0.22224707380463	-0.055740800854362	0.0484075580166749	-0.0419009420605203	0.0158380996475125	-0.00876301158232556	8.29323507815892e-17
USDA1571	1571	-2.5160931998717	-3.00542204718693	0.178264837006636	-1.75627068107662	-1.88774130581631	-0.816712451799283	-0.0134890437162175	-0.230419818131957	-0.0532374829946187	0.117225332767903	0.229979426278704	0.366467241284263	0.13450099849685	-0.0988976578886611	0.0722491324652685	-0.0845493140227092	0.00305681392418813	-0.0226850381299442	-1.29789965400253e-16
USDA1581	1581	0.26187487648819	1.19160606090133	-1.17565761411186	0.704835123117259	0.206306004749809	-1.00223004316882	0.211581907605209	0.484466109946806	0.214444775058157	0.188260852319538	-0.253246521145971	0.0523743662395713	-0.0540540690910897	0.0170097960222604	0.00730858260807394	-0.0356795405575854	0.0291234249683446	0.0132450632566126	-2.47395484299716e-16
USDA1583	1583	-0.366945598311322	-2.71277445004637	0.271698561052752	-2.82016286271793	0.0219963860726542	-0.124843944683424	-0.303401889215957	-0.165079106221419	0.148578968655582	-0.0763480035655219	0.0041152223420251	-0.0843238021229551	0.0447223467422404	0.0978674470864604	-0.00742810561744878	0.0615612060722282	-0.0106732931122549	0.0115353498683714	2.02476233486622e-16
USDA1584	1584	-4.07421715377821	-2.40193471088025	2.52658143946472	-0.512418522916538	1.11429082729423	0.182406799127106	-0.307268747995864	-0.213624505707984	-0.0291744725449863	0.274599509021984	0.167835366837434	0.232301784097471	-0.112191359176855	-0.151951202092961	-0.0807462556837985	0.111552532572973	-0.00215683346148245	-0.0112483001198242	-4.88797821094716e-16
USDA1580	1580	0.26187487648819	1.19160606090133	-1.17565761411186	0.704835123117259	0.206306004749809	-1.00223004316882	0.211581907605209	0.484466109946806	0.214444775058157	0.188260852319538	-0.253246521145971	0.0523743662395713	-0.0540540690910897	0.0170097960222604	0.00730858260807394	-0.0356795405575854	0.0291234249683446	0.0132450632566126	-2.47395484299716e-16
USDA1589	1589	-1.25458361723307	-2.96543681459242	0.102851332762381	-2.26971118355977	-1.73101068612095	-0.644304575651052	-0.12378981857076	-0.134703510269006	0.227638599568662	0.375937228591522	-0.396400824725153	0.105860366995329	0.137357968172535	0.00600398063490914	0.0356479576139699	-0.0261926486609279	0.0210337900521533	-0.0066095556892459	1.11370491830183e-16
USDA1590	1590	-4.07421715377821	-2.40193471088025	2.52658143946472	-0.512418522916538	1.11429082729423	0.182406799127106	-0.307268747995864	-0.213624505707984	-0.0291744725449863	0.274599509021984	0.167835366837434	0.232301784097471	-0.112191359176855	-0.151951202092961	-0.0807462556837985	0.111552532572973	-0.00215683346148245	-0.0112483001198242	-4.88797821094716e-16
USDA1591	1591	3.22826158644534	-0.591167517333164	-2.06792914354892	2.28112987201346	0.0701839852708402	0.299964076549862	0.280319345691467	-0.0484536029364417	0.202329988658992	0.237460242854757	-0.248543221123997	0.0840178206358663	0.16399148855109	0.076903467713158	0.0750734953083931	0.0251015782246871	-0.0518830801589487	0.00056979295990372	6.38663802092879e-17
USDA1593	1593	3.91413979676345	1.1172441741985	1.1213803721461	-0.0290377630669851	0.0680458811190717	-0.161083994945437	-0.141170617522825	0.00747983350483895	-0.139253927503881	-0.148914553144905	0.167465274084557	-0.133488312599324	0.0446323689104686	-0.0491403385483847	0.0153745716441099	-0.0323713147137243	-0.00779389461140645	0.0105096285789329	-5.40486228742562e-17
USDA1594	1594	-1.62941521964176	3.06051309699341	0.122650480370203	-1.08955931451132	0.321984774012686	-0.620263763374333	0.846948161864277	0.335268727176695	0.0822126855640155	-0.0040643474481451	-0.120982349944378	-0.0886094775667963	-0.0171228513149501	-0.0375928394944433	-0.115530909798278	-0.0068538347196916	-0.12849264430714	0.0348784454050773	7.61239801283691e-16
USDA1603	1603	0.0595086612670008	-2.70695910835662	0.0529342490368599	-2.16674019002601	-0.193368404925951	0.823339910749451	-0.124691217475174	-0.103830176105929	0.0520376571849751	-0.0409425506987504	0.0267071829550899	-0.0776791247448519	-0.0162442798020467	-0.0335454814085373	-0.0284082277517133	0.0670429515508382	0.0139773361234818	-0.00189166052689743	2.61143811862457e-16
USDA1606	1606	-2.35245641633738	3.30617788387867	1.0428784702097	-0.485261472402204	-2.01111657952817	0.518832119653936	-0.112288802371258	-0.239725073413935	-0.152405358415889	0.0457746103251128	-0.00936076918264739	-0.113141975380713	-0.0905011468465176	-0.00824107681686498	-0.0100188727704003	0.00475249016797789	-0.0238173441314608	-0.00620066680702309	4.89123388071957e-16
USDA1607	1607	-2.55889040741553	3.34616581801481	1.6411636057551	-1.08347827821836	-1.97180697856238	-0.616445548590568	-0.194922614861528	0.149217241072731	-0.00382210470670896	-0.111813304500599	0.00228206079484838	-0.187541343709836	-0.0456044044250776	-0.0385835940785801	0.0104114157964744	-0.0288969879152553	-0.00584944717670344	-0.00215833971878101	4.33448617327081e-16
USDA1608	1608	-2.64805893056083	1.59473106378354	1.6330479443121	-0.0717544326314439	-3.77599911984238	-0.214381652284234	-1.30687398574455	0.88708268877969	0.0895338524594128	-0.081787158135201	0.131713878752206	-0.136579439265191	-0.0239434475173251	0.110566008458048	-0.0234946172920953	0.0336007597014162	0.00121844774155964	0.0109418697449051	9.28784537922482e-17
USDA1611	1611	-2.38488392245066	3.94313957332108	1.01193862654814	-0.992748172179144	-1.30410548804724	0.386735717541197	0.316698441354232	-0.414794793346353	-0.153080730056813	0.0842202643457971	-0.0129750525831837	-0.0604335721371375	-0.0768594813967576	-0.00781959440375277	0.041210874942502	0.0213942137509927	0.0176329691058106	0.00160289265419243	1.612494799192e-16
USDA1612	1612	-2.44360868839443	3.56402536729395	1.07138865960935	-0.720610718328238	-1.71043266737333	0.509777918887356	0.0728634813863052	-0.293071405922508	-0.175193719174593	0.0650356471437988	-0.0101613812548494	-0.106902400241615	-0.0680599860286122	-0.00963266082369674	0.00733483757274581	0.0040340287264878	-0.0160758812667865	0.00873302441024012	3.26454028006456e-16
USDA1613	1613	-2.14334246380325	2.92067476598565	0.601423629299956	0.0122009891329181	-2.40068878548118	1.08598749613232	-0.0171037488645137	-0.23977334691848	-0.23752680161557	0.0977189136847932	0.0341706789955722	-0.039545593075585	-0.0174105898992018	0.0424174244657721	0.0257329253427803	-0.00669400852961593	-0.0205997638572559	-0.0030319496558902	3.15761471558676e-16
USDA1614	1614	-2.14334246380325	2.92067476598565	0.601423629299956	0.0122009891329181	-2.40068878548118	1.08598749613232	-0.0171037488645137	-0.23977334691848	-0.23752680161557	0.0977189136847932	0.0341706789955722	-0.039545593075585	-0.0174105898992018	0.0424174244657721	0.0257329253427803	-0.00669400852961593	-0.0205997638572559	-0.0030319496558902	3.15761471558676e-16
USDA1616	1616	-2.38488392245066	3.94313957332108	1.01193862654814	-0.992748172179144	-1.30410548804724	0.386735717541197	0.316698441354232	-0.414794793346353	-0.153080730056813	0.0842202643457971	-0.0129750525831837	-0.0604335721371375	-0.0768594813967576	-0.00781959440375277	0.041210874942502	0.0213942137509927	0.0176329691058106	0.00160289265419243	1.612494799192e-16
USDA1617	1617	-2.10999324551701	2.83168001124018	0.268571151900062	0.091188617287309	-1.20799203558939	-0.35036497121762	-0.213859178955477	-0.154361602013374	-0.0400056381062586	-0.00189594122776438	0.108677043960995	-0.0257407962724188	-0.0431785716197367	0.044759184892601	0.098935193283817	0.0501933126289676	0.0488636248388947	-0.0226270034373381	-1.40419877116086e-16
USDA1618	1618	-2.10999324551701	2.83168001124018	0.268571151900062	0.091188617287309	-1.20799203558939	-0.35036497121762	-0.213859178955477	-0.154361602013374	-0.0400056381062586	-0.00189594122776438	0.108677043960995	-0.0257407962724188	-0.0431785716197367	0.044759184892601	0.098935193283817	0.0501933126289676	0.0488636248388947	-0.0226270034373381	-1.40419877116086e-16
USDA1623	1623	-2.14334246380325	2.92067476598565	0.601423629299956	0.0122009891329181	-2.40068878548118	1.08598749613232	-0.0171037488645137	-0.23977334691848	-0.23752680161557	0.0977189136847932	0.0341706789955722	-0.039545593075585	-0.0174105898992018	0.0424174244657721	0.0257329253427803	-0.00669400852961593	-0.0205997638572559	-0.0030319496558902	3.15761471558676e-16
USDA1624	1624	-2.20742590782587	1.24098212946759	-1.32103951996418	1.39565820374403	1.04517989833647	2.55478483967006	0.193798962301042	0.116567081916408	0.0704895350091651	0.130283623371713	-0.113204721892522	-0.035875281818668	-0.069243373541515	-0.0174903526174015	0.028262640646016	-0.014967499838358	-0.0491614705289807	-0.00230260506280262	6.11122660808478e-16
USDA1626	1626	-2.04935455748871	0.481591458790433	-1.36570860931264	1.54648476364079	0.102118432410872	1.72280969624092	0.0738382184800626	0.276916162644172	-0.0170319072431445	0.0743314454158399	-0.0187816085744822	-0.0135863746087013	0.0057972899573993	-0.03353755963844	0.0476147658225956	0.00629995935326885	-0.0410063310777032	-0.0142050709397261	3.68081493610763e-16
USDA1629	1629	-1.79921831841496	-0.236532596178679	-1.46961234695058	1.75526561147958	-0.478114906457936	1.54063450381788	-0.235126499968309	0.504029743500582	0.123323459333591	0.00710517911623337	-0.0572371435002598	0.0930075449900523	-0.00899722956990112	-0.0609194750293162	0.022900648627494	-3.18031408468415e-05	-0.0154498491237411	-0.00849975089971019	2.48819830077545e-16
USDA1630	1630	-1.49726834627673	-0.297372927201927	-0.715657189516824	0.559224811899926	-1.74381087838016	-0.431104408444985	-0.315880409358325	0.660227233679937	0.0642287385872071	0.0252103785101511	0.050592982150487	0.0448000344762002	0.0471674322936077	-0.0780438107377279	0.000156541672162891	-0.0552827189979403	-0.00989875414551081	-0.00592436799620452	2.01703521549686e-16
USDA1632	1632	-2.32673093499177	0.554586486249291	-1.18063352274144	1.47335945988266	-0.257385791474137	0.865088516578296	-0.29757064308662	0.425757748581054	-0.0354139222130813	-0.0126976015666228	0.110550350844248	0.135708780743021	-0.0868857524679562	0.0613413806314216	0.0371497418734604	-0.0321105452582515	-0.0366953959123715	-0.00607743933833899	1.37123100062987e-16
USDA1633	1633	-2.4551761471996	1.71051461961265	-0.908310262352033	-0.576588358383536	1.11580107601468	-0.302159406974505	0.867365263821448	0.298661625920321	-0.249254113699045	-0.0219630145392446	0.350334544684841	0.0122990624400691	0.114986437852435	0.111507286229945	-0.00728628155334864	0.0338810379408468	-0.00259141799508406	0.00457868409802998	-4.19154064118225e-16
USDA1638	1638	-2.20742590782587	1.24098212946759	-1.32103951996418	1.39565820374403	1.04517989833647	2.55478483967006	0.193798962301042	0.116567081916408	0.0704895350091651	0.130283623371713	-0.113204721892522	-0.035875281818668	-0.069243373541515	-0.0174903526174015	0.028262640646016	-0.014967499838358	-0.0491614705289807	-0.00230260506280262	6.11122660808478e-16
USDA1641	1641	-1.57304220113273	-0.657200452725932	-1.64791538555277	1.98257387114282	-0.714585618347516	1.50655031039479	-0.326385860808715	0.53838902809207	0.123911334985091	0.0131666922486438	-0.0716015918449699	0.107087162779025	-0.000871265900437866	-0.0594921512904609	0.0382409355828359	0.00334665483467745	-0.00350555877867267	0.00244376469732595	2.42134305722619e-16
USDA1642	1642	-1.60442779764094	-0.572250035144642	-1.72690147162138	2.02680743183034	-0.56666306216111	1.73776714325774	-0.230410163633908	0.457808440402808	0.165837597714716	-0.00533817173133144	-0.0831604064785145	0.129819908604395	-0.00251471409204025	-0.0473273905823394	0.0405437414859902	0.0275122419636633	-0.00837691059942112	0.00666621875888472	2.44444562635114e-16
USDA1652	1652	-2.46559222295079	0.976701539721403	-1.27403649502189	2.2493954686672	-0.581967248347466	2.30838584609267	-0.341554132806567	-0.20850965457136	0.0512229430231578	-0.170863911374321	0.00740894768752909	0.0383531737443675	0.0830495415207612	0.032046158073309	-0.00315377353666597	0.00891649124104131	-0.0132552324158083	0.00934821744020112	2.55199162230005e-16
USDA1655	1655	-2.91799722401634	0.0228844398469991	0.00595012306921849	2.26619468972125	-2.08055783629356	0.890869546988642	-1.53662973414494	0.595640778023629	0.181370908874565	-0.306637507937936	0.0836011798019818	-0.182426837615474	0.234025859033213	0.0833834005139735	0.00655577488013501	0.0588179978936163	-0.00901524492054141	0.0145342706317406	2.51376064924071e-16
USDA1660	1660	-2.46559222295079	0.976701539721403	-1.27403649502189	2.2493954686672	-0.581967248347466	2.30838584609267	-0.341554132806567	-0.20850965457136	0.0512229430231578	-0.170863911374321	0.00740894768752909	0.0383531737443675	0.0830495415207612	0.032046158073309	-0.00315377353666597	0.00891649124104131	-0.0132552324158083	0.00934821744020112	2.55199162230005e-16
USDA1661	1661	-2.96832531551937	-0.737785779250642	0.045054745359362	1.28613999273078	-2.39621298748042	0.512753463145311	-1.44541736963117	1.13714530274711	0.194510176329706	-0.222104482750312	0.0798265982821934	-0.0342542459446768	0.0468026147339178	0.110789318968844	-0.0247633123464297	0.0169120934059406	0.0111058433355848	-0.00522062225111372	-7.85628537586208e-17
USDA1664	1664	-2.50857346498854	0.901516302100753	-1.36289811992858	2.42331594127961	-0.459319270503707	2.24138938640174	-0.474236526547886	-0.205948319891347	0.0543734193938631	-0.162974531924711	0.0253272381274534	0.0665054205156054	0.0827176501734657	0.0460814546421384	0.00872862163828656	0.0251045664835773	0.00346240303130276	0.00858405334644456	2.54115503006048e-16
USDA1676	1676	-0.0899106976539927	-1.91442872642222	-2.57197769382886	0.967309441797708	0.745474877797152	0.7501770703998	0.600654471412492	-0.0347927122963071	-0.0215086835689684	-0.116469493796566	0.169503471600714	0.0519269233065243	-0.0168162360358349	0.0473848144807911	0.0205833318200264	0.00399375856085255	0.0326019558764132	-0.00519907459624874	-2.28057086149605e-17
USDA1670	1670	-2.53730062500064	0.854945988213381	-1.3538532239089	2.48624349869734	-0.487090382869451	2.22627640817431	-0.555812919640016	-0.162107026579719	0.087641387219947	-0.170116275147575	0.0351972956739842	0.0941784751337219	0.0844847078706022	0.0415188610814543	0.000928889461656724	0.0357875180096738	0.00196858344916259	0.0100924531494237	2.54176814601688e-16
USDA1678	1678	-3.3204816829725	0.958351507933768	2.47232245679045	1.48917312056816	2.37593308930927	-1.14701273917272	-0.687497651199207	-0.472478262865378	0.0570365245250611	-0.593174630153687	-0.217439293973837	-0.05619387835543	0.10811104422123	0.00718935500156861	-0.257497366173743	0.080833418896011	-0.0262654228951584	-0.00465736277612928	-5.11900390219673e-16
USDA1687	1687	8.27111443271752	-0.0563789076694332	-1.08432697370184	1.60566040923536	-0.389634517359746	-0.298648988192916	-0.172999190508933	0.181450035532955	-0.469458280855921	0.263643162140672	-0.00971416342807219	-0.14782214057302	0.0235111172605659	0.0376532271624414	-0.00282117057169859	0.0295528846035281	-0.047408940189314	-0.0537005632448175	5.41058199417897e-16
USDA1688	1688	8.27111443271752	-0.0563789076694332	-1.08432697370184	1.60566040923536	-0.389634517359746	-0.298648988192916	-0.172999190508933	0.181450035532955	-0.469458280855921	0.263643162140672	-0.00971416342807219	-0.14782214057302	0.0235111172605659	0.0376532271624414	-0.00282117057169859	0.0295528846035281	-0.047408940189314	-0.0537005632448175	5.41058199417897e-16
USDA1691	1691	8.27111443271752	-0.0563789076694332	-1.08432697370184	1.60566040923536	-0.389634517359746	-0.298648988192916	-0.172999190508933	0.181450035532955	-0.469458280855921	0.263643162140672	-0.00971416342807219	-0.14782214057302	0.0235111172605659	0.0376532271624414	-0.00282117057169859	0.0295528846035281	-0.047408940189314	-0.0537005632448175	5.41058199417897e-16
USDA1692	1692	-0.29588906606961	-2.88379722598328	-2.07637993193384	-0.0942391513415316	0.466849813370755	-0.389696931791903	0.0865079009106315	-0.177155312364083	0.051134297025002	-0.0791750493302062	0.043641997517219	-0.0870694786569016	-0.000399840097666916	-0.00232141413487269	0.0262111533790796	-0.0253524260100337	0.00342036231934065	0.00011112843744144	3.12305528253485e-16
USDA1694	1694	-0.29588906606961	-2.88379722598328	-2.07637993193384	-0.0942391513415316	0.466849813370755	-0.389696931791903	0.0865079009106315	-0.177155312364083	0.051134297025002	-0.0791750493302062	0.043641997517219	-0.0870694786569016	-0.000399840097666916	-0.00232141413487269	0.0262111533790796	-0.0253524260100337	0.00342036231934065	0.00011112843744144	3.12305528253485e-16
USDA1695	1695	-0.29588906606961	-2.88379722598328	-2.07637993193384	-0.0942391513415316	0.466849813370755	-0.389696931791903	0.0865079009106315	-0.177155312364083	0.051134297025002	-0.0791750493302062	0.043641997517219	-0.0870694786569016	-0.000399840097666916	-0.00232141413487269	0.0262111533790796	-0.0253524260100337	0.00342036231934065	0.00011112843744144	3.12305528253485e-16
USDA1696	1696	0.489168876520519	-3.23797746846345	-1.23045804679887	0.333288035536529	0.402874620447738	0.58065878932119	0.00621377039776014	-0.300388734363497	0.225039437137684	-0.0310841333407083	-0.0424337129077931	-0.0965031298106224	-0.177715795551163	0.0257673326424529	-0.0783779716766432	0.0300166931958599	0.0168423990636564	0.00474401402522377	4.27640689235586e-16
USDA1699	1699	0.296234519161474	-3.61969598090071	-0.910498938671698	0.492370965296218	0.196128578603665	0.939651070633785	0.063471874864587	-0.469386465440619	0.25969255654949	-0.0650962698874956	-0.095838062880147	-0.138614107866382	-0.183983393818101	-0.0217550307446796	-0.0864060114512639	0.0176965042530806	0.00321022590200533	0.01346957409332	5.43099570736172e-16
USDA1700	1700	-0.352977441798407	-3.59527098771105	-0.347132495834062	0.258799327088816	-0.263551538806772	0.826619115818437	0.406935223890076	-0.548493747994718	-0.0572226207255039	-0.335214471422926	-0.0847681278275356	0.0389589693845402	-0.153285300554704	-0.0118314431761926	0.0511261435918452	-0.129382838473311	-0.0138105985107256	-0.0018534399142464	7.60299096502688e-16
USDA1702	1702	0.919716544907698	-1.79980184194754	-2.28377600007371	1.45063826449756	0.818935848141123	1.67732950363381	0.26032688302945	0.148325994506591	0.225377918544116	-0.0123735246917603	0.032226153564807	0.115624121484945	-0.0336861308964243	0.0224410554572029	0.0349447251311178	0.0328143049257141	-0.02204774269042	-0.0165953396123906	2.05555453763951e-16
USDA1703	1703	0.922817512274374	-1.84716946292805	-2.310307101161	1.45388330462118	0.807381768998392	1.65680217358004	0.245282832624324	0.136319418712975	0.238898609938824	-0.021691734914659	0.0322437123152154	0.111981527611362	-0.0437720612688819	0.0365829999350692	0.0321627599323961	0.0351922787218473	-0.0290851347730287	-0.0157599660454681	2.04921656758512e-16
USDA1706	1706	0.614572203632333	-2.7461168496977	-2.52269585738627	1.74704427501051	0.0520081966004015	0.866042190203842	0.257196957219221	-0.263482789984088	0.110004907511427	-0.265324322533278	0.0426688785671736	0.121940892183158	0.0228354013994836	0.0634794233812824	-0.0127979149475069	0.0400296512868267	-0.0228627849761165	-0.0172165363353035	4.0431392055284e-16
USDA1708	1708	1.64356347204091	-0.595877370362056	-1.00239536087359	1.02895294457912	0.910204405470037	1.31307420419403	0.220737330438493	0.0875985300633975	0.0885484301546325	-0.0636846018556641	0.117716765622193	-0.0677466581972969	-0.0489251826490743	0.0104449971898795	0.0258306585332108	0.0290211555327922	0.0433131593868594	0.0157043766164661	-2.4382979479035e-16
USDA1710	1710	-1.03360105815023	1.83923291993403	1.97878951722858	-0.0350585179358945	1.33034645048452	0.367509253508302	-0.651826948172774	-0.339391818344145	0.40316808365231	0.00890891495995849	-0.0381063677613036	-0.0760987570238145	0.133929127263417	-0.117281903009815	-0.00690419602675001	-0.149843834062844	-0.0066036841508521	-0.00572714251225724	-4.26160518498141e-16
USDA1719	1719	0.822796049669112	2.0098266640892	-0.434447632290387	0.414852900573164	-0.0591610451530489	0.198985760696803	0.325674940834711	-0.209824243733665	-0.0445438745843271	-0.0485601132303517	-0.12908721159051	-0.00147953867048134	0.151622721836569	-0.0543246382697092	-0.0317055063741881	0.116811424534081	0.0273063015672139	0.024887086814989	-3.12210072103801e-16
USDA1724	1724	1.35935205638121	2.49717140872663	-0.503287038587829	0.116295759311895	-0.136196191326241	0.142679899993894	0.467508589388396	-0.0781547335182772	-0.0964391834185207	0.102474108516272	-0.0652102385124319	0.0115594202061248	0.159389385323305	-0.00545743216664963	-0.0285384346486671	0.0283432363337464	0.0325295536158516	0.0128067593591468	-4.54156935209139e-16
USDA1730	1730	1.38596362769712	-1.22345283898921	-0.56116721881906	1.05334545761368	0.775094622036536	0.805948261544805	0.130694198916545	-0.102935694511064	0.221203243493256	-0.0668612850463823	0.0208194921778574	0.0263602778764983	-0.0628883056160162	-0.00271674981847046	-0.0359765143609566	0.030041121735813	0.0420291177017172	0.0142969095330979	-2.42357584943515e-16
USDA1734	1734	1.36509114118462	2.15129328655958	-0.644481065238526	0.408638364064836	-0.169685994002599	0.0870387693675232	0.409896768721912	-0.110278672657844	-0.0838687140601933	0.0640418923908836	-0.0838058265152395	0.0355374564752949	0.144890258266692	-0.024232776344094	-0.0254641271774557	0.0580160192847252	0.0207486068556768	0.0255064011815044	-3.47632523380335e-16
USDA1742	1742	-2.90675668457546	3.76967113152488	2.77325992412014	-2.05922091289621	1.40531034446137	1.95224877018233	-0.724454695783771	-0.24155293482132	0.260926524677759	-0.103581077138571	-0.00897680373472748	-0.11047877832146	0.111172638828854	-0.0816574584399046	-0.101443521541221	-0.0938604436354542	0.046621282830229	-0.0474745348213325	-7.89009957893165e-16
USDA1751	1751	-1.03360105815023	1.83923291993403	1.97878951722858	-0.0350585179358945	1.33034645048452	0.367509253508302	-0.651826948172774	-0.339391818344145	0.40316808365231	0.00890891495995849	-0.0381063677613036	-0.0760987570238145	0.133929127263417	-0.117281903009815	-0.00690419602675001	-0.149843834062844	-0.0066036841508521	-0.00572714251225724	-4.26160518498141e-16
USDA1760	1760	0.946090152089458	2.60884969845491	-0.394210727383151	0.384432613532397	0.231278964150082	0.662053731729806	0.373808784063938	-0.398287016318248	-0.246897122673271	-0.258059194850635	0.18804401605349	-0.0183238707000111	0.0964507916306962	-0.0867752907237294	-0.0363599106204108	0.0156337119543527	-0.019399781360451	0.0274957233817219	-4.79034730175543e-17
USDA1767	1767	1.8952898246243	-2.24221699222299	-2.03750345978778	1.48924594758207	-0.0181912377349858	1.02218448280363	0.425504032559773	-0.1647526219676	0.0928176423498956	-0.0857956810565257	-0.0388788121632826	0.0799896318593517	-0.073682167990684	0.0159811722852025	0.00537948242302459	0.0239620342017673	-0.0383977738861088	0.0147789731889804	5.11798636862851e-16
USDA1770	1770	-0.373261733880235	0.455910674643373	-1.40816226509985	1.77664075456848	2.4174658880124	-0.726544926691276	-0.392583312307218	0.0150265390434038	0.0404078445800218	0.0776745085899955	0.09640837415267	0.164534900796295	0.0646604853382576	0.019116465419579	0.0173641039870957	0.000116242566930494	0.0308268379089856	-0.00295751583274193	-8.92665692528739e-16
USDA1777	1777	-0.373261733880235	0.455910674643373	-1.40816226509985	1.77664075456848	2.4174658880124	-0.726544926691276	-0.392583312307218	0.0150265390434038	0.0404078445800218	0.0776745085899955	0.09640837415267	0.164534900796295	0.0646604853382576	0.019116465419579	0.0173641039870957	0.000116242566930494	0.0308268379089856	-0.00295751583274193	-8.92665692528739e-16
USDA1787	1787	0.0885964350372222	-3.31712575952018	2.32219611304916	0.236913628785789	-0.376050855740252	1.03320364052192	0.225530480827705	-0.383788136074609	0.123706725589033	-0.0922110368797734	-0.193673033046635	0.137273552554222	-0.30716474911222	-0.00113164152142248	-0.0245780832155725	0.0296719077442222	-0.0611656581233811	-0.0122446149058039	6.78745040107768e-16
USDA1788	1788	0.0885964350372222	-3.31712575952018	2.32219611304916	0.236913628785789	-0.376050855740252	1.03320364052192	0.225530480827705	-0.383788136074609	0.123706725589033	-0.0922110368797734	-0.193673033046635	0.137273552554222	-0.30716474911222	-0.00113164152142248	-0.0245780832155725	0.0296719077442222	-0.0611656581233811	-0.0122446149058039	6.78745040107768e-16
USDA1790	1790	-1.15781666365987	-1.76688488192319	-1.51129239182411	0.206401725430932	-0.932285620453773	0.947661351477689	0.656362435028336	-0.119154793075392	0.0365216689766035	0.131139689016628	-0.366088986393864	-0.0537040355267197	0.176412271218884	-0.153856909463415	-0.0341283790096744	0.0498400315690347	0.0156271521969013	-0.00564574566730751	4.6217557748909e-16
USDA1791	1791	-1.09535207125188	-1.36778493471264	-1.30125481753564	0.112629881663102	-1.05447191817002	0.694107379621241	0.635481909908692	0.0764225396885676	-0.0244061382625932	0.145359170126591	-0.32483749907587	-0.0693122917235292	0.163610103826934	-0.159948207101343	-0.0229152416027058	-0.00644743207451841	0.0331864993954786	0.00361764891330961	3.50274231638575e-16
USDA1792	1792	-1.73931509430787	-0.280571223237556	-1.12145340609698	0.588475081207843	-0.23080394483637	0.574187599180536	0.293686603137347	0.400489295241799	-0.0287789031813798	0.0429635217595407	-0.182171107856054	-0.0165052037500285	0.126389831500028	-0.110665281682438	0.0223928943312493	0.0241419187109196	0.0195938305706279	-0.0148703097240689	2.48451960503704e-16
USDA1793	1793	0.91480373290377	-0.289313123199523	-0.583262587962936	0.0842420841232586	0.827387096003023	0.894836089884985	0.260230018465729	0.218199347169179	0.0197202317899977	-0.0884871114298218	0.148152592537151	-0.107703947050665	0.0110762038619759	0.028332047429747	0.0104864964629548	0.00174521344919936	0.0537187295191825	0.00386978134711039	-3.70953714612303e-16
USDA1794	1794	0.952059426323707	-0.28190359367287	-0.552496306704898	0.10755530925458	0.830348598207237	0.847404946163458	0.256759777125889	0.196419017702402	0.0392335705001419	-0.0968916090093791	0.138553601645622	-0.102447048269642	0.0132339476568849	0.0349601591675754	0.0160449300590318	0.000550624339957763	0.0537345848643297	-0.00114620477405744	-3.57709723809927e-16
USDA1795	1795	-1.4613192528201	1.30615171858588	-0.430055968914223	-0.571483291185905	-0.338335903106062	0.219528118101427	0.668454411706035	0.427739988180547	0.00916338839710018	0.153465036161371	-0.163442713574042	-0.0364300227664252	0.0439979834266867	-0.028000320464432	-0.0541618552874576	0.0489944376394759	-0.0130261802382082	-0.00701694958571654	1.19079095364896e-16
USDA1796	1796	-1.4613192528201	1.30615171858588	-0.430055968914223	-0.571483291185905	-0.338335903106062	0.219528118101427	0.668454411706035	0.427739988180547	0.00916338839710018	0.153465036161371	-0.163442713574042	-0.0364300227664252	0.0439979834266867	-0.028000320464432	-0.0541618552874576	0.0489944376394759	-0.0130261802382082	-0.00701694958571654	1.19079095364896e-16
USDA1803	1803	-3.02046296832288	3.21954837451973	-0.305165099109012	0.907787353505979	1.30489380019201	0.423874121225742	-0.671980834060437	-1.13412954749306	-0.0537726085867608	-0.0256947157320913	-0.077822937085155	0.0610657520712359	-0.0457988684983775	0.00474478242480223	-0.0644342888346462	-0.0423921723924637	-0.0256783546076961	0.00740589607857369	4.93876672880836e-17
USDA1804	1804	-3.1567610532387	3.42147348286519	-0.372360394106554	-0.190592250184326	1.33940186289342	0.588199974586167	0.476562242746822	-0.406054913390802	-0.241966922878217	0.0505272183705517	0.104890346128668	0.0364369871800803	0.042868230653212	0.0678391013370304	-0.0337137075580386	-0.0132615289072824	0.00269885450087909	0.00177703369093245	-5.00346545227049e-16
USDA1808	1808	4.82911071049818	0.884358890650597	0.32940995833735	0.01829017884343	0.0985676326745332	0.0951666981449246	-0.243070084236259	0.12793026204691	-0.082995226414394	0.122575069480754	0.0572591747801419	-0.121415947406527	0.0744229971504094	-0.0088178106371757	-0.0681005831717389	-0.00396444414529643	0.0286199452000174	-0.0262610380387516	-2.785467889521e-16
USDA1810	1810	4.82911071049818	0.884358890650597	0.32940995833735	0.01829017884343	0.0985676326745332	0.0951666981449246	-0.243070084236259	0.12793026204691	-0.082995226414394	0.122575069480754	0.0572591747801419	-0.121415947406527	0.0744229971504094	-0.0088178106371757	-0.0681005831717389	-0.00396444414529643	0.0286199452000174	-0.0262610380387516	-2.785467889521e-16
USDA1819	1819	1.35935205638121	2.49717140872663	-0.503287038587829	0.116295759311895	-0.136196191326241	0.142679899993894	0.467508589388396	-0.0781547335182772	-0.0964391834185207	0.102474108516272	-0.0652102385124319	0.0115594202061248	0.159389385323305	-0.00545743216664963	-0.0285384346486671	0.0283432363337464	0.0325295536158516	0.0128067593591468	-4.54156935209139e-16
USDA1830	1830	5.02283110826277	2.5430954241225	1.15404225516569	0.434182539002823	0.411463893251787	-0.617508186547362	-1.23461898786598	-0.68818588352995	0.112536175725676	0.076639693576023	-0.116637204812114	-0.0527908597369629	0.0197677193578585	-0.0399848895130823	0.10269731716976	0.0501821633323542	-0.0194728966368024	0.0141892535744987	-5.34355069178543e-17
USDA1855	1855	5.02283110826277	2.5430954241225	1.15404225516569	0.434182539002823	0.411463893251787	-0.617508186547362	-1.23461898786598	-0.68818588352995	0.112536175725676	0.076639693576023	-0.116637204812114	-0.0527908597369629	0.0197677193578585	-0.0399848895130823	0.10269731716976	0.0501821633323542	-0.0194728966368024	0.0141892535744987	-5.34355069178543e-17
USDA1883	1883	5.02283110826277	2.5430954241225	1.15404225516569	0.434182539002823	0.411463893251787	-0.617508186547362	-1.23461898786598	-0.68818588352995	0.112536175725676	0.076639693576023	-0.116637204812114	-0.0527908597369629	0.0197677193578585	-0.0399848895130823	0.10269731716976	0.0501821633323542	-0.0194728966368024	0.0141892535744987	-5.34355069178543e-17
USDA1903	1903	5.02283110826277	2.5430954241225	1.15404225516569	0.434182539002823	0.411463893251787	-0.617508186547362	-1.23461898786598	-0.68818588352995	0.112536175725676	0.076639693576023	-0.116637204812114	-0.0527908597369629	0.0197677193578585	-0.0399848895130823	0.10269731716976	0.0501821633323542	-0.0194728966368024	0.0141892535744987	-5.34355069178543e-17
USDA1919	1919	5.02283110826277	2.5430954241225	1.15404225516569	0.434182539002823	0.411463893251787	-0.617508186547362	-1.23461898786598	-0.68818588352995	0.112536175725676	0.076639693576023	-0.116637204812114	-0.0527908597369629	0.0197677193578585	-0.0399848895130823	0.10269731716976	0.0501821633323542	-0.0194728966368024	0.0141892535744987	-5.34355069178543e-17
USDA1927	1927	5.02283110826277	2.5430954241225	1.15404225516569	0.434182539002823	0.411463893251787	-0.617508186547362	-1.23461898786598	-0.68818588352995	0.112536175725676	0.076639693576023	-0.116637204812114	-0.0527908597369629	0.0197677193578585	-0.0399848895130823	0.10269731716976	0.0501821633323542	-0.0194728966368024	0.0141892535744987	-5.34355069178543e-17
HM006-1	HM006-1	-0.29588906606961	-2.88379722598328	-2.07637993193384	-0.0942391513415316	0.466849813370755	-0.389696931791903	0.0865079009106315	-0.177155312364083	0.051134297025002	-0.0791750493302062	0.043641997517219	-0.0870694786569016	-0.000399840097666916	-0.00232141413487269	0.0262111533790796	-0.0253524260100337	0.00342036231934065	0.00011112843744144	3.12305528253485e-16
KH36C	KH36C	-0.29588906606961	-2.88379722598328	-2.07637993193384	-0.0942391513415316	0.466849813370755	-0.389696931791903	0.0865079009106315	-0.177155312364083	0.051134297025002	-0.0791750493302062	0.043641997517219	-0.0870694786569016	-0.000399840097666916	-0.00232141413487269	0.0262111533790796	-0.0253524260100337	0.00342036231934065	0.00011112843744144	3.12305528253485e-16
KH46C	KH46C	-0.29588906606961	-2.88379722598328	-2.07637993193384	-0.0942391513415316	0.466849813370755	-0.389696931791903	0.0865079009106315	-0.177155312364083	0.051134297025002	-0.0791750493302062	0.043641997517219	-0.0870694786569016	-0.000399840097666916	-0.00232141413487269	0.0262111533790796	-0.0253524260100337	0.00342036231934065	0.00011112843744144	3.12305528253485e-16
M162	M162	-1.19420120537212	3.24737789590873	-0.273523749243944	0.1175265357866	-0.659517872146173	-0.604418271212632	0.40721718138071	-0.412518878093555	-0.0818134453444949	0.00345728406824064	-0.0112062315893202	0.0571132458669871	-0.0514952568543566	0.0157147973823137	0.0188679024205814	-0.000663409278727184	0.0119759622736246	-0.00728721190691098	-9.81075214577712e-17
M2	M2	-1.19420120537212	3.24737789590873	-0.273523749243944	0.1175265357866	-0.659517872146173	-0.604418271212632	0.40721718138071	-0.412518878093555	-0.0818134453444949	0.00345728406824064	-0.0112062315893202	0.0571132458669871	-0.0514952568543566	0.0157147973823137	0.0188679024205814	-0.000663409278727184	0.0119759622736246	-0.00728721190691098	-9.81075214577712e-17
M270	M270	-1.93296080874398	2.69634250087969	-0.535122847619316	1.30285426375214	0.104412012247247	-0.498112274352399	-0.74419886327338	-0.866119015227445	0.0520653039999663	-0.0719403284591555	-5.39038034967909e-05	0.0914142684361696	-0.0338654988250281	0.0350966044362962	-0.0389355552550305	-0.0197871646434271	0.0323678200520744	-0.00745197944544027	-4.26758896632019e-16
RM41	RM41	0.774896669035579	-0.377534530742659	-0.752023455651254	0.0117775059854542	0.776938787228586	1.13009134869831	0.288798839509919	0.276705060771186	0.0449191889068183	-0.0821936823380694	0.179626656027184	-0.099841142676061	0.0181673622097268	0.00753496498258893	0.0114181016377676	0.00649558053192091	0.0514120800122057	-0.00628006146526246	-3.12682444250031e-16
T027	T027	-2.67775854004338	2.98751112758748	0.0194889532459875	-0.153839146645684	0.723499927965136	1.1872880847676	0.324920701852672	-0.137708664342922	-0.0889574451474107	0.085405133055083	-0.0763170239800365	-0.0927657005702923	-0.00254232324214904	-0.0198522401909513	-0.0344419810942942	-0.0584166898614909	-0.0230891152034613	0.00896462433791469	1.73494775755552e-16
T073	T073	-2.67775854004338	2.98751112758748	0.0194889532459875	-0.153839146645684	0.723499927965136	1.1872880847676	0.324920701852672	-0.137708664342922	-0.0889574451474107	0.085405133055083	-0.0763170239800365	-0.0927657005702923	-0.00254232324214904	-0.0198522401909513	-0.0344419810942942	-0.0584166898614909	-0.0230891152034613	0.00896462433791469	1.73494775755552e-16
USDA1021	1021	1.42885246245748	0.876766524045976	2.02446048733661	-0.798280304150901	0.34085056308056	0.109878896280584	0.142584402602563	0.252649708211605	-0.0617826815564249	-0.284460002184626	0.0940199330441853	0.0531009977038538	-0.0584109745941564	-0.0425423843420026	0.0708036797521649	0.0143327743600556	-0.0353718609559327	0.00331746082584325	1.00154234378501e-16
USDA1106	1106	-1.9681850682606	3.3367291994809	0.285370163779014	-0.293658733622113	0.0185639430894317	-1.05889555276814	-0.0949771248073878	-0.261422942258572	0.137153283294673	-0.102742694556464	-0.0161772327935619	-0.0680452460251512	-0.150341147397066	-0.0593864884354983	-0.0507772657104649	0.00138854578603085	0.00779144482003378	0.00112636730663151	-5.30355424108106e-17
USDA1157	1157	-0.198804928431708	2.29113252261537	-1.34766633746258	0.27512958607731	-0.13050966339607	-1.22757193136561	1.1199686092954	0.0595369365287403	-0.155627347939052	0.0710063166616978	0.0969342912655404	-0.0402693869189585	-0.00104868078919706	-0.0234716506623511	0.0470373947439401	0.0466267662811349	0.0295805102541908	0.00265357216548164	-1.48400008393469e-16
WSM419	WSM419	-1.55050143969369	-0.808022549934036	-1.59634879945533	1.98341456041761	-0.876178983524681	1.39971670920674	-0.423981485714258	0.562467848274257	0.144586467688123	0.00342909383398698	-0.0849530743200638	0.102586101277262	0.00186696883429526	-0.0784450434573465	0.0212382295866077	-0.0131914371116734	-0.00167701186190116	0.00115046142303258	3.51827702578617e-16
HM007-10	HM007-10	-0.29588906606961	-2.88379722598328	-2.07637993193384	-0.0942391513415316	0.466849813370755	-0.389696931791903	0.0865079009106315	-0.177155312364083	0.051134297025002	-0.0791750493302062	0.043641997517219	-0.0870694786569016	-0.000399840097666916	-0.00232141413487269	0.0262111533790796	-0.0253524260100337	0.00342036231934065	0.00011112843744144	3.12305528253485e-16
HM007-12	HM007-12	-0.29588906606961	-2.88379722598328	-2.07637993193384	-0.0942391513415316	0.466849813370755	-0.389696931791903	0.0865079009106315	-0.177155312364083	0.051134297025002	-0.0791750493302062	0.043641997517219	-0.0870694786569016	-0.000399840097666916	-0.00232141413487269	0.0262111533790796	-0.0253524260100337	0.00342036231934065	0.00011112843744144	3.12305528253485e-16
HM007-17	HM007-17	-0.29588906606961	-2.88379722598328	-2.07637993193384	-0.0942391513415316	0.466849813370755	-0.389696931791903	0.0865079009106315	-0.177155312364083	0.051134297025002	-0.0791750493302062	0.043641997517219	-0.0870694786569016	-0.000399840097666916	-0.00232141413487269	0.0262111533790796	-0.0253524260100337	0.00342036231934065	0.00011112843744144	3.12305528253485e-16
HM013-1	HM013-1	-0.29588906606961	-2.88379722598328	-2.07637993193384	-0.0942391513415316	0.466849813370755	-0.389696931791903	0.0865079009106315	-0.177155312364083	0.051134297025002	-0.0791750493302062	0.043641997517219	-0.0870694786569016	-0.000399840097666916	-0.00232141413487269	0.0262111533790796	-0.0253524260100337	0.00342036231934065	0.00011112843744144	3.12305528253485e-16
HM015-1	HM015-1	-0.29588906606961	-2.88379722598328	-2.07637993193384	-0.0942391513415316	0.466849813370755	-0.389696931791903	0.0865079009106315	-0.177155312364083	0.051134297025002	-0.0791750493302062	0.043641997517219	-0.0870694786569016	-0.000399840097666916	-0.00232141413487269	0.0262111533790796	-0.0253524260100337	0.00342036231934065	0.00011112843744144	3.12305528253485e-16
KH12G	KH12G	-0.29588906606961	-2.88379722598328	-2.07637993193384	-0.0942391513415316	0.466849813370755	-0.389696931791903	0.0865079009106315	-0.177155312364083	0.051134297025002	-0.0791750493302062	0.043641997517219	-0.0870694786569016	-0.000399840097666916	-0.00232141413487269	0.0262111533790796	-0.0253524260100337	0.00342036231934065	0.00011112843744144	3.12305528253485e-16
KH16B	KH16B	-0.29588906606961	-2.88379722598328	-2.07637993193384	-0.0942391513415316	0.466849813370755	-0.389696931791903	0.0865079009106315	-0.177155312364083	0.051134297025002	-0.0791750493302062	0.043641997517219	-0.0870694786569016	-0.000399840097666916	-0.00232141413487269	0.0262111533790796	-0.0253524260100337	0.00342036231934065	0.00011112843744144	3.12305528253485e-16
KH30A	KH30A	-0.29588906606961	-2.88379722598328	-2.07637993193384	-0.0942391513415316	0.466849813370755	-0.389696931791903	0.0865079009106315	-0.177155312364083	0.051134297025002	-0.0791750493302062	0.043641997517219	-0.0870694786569016	-0.000399840097666916	-0.00232141413487269	0.0262111533790796	-0.0253524260100337	0.00342036231934065	0.00011112843744144	3.12305528253485e-16
KH35B	KH35B	-0.29588906606961	-2.88379722598328	-2.07637993193384	-0.0942391513415316	0.466849813370755	-0.389696931791903	0.0865079009106315	-0.177155312364083	0.051134297025002	-0.0791750493302062	0.043641997517219	-0.0870694786569016	-0.000399840097666916	-0.00232141413487269	0.0262111533790796	-0.0253524260100337	0.00342036231934065	0.00011112843744144	3.12305528253485e-16
KH35C	KH35C	-0.29588906606961	-2.88379722598328	-2.07637993193384	-0.0942391513415316	0.466849813370755	-0.389696931791903	0.0865079009106315	-0.177155312364083	0.051134297025002	-0.0791750493302062	0.043641997517219	-0.0870694786569016	-0.000399840097666916	-0.00232141413487269	0.0262111533790796	-0.0253524260100337	0.00342036231934065	0.00011112843744144	3.12305528253485e-16
KH46B	KH46B	-0.29588906606961	-2.88379722598328	-2.07637993193384	-0.0942391513415316	0.466849813370755	-0.389696931791903	0.0865079009106315	-0.177155312364083	0.051134297025002	-0.0791750493302062	0.043641997517219	-0.0870694786569016	-0.000399840097666916	-0.00232141413487269	0.0262111533790796	-0.0253524260100337	0.00342036231934065	0.00011112843744144	3.12305528253485e-16
KH48E	KH48E	-0.29588906606961	-2.88379722598328	-2.07637993193384	-0.0942391513415316	0.466849813370755	-0.389696931791903	0.0865079009106315	-0.177155312364083	0.051134297025002	-0.0791750493302062	0.043641997517219	-0.0870694786569016	-0.000399840097666916	-0.00232141413487269	0.0262111533790796	-0.0253524260100337	0.00342036231934065	0.00011112843744144	3.12305528253485e-16
M10	M10	-1.19420120537212	3.24737789590873	-0.273523749243944	0.1175265357866	-0.659517872146173	-0.604418271212632	0.40721718138071	-0.412518878093555	-0.0818134453444949	0.00345728406824064	-0.0112062315893202	0.0571132458669871	-0.0514952568543566	0.0157147973823137	0.0188679024205814	-0.000663409278727184	0.0119759622736246	-0.00728721190691098	-9.81075214577712e-17
M156	M156	-1.19420120537212	3.24737789590873	-0.273523749243944	0.1175265357866	-0.659517872146173	-0.604418271212632	0.40721718138071	-0.412518878093555	-0.0818134453444949	0.00345728406824064	-0.0112062315893202	0.0571132458669871	-0.0514952568543566	0.0157147973823137	0.0188679024205814	-0.000663409278727184	0.0119759622736246	-0.00728721190691098	-9.81075214577712e-17
M195	M195	0.26187487648819	1.19160606090133	-1.17565761411186	0.704835123117259	0.206306004749809	-1.00223004316882	0.211581907605209	0.484466109946806	0.214444775058157	0.188260852319538	-0.253246521145971	0.0523743662395713	-0.0540540690910897	0.0170097960222604	0.00730858260807394	-0.0356795405575854	0.0291234249683446	0.0132450632566126	-2.47395484299716e-16
M210	M210	0.26187487648819	1.19160606090133	-1.17565761411186	0.704835123117259	0.206306004749809	-1.00223004316882	0.211581907605209	0.484466109946806	0.214444775058157	0.188260852319538	-0.253246521145971	0.0523743662395713	-0.0540540690910897	0.0170097960222604	0.00730858260807394	-0.0356795405575854	0.0291234249683446	0.0132450632566126	-2.47395484299716e-16
M243	M243	-1.93296080874398	2.69634250087969	-0.535122847619316	1.30285426375214	0.104412012247247	-0.498112274352399	-0.74419886327338	-0.866119015227445	0.0520653039999663	-0.0719403284591555	-5.39038034967909e-05	0.0914142684361696	-0.0338654988250281	0.0350966044362962	-0.0389355552550305	-0.0197871646434271	0.0323678200520744	-0.00745197944544027	-4.26758896632019e-16
M249	M249	-1.93296080874398	2.69634250087969	-0.535122847619316	1.30285426375214	0.104412012247247	-0.498112274352399	-0.74419886327338	-0.866119015227445	0.0520653039999663	-0.0719403284591555	-5.39038034967909e-05	0.0914142684361696	-0.0338654988250281	0.0350966044362962	-0.0389355552550305	-0.0197871646434271	0.0323678200520744	-0.00745197944544027	-4.26758896632019e-16
M268	M268	-1.93296080874398	2.69634250087969	-0.535122847619316	1.30285426375214	0.104412012247247	-0.498112274352399	-0.74419886327338	-0.866119015227445	0.0520653039999663	-0.0719403284591555	-5.39038034967909e-05	0.0914142684361696	-0.0338654988250281	0.0350966044362962	-0.0389355552550305	-0.0197871646434271	0.0323678200520744	-0.00745197944544027	-4.26758896632019e-16
M30	M30	-1.19420120537212	3.24737789590873	-0.273523749243944	0.1175265357866	-0.659517872146173	-0.604418271212632	0.40721718138071	-0.412518878093555	-0.0818134453444949	0.00345728406824064	-0.0112062315893202	0.0571132458669871	-0.0514952568543566	0.0157147973823137	0.0188679024205814	-0.000663409278727184	0.0119759622736246	-0.00728721190691098	-9.81075214577712e-17
N6B1	N6B1	-3.98197224426083	-7.68931670287964	10.2848608587272	5.87134445464914	-0.277401533927112	-1.06672972036029	1.80941489713608	-0.412282225351559	0.429324245666555	0.446086671290347	0.322908619323483	-0.161595576360769	0.0837092258656462	0.0074759579173292	0.0315900440867467	0.0121461983434155	0.011747126646575	0.00256984987420723	-1.39823909627486e-15
N6B7	N6B7	-3.98197224426083	-7.68931670287964	10.2848608587272	5.87134445464914	-0.277401533927112	-1.06672972036029	1.80941489713608	-0.412282225351559	0.429324245666555	0.446086671290347	0.322908619323483	-0.161595576360769	0.0837092258656462	0.0074759579173292	0.0315900440867467	0.0121461983434155	0.011747126646575	0.00256984987420723	-1.39823909627486e-15
T094	T094	-2.35035736524166	3.46089805952005	0.159487618826725	-1.10624797790824	0.392800434974289	1.06018674583344	0.948390445893475	0.155375578725804	-0.110019814847039	0.19607226519751	-0.0419495843400662	-0.060558315554087	0.0543441981601039	0.039867432232381	-0.0392703272456394	-0.00917309470161204	0.00283778329218703	-0.000803626718439376	-2.13987576213549e-16
A321	A321	-0.29588906606961	-2.88379722598328	-2.07637993193384	-0.0942391513415316	0.466849813370755	-0.389696931791903	0.0865079009106315	-0.177155312364083	0.051134297025002	-0.0791750493302062	0.043641997517219	-0.0870694786569016	-0.000399840097666916	-0.00232141413487269	0.0262111533790796	-0.0253524260100337	0.00342036231934065	0.00011112843744144	3.12305528253485e-16
KH36B	KH36B	-0.29588906606961	-2.88379722598328	-2.07637993193384	-0.0942391513415316	0.466849813370755	-0.389696931791903	0.0865079009106315	-0.177155312364083	0.051134297025002	-0.0791750493302062	0.043641997517219	-0.0870694786569016	-0.000399840097666916	-0.00232141413487269	0.0262111533790796	-0.0253524260100337	0.00342036231934065	0.00011112843744144	3.12305528253485e-16
KH36D	KH36D	-0.29588906606961	-2.88379722598328	-2.07637993193384	-0.0942391513415316	0.466849813370755	-0.389696931791903	0.0865079009106315	-0.177155312364083	0.051134297025002	-0.0791750493302062	0.043641997517219	-0.0870694786569016	-0.000399840097666916	-0.00232141413487269	0.0262111533790796	-0.0253524260100337	0.00342036231934065	0.00011112843744144	3.12305528253485e-16
KH53A	KH53A	-0.29588906606961	-2.88379722598328	-2.07637993193384	-0.0942391513415316	0.466849813370755	-0.389696931791903	0.0865079009106315	-0.177155312364083	0.051134297025002	-0.0791750493302062	0.043641997517219	-0.0870694786569016	-0.000399840097666916	-0.00232141413487269	0.0262111533790796	-0.0253524260100337	0.00342036231934065	0.00011112843744144	3.12305528253485e-16
KH53B	KH53B	-0.29588906606961	-2.88379722598328	-2.07637993193384	-0.0942391513415316	0.466849813370755	-0.389696931791903	0.0865079009106315	-0.177155312364083	0.051134297025002	-0.0791750493302062	0.043641997517219	-0.0870694786569016	-0.000399840097666916	-0.00232141413487269	0.0262111533790796	-0.0253524260100337	0.00342036231934065	0.00011112843744144	3.12305528253485e-16
M1	M1	-1.19420120537212	3.24737789590873	-0.273523749243944	0.1175265357866	-0.659517872146173	-0.604418271212632	0.40721718138071	-0.412518878093555	-0.0818134453444949	0.00345728406824064	-0.0112062315893202	0.0571132458669871	-0.0514952568543566	0.0157147973823137	0.0188679024205814	-0.000663409278727184	0.0119759622736246	-0.00728721190691098	-9.81075214577712e-17
M102	M102	-1.19420120537212	3.24737789590873	-0.273523749243944	0.1175265357866	-0.659517872146173	-0.604418271212632	0.40721718138071	-0.412518878093555	-0.0818134453444949	0.00345728406824064	-0.0112062315893202	0.0571132458669871	-0.0514952568543566	0.0157147973823137	0.0188679024205814	-0.000663409278727184	0.0119759622736246	-0.00728721190691098	-9.81075214577712e-17
M161	M161	-1.19420120537212	3.24737789590873	-0.273523749243944	0.1175265357866	-0.659517872146173	-0.604418271212632	0.40721718138071	-0.412518878093555	-0.0818134453444949	0.00345728406824064	-0.0112062315893202	0.0571132458669871	-0.0514952568543566	0.0157147973823137	0.0188679024205814	-0.000663409278727184	0.0119759622736246	-0.00728721190691098	-9.81075214577712e-17
M22	M22	-1.19420120537212	3.24737789590873	-0.273523749243944	0.1175265357866	-0.659517872146173	-0.604418271212632	0.40721718138071	-0.412518878093555	-0.0818134453444949	0.00345728406824064	-0.0112062315893202	0.0571132458669871	-0.0514952568543566	0.0157147973823137	0.0188679024205814	-0.000663409278727184	0.0119759622736246	-0.00728721190691098	-9.81075214577712e-17
M58	M58	-1.93296080874398	2.69634250087969	-0.535122847619316	1.30285426375214	0.104412012247247	-0.498112274352399	-0.74419886327338	-0.866119015227445	0.0520653039999663	-0.0719403284591555	-5.39038034967909e-05	0.0914142684361696	-0.0338654988250281	0.0350966044362962	-0.0389355552550305	-0.0197871646434271	0.0323678200520744	-0.00745197944544027	-4.26758896632019e-16
