1005	159	157	157	79	118	18	15	129	117	65	70	173	165	167	71	107	133	207	169	117	59	207	146	71	175	113	204	65	44	113	203	145	-90	130	122	47	93	113	166	103	165	222	110	122	142	101	207	117	70	126	63	70	18	117	133	169	222	103	112	93	102	63	93	36	19	142	122	142	113	59	118	79	107	148	107	133	183	256	102	207	130	18	219	126	165	95	128	18	157	103	95	130	175	47	146	22	180	128	110	97
1006	194	118	70	117	59	107	65	-90	113	169	44	167	36	133	63	129	97	107	36	59	63	170	255	63	200	63	158	255	170	103	15	71	67	128	69	19	36	169	217	256	15	79	169	173	-90	36	204	19	61	117	90	113	63	36	133	117	103	157	169	-90	15	22	117	89	176	126	70	103	-90	50	159	129	133	167	170	81	15	50	95	102	50	222	19	36	-90	78	133	133	112	50	36	110	107	93	63	97	107	157	19	122
1007	70	36	110	69	97	15	170	85	95	59	172	222	40	183	129	173	170	117	107	183	107	62	82	107	204	70	93	78	200	97	122	63	63	103	89	15	175	122	15	112	122	183	18	92	95	122	159	63	86	18	235	169	15	113	219	110	19	-90	95	128	133	176	70	117	18	20	93	80	70	20	107	89	47	183	47	110	122	102	103	133	165	59	113	40	61	20	86	15	122	235	159	59	173	129	161	102	159	133	51	256
1008	183	183	255	93	167	78	95	70	255	157	102	40	93	169	93	113	70	133	18	70	70	145	172	95	204	70	154	103	133	169	65	40	81	65	63	180	20	20	59	89	118	122	89	93	97	15	128	102	235	154	194	102	126	101	200	70	71	159	167	107	204	170	160	103	44	194	95	122	169	173	19	170	166	65	172	145	142	117	97	82	79	85	47	15	103	90	93	103	117	169	122	19	128	95	157	145	169	50	117	79
1018	126	95	15	122	154	118	63	113	92	107	203	70	133	93	122	183	207	93	112	50	93	103	53	117	183	20	122	133	183	50	36	78	47	161	107	97	63	70	113	22	86	219	53	85	180	65	82	175	167	177	86	142	65	160	86	207	22	103	255	90	117	44	59	70	169	89	78	222	183	18	81	50	95	101	95	177	44	89	167	47	110	161	122	78	65	118	107	103	101	86	122	112	18	203	63	146	47	19	102	20
1022	18	148	103	128	219	128	203	142	47	122	36	-90	118	92	103	200	117	145	44	126	175	95	122	130	126	161	177	103	126	-90	128	126	102	169	86	183	169	183	63	79	122	175	142	194	170	158	19	183	15	107	159	47	180	175	103	95	183	170	85	169	148	207	93	97	183	63	81	40	122	170	-90	18	145	126	22	103	65	69	157	255	157	86	204	69	67	85	-90	102	165	59	18	129	148	15	101	109	59	256	93	18
1023	80	166	47	19	113	59	19	19	95	126	70	103	128	129	79	176	166	126	70	79	93	256	107	63	70	169	93	122	93	93	204	219	71	183	170	44	79	93	122	145	65	51	86	200	89	101	70	113	67	117	70	145	53	217	117	18	172	92	183	50	204	20	71	145	126	70	113	36	36	71	40	200	20	93	130	122	89	157	183	180	78	157	235	92	204	180	126	107	79	44	78	70	169	117	36	107	101	103	20	170
1024	NA	NA	NA	NA	NA	NA	NA	NA	NA	NA	NA	NA	NA	NA	NA	NA	NA	NA	NA	NA	NA	NA	NA	NA	NA	NA	NA	NA	NA	NA	NA	NA	NA	NA	NA	NA	NA	NA	NA	NA	NA	NA	NA	NA	NA	NA	NA	NA	NA	NA	NA	NA	NA	NA	NA	NA	NA	NA	NA	NA	NA	NA	NA	NA	NA	NA	NA	NA	NA	NA	NA	NA	NA	NA	NA	NA	NA	NA	NA	NA	NA	NA	NA	NA	NA	NA	NA	NA	NA	NA	NA	NA	NA	NA	NA	NA	NA	NA	NA	NA
1025	133	70	20	70	47	36	183	126	158	129	69	110	207	133	203	128	235	207	95	107	167	157	113	-90	183	97	36	93	20	65	79	117	59	142	129	222	44	-90	203	117	129	157	65	107	81	81	255	183	169	50	62	67	82	71	79	128	113	172	70	-90	177	200	117	22	180	51	20	207	86	62	122	145	18	89	110	90	65	62	133	117	113	62	194	70	70	59	142	18	170	122	207	222	207	63	113	-90	207	154	183	63
1027	122	70	18	112	207	207	19	62	173	36	78	92	20	70	109	167	222	256	117	255	235	59	133	126	85	217	-90	82	161	51	130	20	160	53	102	217	113	69	130	103	169	122	95	80	255	165	95	159	63	169	113	126	67	107	126	59	101	40	173	97	71	82	103	128	51	159	61	133	133	70	101	97	20	19	158	112	20	128	59	59	47	169	166	117	145	93	130	170	159	70	118	93	85	145	81	148	145	101	113	130
1031	133	93	71	97	109	20	172	50	167	70	256	122	180	20	97	146	20	169	142	177	110	176	65	222	133	107	170	19	93	133	183	176	133	93	113	79	63	180	109	200	-90	166	59	50	107	122	47	166	200	-90	160	-90	79	117	50	47	146	148	145	129	128	78	207	89	113	107	101	183	170	110	89	166	169	183	89	81	194	117	62	80	117	69	22	128	158	-90	80	59	82	67	122	203	157	93	44	81	204	62	103	128
1035	61	65	95	113	117	89	89	255	107	118	204	-90	204	107	102	183	-90	61	204	113	126	36	20	183	40	47	70	70	15	15	169	180	47	122	44	129	50	92	102	97	79	65	103	-90	63	118	44	82	133	160	63	89	126	129	255	102	126	36	103	157	78	63	161	97	59	40	194	133	101	89	36	47	69	159	101	82	204	70	107	170	169	175	112	170	15	180	79	154	110	175	183	157	44	70	122	50	207	78	70	63
1106	128	169	133	62	59	177	207	166	207	160	59	203	79	118	122	159	160	129	19	93	112	117	51	203	107	89	117	194	15	79	19	63	69	180	146	103	169	81	207	166	102	71	204	117	128	118	51	113	36	103	70	65	50	22	93	102	53	15	69	79	92	117	130	157	161	81	59	158	70	107	22	92	95	47	169	20	169	169	47	103	70	101	130	175	50	47	47	203	167	69	79	157	204	112	235	194	166	126	113	15
1107	154	160	133	133	102	145	128	177	204	117	158	62	172	173	36	183	70	180	20	129	173	22	70	112	-90	81	102	219	101	47	103	67	80	146	93	63	167	18	154	81	70	47	109	183	175	70	67	128	207	47	170	170	122	63	126	180	217	15	129	70	113	113	154	80	101	86	51	85	63	142	256	70	62	157	183	93	-90	122	101	20	217	-90	183	146	207	117	219	103	194	117	70	101	63	85	177	59	113	89	217	70
1146	15	157	217	126	65	126	-90	95	18	130	183	81	110	36	170	107	93	36	128	62	183	194	130	50	118	158	113	113	78	19	118	145	70	50	101	113	122	194	142	159	173	256	70	180	166	-90	122	59	103	93	-90	63	118	126	93	183	128	133	133	81	36	103	183	93	170	79	89	70	172	207	217	18	113	122	95	107	133	65	118	-90	222	95	101	53	207	110	222	160	173	36	126	204	101	109	70	-90	50	89	222	180
1157	65	222	173	86	101	175	235	18	219	69	161	194	117	176	217	82	128	36	122	70	113	133	194	78	101	102	133	113	79	80	79	113	15	71	133	20	126	61	157	148	70	-90	97	53	145	97	165	89	103	133	81	19	81	107	70	15	95	130	101	69	170	128	113	53	40	70	70	130	93	145	51	161	89	219	50	19	40	36	20	154	19	19	93	113	-90	19	63	217	70	62	53	92	118	93	173	166	194	70	82	128
1158	70	207	107	103	235	80	47	65	89	146	145	89	173	146	128	89	95	101	207	113	160	133	167	133	47	145	59	128	90	70	62	126	109	117	110	180	161	63	200	207	122	204	93	36	47	113	102	71	-90	67	15	78	113	122	129	126	194	183	15	167	255	89	113	65	160	165	173	61	51	109	97	172	40	101	93	15	71	113	157	194	59	95	180	133	90	86	122	158	50	85	118	-90	50	169	36	93	130	173	200	112
1161	207	118	102	20	70	203	160	109	81	71	63	93	53	107	158	157	20	-90	101	70	101	128	15	15	70	256	203	126	235	93	183	70	101	79	103	40	101	65	157	79	176	36	126	169	180	180	157	59	51	80	93	95	15	128	110	78	80	180	122	160	194	70	19	90	128	15	154	169	148	19	70	255	169	47	78	172	204	18	82	63	65	70	70	194	133	183	67	128	70	128	158	50	18	194	59	70	85	70	158	15
1162	93	113	117	79	47	146	93	113	18	79	50	133	194	19	204	18	118	78	113	18	126	117	67	103	15	148	110	183	70	142	97	217	166	101	142	89	222	122	129	170	204	22	36	86	19	148	81	112	107	15	146	194	157	19	53	255	169	18	53	63	217	107	86	19	118	69	133	101	157	101	93	70	170	50	97	128	79	93	101	122	256	15	256	50	70	122	70	126	70	166	81	207	20	15	70	180	65	157	173	167
1163	109	67	67	207	122	95	20	89	93	154	154	158	-90	101	22	109	194	95	122	170	90	92	62	148	36	133	79	126	133	194	81	89	130	20	53	157	20	160	101	90	133	203	200	222	256	59	89	15	78	128	133	20	204	69	97	36	61	118	148	118	160	81	167	40	97	176	93	50	207	70	18	53	92	36	85	145	113	157	59	51	169	51	63	173	177	50	126	145	44	255	166	20	112	194	18	157	122	103	50	70
1170	122	79	51	15	50	90	157	122	222	169	117	165	117	69	70	130	79	103	167	93	145	86	203	110	180	175	80	63	180	95	53	113	95	47	133	175	59	79	40	203	113	158	62	170	61	107	65	-90	194	63	167	70	36	183	107	161	219	113	65	62	157	165	183	-90	117	133	170	81	95	65	107	130	-90	204	160	53	157	36	126	70	133	101	161	113	95	79	204	36	86	90	122	183	194	172	92	128	19	158	61	159
1171	95	107	157	217	36	50	63	180	180	219	177	204	122	50	175	235	70	86	102	180	113	67	110	142	70	67	112	-90	86	-90	95	85	51	44	207	18	165	59	176	40	71	194	173	175	145	194	36	194	40	85	103	18	20	183	113	71	112	117	101	78	122	65	53	19	92	36	67	19	204	107	207	101	194	122	180	126	145	169	78	103	101	194	79	65	170	107	70	20	19	93	183	15	194	170	80	129	93	222	89	169
1180	101	78	103	90	71	128	118	217	129	101	89	207	63	204	101	126	112	20	172	110	70	194	175	19	80	63	85	169	112	93	154	20	63	40	36	172	61	207	19	154	93	101	161	79	112	180	107	222	222	81	118	180	70	169	118	79	107	204	113	133	70	222	-90	122	194	62	18	157	107	170	15	71	256	169	113	70	85	63	122	67	70	47	95	183	40	101	145	142	207	47	126	82	53	51	22	103	67	-90	67	200
1183	255	200	19	93	183	81	204	256	70	19	183	51	194	170	70	126	102	128	62	59	130	107	217	107	92	255	40	183	19	36	145	95	102	51	148	166	50	70	122	93	170	113	44	103	20	36	97	169	118	235	122	169	145	18	79	122	51	142	222	15	122	69	235	85	194	70	80	65	81	126	133	117	117	18	235	160	122	203	81	93	183	157	85	180	65	170	-90	70	102	63	235	117	82	-90	82	145	157	204	18	183
1184	128	70	93	110	126	101	82	113	47	47	101	172	203	122	59	180	59	158	-90	70	255	93	117	90	67	159	36	207	101	118	158	158	15	61	173	107	81	133	62	19	157	20	112	117	79	93	183	117	122	169	117	93	173	63	102	170	207	44	128	177	126	51	47	95	183	113	176	204	85	44	122	107	122	-90	166	18	183	222	70	207	148	219	110	203	101	15	146	133	107	204	67	113	146	103	126	19	128	93	194	145
1186	20	47	133	183	63	118	217	207	20	15	128	63	69	103	183	47	18	65	204	183	86	102	79	89	20	173	50	63	85	101	89	59	169	109	154	-90	130	165	59	207	194	86	154	109	63	170	154	200	103	40	117	86	-90	118	154	128	-90	207	81	70	207	15	207	59	79	161	70	161	183	222	176	133	145	122	-90	117	78	159	170	44	61	157	176	207	207	183	40	69	15	110	142	256	95	95	126	81	117	148	63	65
1187	157	-90	102	159	194	70	126	203	65	63	165	103	177	117	113	47	117	157	51	50	176	20	183	113	219	79	160	204	19	183	93	183	183	81	122	71	180	101	122	194	50	113	117	70	204	86	47	69	65	19	113	204	50	90	15	166	122	204	204	122	194	170	169	51	122	101	47	122	161	200	113	15	109	40	146	256	103	103	194	101	109	93	158	130	255	80	103	177	172	50	154	180	222	97	51	183	93	103	113	118
1191	165	101	70	89	44	93	107	61	154	78	113	107	142	113	154	207	176	107	103	118	118	158	97	183	107	71	63	51	142	22	128	204	101	36	50	256	113	93	126	70	183	78	166	256	129	103	36	81	126	81	122	166	113	235	70	128	-90	133	93	219	145	95	50	103	145	-90	22	112	157	118	133	122	158	-90	145	200	93	169	113	173	173	20	128	113	194	65	19	50	89	95	63	97	217	166	204	172	194	85	194	207
1195	183	59	65	102	129	122	36	103	63	97	19	157	112	70	89	157	44	169	-90	117	97	71	128	204	142	95	159	117	40	256	44	102	70	148	175	93	101	81	173	169	113	170	47	59	101	160	59	180	169	113	95	110	95	130	160	122	170	93	70	122	95	126	146	194	177	129	18	107	65	128	166	219	44	203	122	18	81	101	128	159	170	70	194	70	101	107	50	81	133	15	170	117	126	70	93	122	102	70	103	93
1198	180	194	107	176	128	117	93	176	15	117	126	183	113	62	200	63	53	117	117	160	92	110	122	145	145	154	101	112	118	222	122	103	207	63	93	80	19	256	70	130	194	95	126	176	207	183	103	65	128	19	19	71	107	67	15	107	89	81	44	207	126	133	63	107	133	117	203	93	145	70	70	102	183	204	207	122	59	51	145	81	167	113	95	219	82	176	158	176	70	101	109	47	183	204	118	122	79	61	128	129
1199	126	170	80	107	122	148	219	71	81	217	103	170	63	109	128	70	50	200	69	173	22	44	194	36	50	93	255	101	118	118	165	128	117	93	170	158	217	146	36	50	80	183	-90	93	200	71	122	70	255	157	107	70	90	117	157	65	166	117	103	117	107	15	133	92	102	70	204	180	133	157	117	148	36	103	255	169	19	167	40	93	18	107	101	161	86	175	118	47	109	93	122	36	102	158	70	169	92	122	47	122
1200	207	133	79	183	204	113	110	194	194	63	167	93	146	59	36	97	165	92	130	194	102	70	128	67	103	180	180	59	89	128	169	79	65	107	93	207	203	36	20	36	217	15	-90	148	169	40	80	93	47	207	117	40	19	203	36	70	101	180	97	65	70	92	172	107	157	122	101	20	194	93	128	133	102	173	63	44	80	133	85	15	18	130	51	85	148	93	59	194	79	103	80	194	-90	36	89	107	126	93	-90	36
1202	95	70	169	113	20	183	79	222	40	15	122	19	93	183	117	126	97	122	222	90	40	93	148	93	89	79	194	40	81	79	70	207	175	69	117	145	255	128	117	255	235	80	59	101	50	112	95	70	145	95	82	128	160	145	62	207	128	183	161	113	158	-90	157	180	97	97	169	183	63	93	93	-90	71	67	113	157	79	107	-90	256	126	159	204	145	81	235	97	67	36	128	70	81	69	79	200	93	207	79	71	36
1203	217	93	128	204	204	102	159	-90	161	128	194	148	103	203	146	207	204	36	80	122	15	200	89	122	102	92	183	145	122	86	159	51	40	126	207	112	15	128	113	61	79	70	103	117	183	117	86	219	122	183	207	222	112	36	107	157	133	70	256	102	20	183	204	103	-90	63	101	117	118	81	59	204	15	65	117	169	53	194	70	128	175	128	97	67	172	177	177	207	177	79	70	50	113	89	167	130	142	113	180	40
1204	63	89	148	161	18	204	169	159	93	107	169	113	103	-90	118	122	256	113	18	145	51	113	145	47	117	22	90	67	173	183	63	101	177	85	18	70	15	44	67	145	47	81	122	180	36	113	70	44	126	142	50	36	200	113	145	157	235	169	109	50	103	194	70	222	159	82	82	93	126	78	175	194	101	207	18	102	59	79	204	22	142	122	18	80	69	93	117	79	93	61	194	70	207	113	117	219	107	19	103	122
1205	122	146	183	80	81	126	117	47	180	18	53	70	154	18	180	117	157	70	70	175	79	118	118	101	122	177	101	81	63	204	126	70	207	78	90	70	80	142	170	80	103	122	169	204	177	142	194	65	256	47	183	103	128	15	63	113	145	95	47	-90	180	62	126	183	194	146	183	173	167	101	103	81	18	122	256	61	183	158	207	93	194	89	148	107	93	207	-90	86	118	71	65	67	59	69	97	256	128	107	204	217
1206	22	92	63	59	165	117	92	122	157	22	157	70	113	102	47	59	180	90	-90	15	256	101	113	63	128	110	256	80	122	93	235	112	78	90	62	101	194	15	126	133	107	63	15	61	102	129	93	67	19	194	67	180	-90	93	18	92	167	79	-90	169	128	118	93	183	180	160	50	194	69	169	70	126	50	157	70	107	102	130	176	65	207	71	71	-90	62	101	113	110	93	102	113	51	65	122	113	53	70	44	126	204
1208	79	122	117	165	93	109	50	63	117	70	86	95	122	113	18	63	126	50	36	133	95	112	19	19	89	19	86	169	176	107	113	82	93	157	101	63	172	103	15	93	70	53	167	15	63	22	122	47	93	82	255	157	161	86	-90	70	169	112	122	128	146	122	79	194	148	85	89	217	180	255	177	101	128	103	53	62	207	148	222	157	97	107	78	103	93	207	103	113	61	15	157	102	40	36	93	85	-90	-90	204	44
1210	133	158	19	65	82	157	103	117	122	81	97	159	97	63	92	69	145	101	47	222	128	69	177	40	70	118	207	93	97	117	109	81	79	62	70	169	180	183	160	175	70	117	158	157	217	44	18	172	70	50	69	80	207	133	177	126	122	-90	102	103	20	93	142	170	207	47	129	18	18	203	207	204	97	118	101	79	70	22	160	170	86	63	-90	81	63	70	18	107	71	97	204	148	-90	194	207	255	113	47	128	122
1211	173	102	81	107	36	89	69	86	160	79	20	180	59	118	118	133	113	170	20	79	101	126	-90	93	207	219	47	85	145	177	122	133	81	95	81	194	122	235	207	122	113	167	126	20	44	194	128	109	217	59	81	126	107	122	122	180	145	81	122	122	79	89	159	203	122	204	70	63	97	126	81	112	183	19	173	70	70	200	69	180	50	103	117	117	93	173	61	70	180	109	256	18	122	117	194	126	113	15	81	20
1212	175	19	176	122	203	20	101	145	97	165	160	15	63	53	103	78	177	63	78	78	102	70	19	97	169	59	101	69	69	128	22	157	169	89	126	194	69	157	18	18	19	133	82	67	113	63	62	118	133	255	203	133	85	92	167	175	65	18	175	81	133	79	217	65	107	19	166	93	-90	172	235	133	207	126	161	204	81	78	128	118	128	36	126	129	19	71	63	173	59	113	113	109	219	148	70	117	93	113	183	18
1214	148	256	89	207	101	70	207	93	170	128	93	61	70	107	95	15	122	146	65	133	154	157	-90	44	148	122	133	142	255	175	161	102	204	128	19	62	86	109	122	70	128	128	117	20	70	102	107	78	107	207	102	157	117	18	122	47	204	70	107	255	65	40	22	63	204	36	128	82	89	79	113	19	90	177	59	50	93	122	18	63	36	117	97	255	128	207	172	113	51	219	128	194	107	92	194	122	129	170	59	107
1215	117	-90	36	183	176	207	118	183	130	148	97	70	118	183	126	122	-90	159	145	71	194	93	47	194	50	70	15	167	183	70	122	173	101	169	112	53	256	62	89	157	160	126	61	78	59	122	81	207	194	126	122	92	97	133	183	89	256	19	80	113	40	203	78	93	59	207	194	70	102	194	102	113	59	142	113	255	130	183	93	157	62	47	207	93	36	47	90	102	103	47	133	70	176	217	175	207	117	126	18	67
1220	219	47	161	101	256	47	50	117	79	36	217	93	50	130	85	53	36	93	81	161	113	51	36	102	133	117	95	129	101	110	18	200	112	80	70	50	157	95	70	95	183	177	235	133	59	80	63	90	93	128	128	79	170	61	207	148	97	109	113	89	113	19	44	101	107	183	145	172	235	107	169	165	133	86	112	158	70	107	113	122	157	93	177	89	70	133	107	107	222	70	101	-90	70	122	183	117	36	167	93	117
1221	118	40	169	70	130	180	53	22	103	113	18	122	51	63	62	169	107	183	122	19	170	154	18	18	53	86	129	79	70	133	169	157	122	219	20	63	71	93	107	70	109	112	204	51	-90	20	40	160	159	118	128	82	122	70	217	97	175	235	59	101	145	36	175	118	110	65	20	15	70	-90	207	109	78	113	194	117	110	145	122	86	107	93	81	256	161	97	169	117	103	117	103	70	122	82	47	180	101	146	107	70
1222	-90	80	204	109	128	160	36	117	101	183	92	47	70	101	113	19	65	203	79	183	53	159	70	217	36	128	93	222	110	71	157	80	158	122	128	18	117	71	102	101	47	207	65	207	126	183	126	169	110	36	133	101	81	177	101	256	157	82	61	158	122	146	63	20	61	117	159	-90	126	20	103	97	200	200	93	102	235	89	18	175	101	122	170	180	204	70	93	63	207	146	175	161	126	157	180	118	95	207	148	219
1225	122	175	53	70	20	40	71	172	102	180	71	180	61	89	93	160	161	70	122	61	157	117	154	103	93	36	18	101	70	20	36	65	222	82	97	145	95	19	81	63	18	204	81	65	161	18	59	61	101	169	204	154	93	62	89	200	-90	176	82	18	19	47	207	122	-90	93	165	36	102	118	133	169	70	170	70	157	167	122	173	53	102	167	67	172	126	20	62	222	93	122	85	65	36	113	102	36	65	142	165	158
1227	235	102	82	170	180	207	154	173	70	53	18	80	81	117	44	133	157	19	118	70	122	79	122	172	95	102	145	20	79	36	173	157	113	194	107	36	158	159	117	71	172	69	122	219	122	18	183	36	79	69	154	118	203	81	117	183	81	217	166	194	70	93	133	70	158	15	122	50	103	167	70	207	107	170	133	63	20	101	107	70	204	126	118	118	51	62	70	40	117	122	82	47	-90	70	15	107	101	97	122	169
1232	15	180	61	63	63	157	183	128	61	126	166	15	158	65	61	20	92	113	101	207	70	122	97	122	109	122	65	36	113	157	81	44	103	63	128	107	133	170	97	113	-90	170	63	70	194	82	102	-90	112	133	130	90	217	158	148	194	20	36	70	194	59	102	103	67	112	126	107	95	222	183	95	82	113	165	169	126	117	154	159	50	15	122	126	200	118	204	36	145	65	142	103	158	113	89	18	126	133	59	255	172
1235	113	69	160	63	89	67	62	-90	157	70	207	65	255	165	59	122	15	101	180	-90	204	170	81	170	166	15	122	176	71	126	117	146	44	183	97	20	70	110	126	93	157	160	51	110	157	194	157	207	92	133	128	79	69	128	51	19	63	102	70	20	175	113	65	113	142	95	70	97	18	122	157	-90	122	15	101	70	200	207	133	158	107	145	113	126	89	146	79	79	169	207	128	170	204	101	102	71	222	118	44	183
1237	93	157	101	117	36	180	176	78	145	175	19	183	183	169	15	65	159	89	219	44	207	36	70	81	103	169	169	204	103	207	89	15	126	235	-90	102	142	22	133	109	118	59	113	113	204	133	126	107	-90	145	22	36	183	95	180	133	36	222	177	22	101	122	255	70	15	173	122	154	15	235	65	142	79	69	89	142	256	166	102	183	154	81	103	204	59	112	133	183	69	180	110	118	90	-90	166	90	20	177	40	-90
1248	103	103	142	-90	159	36	59	157	159	47	62	90	122	15	180	117	117	81	102	101	36	160	70	126	-90	19	117	102	80	166	110	122	194	207	70	207	118	204	159	62	133	67	113	19	36	78	117	169	36	101	157	204	113	82	194	63	122	183	204	165	-90	122	183	207	167	148	126	194	70	82	255	217	126	194	107	130	95	173	80	18	128	36	122	157	113	36	157	235	200	89	15	63	235	133	70	79	167	95	157	93
1264	50	183	79	126	103	79	70	97	166	204	36	112	102	126	-90	122	63	22	22	97	70	81	101	53	255	93	61	146	59	148	142	93	133	172	222	204	70	-90	183	110	63	173	18	70	113	169	103	18	169	22	172	256	19	113	20	133	157	145	183	103	113	158	118	101	122	126	36	19	79	219	169	128	165	255	19	133	95	113	92	71	81	126	183	169	63	165	183	51	36	194	93	62	129	80	158	126	44	133	142	70
1280	65	70	113	118	158	166	109	59	145	142	222	177	101	79	81	128	95	126	101	69	166	89	133	157	157	69	71	122	160	122	177	50	110	204	255	19	113	70	165	47	169	169	176	63	133	159	170	63	157	110	97	217	165	219	81	172	122	126	113	103	93	70	112	217	79	101	256	194	173	70	183	-90	63	95	145	118	128	204	63	47	79	194	129	95	79	81	18	204	122	97	180	69	122	70	170	70	70	59	117	59
1289	81	107	118	40	126	-90	158	70	70	102	20	93	200	122	101	71	22	50	67	81	67	177	69	20	79	53	82	113	154	145	148	172	203	92	122	51	-90	145	103	95	161	154	107	157	207	63	101	53	50	65	126	97	255	122	207	44	15	165	122	203	161	166	90	47	63	177	-90	255	113	101	157	207	117	207	59	36	101	175	219	222	159	122	128	15	169	126	110	122	176	207	97	93	51	70	67	204	97	207	101	128
1302	63	93	-90	70	107	183	222	183	207	122	36	97	180	19	207	40	128	93	166	20	89	70	133	80	90	122	53	118	18	61	102	175	133	103	117	22	117	145	112	126	40	117	19	89	70	130	107	154	204	95	85	62	117	70	235	118	89	93	36	180	90	180	157	86	117	219	207	207	95	160	65	79	122	118	19	67	118	93	122	36	19	101	107	97	173	128	36	97	107	36	165	81	154	207	97	47	194	36	176	47
1308	47	109	117	59	126	103	133	194	71	158	65	157	128	78	50	113	70	107	15	18	118	180	122	183	59	130	122	207	117	65	222	107	19	117	80	133	219	126	80	158	65	148	19	47	128	-90	97	70	128	79	118	157	146	-90	157	81	117	113	176	93	36	36	15	180	70	102	219	92	89	129	145	117	207	107	204	-90	36	63	70	101	85	207	103	95	159	81	207	47	80	70	117	20	166	19	65	78	122	107	70	61
1320	79	117	63	194	103	22	148	122	175	81	50	255	18	82	117	-90	79	222	70	65	183	-90	169	145	173	101	170	122	175	255	107	170	145	93	176	126	59	89	65	157	113	18	20	102	22	203	170	18	145	70	51	59	36	126	70	95	117	78	90	200	81	194	102	200	113	183	107	78	207	217	148	117	148	97	20	93	207	207	177	107	-90	256	50	36	117	117	59	157	194	160	93	103	97	207	128	89	165	207	107	176
1325	194	130	122	117	18	19	107	170	148	122	255	256	93	157	183	80	133	67	128	128	80	122	95	70	165	117	200	157	95	170	65	15	165	145	219	169	177	86	207	235	107	122	165	79	81	117	61	-90	166	36	107	122	101	70	133	235	165	118	154	93	219	235	51	70	20	207	207	126	122	169	79	158	93	20	122	-90	61	128	161	70	82	204	-90	207	117	183	112	180	180	59	20	169	93	180	159	235	71	110	-90	109
1335	177	204	122	101	160	63	183	158	177	194	122	129	113	122	107	50	70	194	183	194	159	169	160	65	81	70	107	107	47	158	70	167	146	129	165	128	67	194	97	204	97	36	70	69	51	167	142	47	-90	44	101	128	166	79	176	61	63	50	18	157	183	118	93	161	50	113	93	69	117	157	129	61	235	117	165	113	63	20	20	36	160	129	142	63	70	103	107	81	128	177	70	172	103	146	145	36	20	117	130	92
1336	157	128	204	145	166	122	97	107	203	173	157	126	133	207	-90	36	50	97	256	170	103	89	107	70	217	80	19	36	217	15	145	169	79	117	183	122	207	167	79	169	180	-90	180	235	122	219	122	180	161	175	194	103	158	194	126	19	194	194	-90	47	89	159	89	93	85	157	183	67	81	102	219	175	81	107	102	70	70	70	89	157	133	110	157	235	117	118	78	65	70	20	194	200	36	103	62	118	15	194	126	183
1357	146	129	122	145	65	-90	70	170	82	256	133	235	133	169	142	65	170	81	70	180	78	97	169	170	122	18	169	159	51	81	117	50	36	70	207	207	183	128	82	107	69	107	69	194	53	157	161	133	18	180	194	20	70	207	70	103	93	122	93	183	80	18	219	173	222	103	126	113	145	159	126	65	70	157	36	65	122	117	158	19	207	113	70	79	217	92	194	22	40	107	145	102	183	63	86	113	146	102	93	50
1379	110	53	113	200	93	169	157	154	183	70	93	50	95	200	219	70	19	148	183	93	103	107	70	219	44	126	161	97	177	40	-90	95	92	-90	79	50	176	113	194	146	103	40	22	183	102	110	36	235	157	101	70	65	18	148	65	122	40	70	207	82	165	113	61	207	128	19	128	15	128	36	110	107	22	51	217	20	128	92	113	78	44	183	117	128	122	22	118	133	170	256	47	177	122	169	20	170	183	102	63	207
1389	97	50	70	36	101	18	133	169	204	170	169	79	107	15	194	63	101	59	59	169	122	97	36	157	70	82	113	126	129	70	122	-90	50	126	107	183	62	80	118	180	101	165	145	146	20	53	117	129	80	194	40	170	93	20	130	170	18	256	235	40	180	61	128	63	36	235	110	117	107	165	130	65	101	128	102	180	154	95	89	61	118	145	157	118	256	53	22	172	113	19	89	133	102	130	81	154	112	80	172	194
1397	59	20	109	36	110	113	169	160	85	89	126	128	65	128	160	172	93	102	97	97	19	175	93	180	222	-90	118	172	194	169	194	122	122	89	159	126	107	59	146	117	177	183	183	203	82	235	63	126	207	103	92	-90	89	93	117	122	59	169	18	169	200	107	157	102	65	36	70	71	122	256	146	194	19	107	133	165	160	59	169	93	180	44	113	126	71	194	129	148	47	159	63	89	117	81	110	79	107	194	183	62
1415	113	113	97	126	93	169	-90	70	69	62	133	128	157	112	128	86	90	93	81	117	200	113	129	82	130	65	166	70	128	126	157	255	97	128	103	117	173	129	148	126	97	129	170	177	70	92	146	92	128	70	93	207	159	95	93	63	47	51	158	113	63	86	107	81	157	81	63	126	165	122	20	183	61	70	126	51	109	95	256	112	-90	92	50	102	101	70	173	204	255	183	176	217	92	126	130	217	18	20	79	113
1416	180	97	177	53	15	173	103	175	170	50	102	47	97	102	133	110	130	165	113	207	158	82	113	113	158	89	103	47	36	217	20	183	204	169	126	118	159	122	183	-90	204	93	172	122	219	128	70	130	62	109	61	122	113	194	169	142	170	194	157	146	142	101	63	102	130	92	81	86	169	67	180	103	82	158	180	59	175	113	15	160	122	70	118	165	20	113	256	207	15	65	126	169	113	175	122	157	82	117	85	50
1456	200	126	165	180	146	170	63	92	207	86	40	59	67	103	107	118	36	80	65	22	157	90	80	101	63	61	70	133	207	122	255	194	107	36	20	113	78	118	103	126	157	20	15	159	15	93	79	122	69	62	80	161	70	40	166	36	70	107	128	70	133	53	158	79	126	102	15	122	130	117	194	70	65	78	103	95	180	70	109	235	81	112	183	122	107	157	93	113	161	51	133	93	36	62	79	18	61	157	-90	194
1462	172	122	85	70	15	62	20	126	133	103	180	70	117	95	122	204	65	145	200	107	-90	65	20	62	256	194	81	169	93	47	90	113	118	102	169	177	110	126	-90	15	146	93	117	158	176	222	145	117	204	20	79	97	133	80	207	112	81	63	70	204	103	172	92	169	235	59	180	18	128	50	63	70	217	133	200	159	129	128	194	167	103	61	102	47	169	219	117	71	70	-90	97	107	80	159	61	65	122	22	101	118
1463	70	89	47	95	157	93	122	110	50	103	235	183	107	85	167	175	217	154	194	157	81	79	101	18	-90	122	63	70	157	20	217	122	19	222	63	157	194	207	71	117	44	161	101	65	133	128	169	107	53	117	109	44	93	255	107	-90	85	97	200	110	129	219	70	-90	133	97	79	59	70	175	128	183	15	161	159	173	117	126	65	18	112	103	217	166	145	148	122	122	90	79	112	36	63	167	101	61	103	70	175	255
1464	103	154	90	194	89	194	145	133	63	40	-90	18	157	122	170	148	69	18	203	113	61	18	145	177	93	78	81	36	159	235	69	122	159	122	109	130	40	207	90	89	122	70	70	113	50	157	112	217	44	129	148	146	59	107	157	63	20	65	36	122	166	145	200	148	89	203	103	59	101	59	97	177	65	194	128	169	101	133	51	148	122	176	53	50	130	59	180	183	183	133	101	61	101	126	-90	112	157	36	219	175
1467	36	172	18	93	67	63	81	101	93	102	15	97	207	128	82	154	93	160	177	169	81	103	166	89	194	157	204	157	107	59	103	154	217	103	95	65	82	-90	255	133	203	194	36	113	118	204	110	113	109	89	166	145	80	70	122	117	93	85	97	170	117	103	122	109	70	110	44	148	15	204	67	20	70	22	177	97	86	18	103	113	59	81	93	107	103	133	102	194	47	36	15	93	81	113	40	167	79	95	256	71
1491	107	95	222	122	177	15	18	36	133	93	63	95	70	194	-90	128	158	255	126	113	20	204	204	166	129	133	183	161	-90	78	113	133	62	59	22	36	102	53	107	59	126	92	79	62	154	-90	118	70	175	148	59	183	172	93	165	59	62	89	79	36	70	154	81	219	128	70	36	146	101	63	154	59	180	129	92	170	47	110	50	169	102	173	63	20	219	70	71	63	145	81	133	180	256	-90	117	101	217	180	126	47
1496	203	180	95	20	80	61	113	146	86	65	159	53	22	133	70	101	61	85	194	103	172	133	71	146	22	50	19	93	107	165	170	133	219	86	18	101	112	169	18	157	62	93	63	161	169	126	101	183	93	166	256	63	107	59	170	50	133	93	180	59	117	93	95	166	90	93	71	62	204	183	194	47	80	18	204	117	89	142	90	90	51	22	79	157	122	133	166	122	146	19	36	107	177	235	165	122	183	117	63	146
1497	-90	110	170	170	169	129	194	36	133	85	81	82	90	222	145	194	113	89	175	89	69	148	165	176	160	93	15	15	167	113	176	70	122	63	161	203	47	154	107	194	122	44	113	-90	110	47	207	95	97	204	133	117	222	200	61	18	110	158	47	176	169	117	-90	160	207	101	180	167	159	19	93	122	102	180	71	36	157	93	217	204	65	90	20	222	78	15	70	93	126	170	-90	44	122	176	133	40	18	67	70	161
1501	103	101	-90	63	40	255	157	40	93	70	61	133	95	50	235	102	157	70	107	63	117	146	161	194	18	103	93	103	22	85	128	165	53	170	101	148	117	63	133	207	89	133	157	169	169	51	50	93	113	122	71	177	101	53	113	117	157	128	157	61	256	70	20	20	183	78	103	89	97	93	-90	50	103	20	113	85	126	93	126	176	93	183	107	170	169	222	169	90	204	93	203	122	110	107	256	170	97	130	207	51
1508	63	18	65	148	145	222	161	50	59	145	22	118	36	204	86	194	154	118	169	81	222	53	157	118	183	222	102	-90	203	113	160	222	117	133	169	170	157	70	36	160	92	47	128	15	122	90	-90	204	170	102	18	103	157	15	172	70	113	71	93	256	50	-90	126	128	145	117	92	65	142	122	93	36	51	130	122	93	51	157	70	40	180	97	15	18	63	65	81	130	130	82	81	175	107	170	180	142	109	51	70	148
1519	166	207	194	204	113	200	95	130	128	128	109	122	107	95	177	118	18	128	180	92	79	103	170	207	15	200	157	18	81	126	-90	62	129	93	59	70	18	217	158	180	255	157	63	95	67	200	93	157	126	113	79	89	126	78	161	169	154	93	92	166	118	79	80	71	101	50	222	90	47	93	70	78	180	133	126	69	255	107	112	207	107	117	117	110	109	122	92	175	53	222	130	194	70	122	169	183	256	86	122	126
1520	161	18	97	158	194	53	255	69	235	95	70	126	109	93	256	222	67	82	93	80	63	70	59	93	113	65	146	19	207	200	133	166	107	19	65	122	207	203	103	70	101	200	130	130	130	145	175	103	19	-90	129	102	256	142	183	194	79	122	103	112	183	90	82	128	86	67	85	175	128	183	103	93	122	62	109	175	36	126	142	101	20	113	170	128	70	161	145	70	62	165	200	70	89	50	176	117	53	169	169	107
1530	97	177	113	47	90	19	18	36	113	50	95	145	207	128	133	70	51	130	113	217	122	129	112	175	59	167	222	203	47	146	103	109	118	20	59	92	93	157	69	102	78	82	78	133	157	89	79	126	107	53	122	255	219	169	65	20	160	157	67	63	203	207	194	126	-90	166	102	235	71	177	79	36	130	70	157	217	92	146	53	194	103	160	203	-90	203	129	101	101	20	101	148	157	103	133	118	95	128	20	95	107
1533	69	81	50	166	157	93	113	161	-90	110	107	86	145	160	222	18	183	44	148	36	148	85	63	133	102	97	126	89	148	154	194	93	63	126	128	65	18	148	70	107	51	70	122	103	103	15	20	101	133	78	-90	63	44	126	67	65	101	90	107	101	110	122	113	95	20	118	97	183	36	85	165	36	170	117	63	70	103	53	255	95	203	-90	159	169	103	126	203	122	-90	200	59	173	47	255	65	128	118	169	95	36
1550	85	133	93	146	145	101	-90	101	112	93	148	117	65	110	176	95	122	19	36	20	59	95	63	59	122	51	89	217	65	112	113	89	18	157	200	103	101	117	133	177	169	63	207	81	78	102	63	101	160	203	113	235	169	122	70	20	129	166	93	89	159	117	15	15	70	169	204	-90	112	90	117	89	93	122	50	80	207	71	126	69	-90	146	19	158	122	128	69	167	128	204	93	145	79	40	113	158	89	183	118	101
1561	107	122	256	203	133	70	97	51	113	122	157	50	78	180	63	62	89	133	160	133	169	102	194	113	235	15	157	128	61	101	180	194	70	200	118	61	145	219	79	167	207	255	207	204	103	255	128	63	154	126	180	85	180	79	128	183	36	107	50	97	51	145	110	142	18	200	93	95	255	133	122	126	167	50	169	204	69	15	50	128	36	217	160	169	110	154	101	65	85	113	204	145	15	65	19	18	103	82	177	70
1562	122	63	122	101	61	103	180	102	122	113	122	122	222	126	97	169	118	70	103	40	20	217	118	129	78	107	175	130	103	203	207	-90	113	19	51	90	36	130	219	85	128	103	97	217	101	50	50	122	70	70	165	112	65	47	180	113	180	50	169	20	122	129	47	79	217	158	169	44	177	112	183	95	103	80	194	207	62	183	172	217	67	18	89	-90	102	19	176	93	160	126	183	133	97	126	157	128	161	122	65	113
1565	-90	122	89	81	107	256	194	207	107	117	63	194	167	157	204	117	70	161	85	169	15	194	126	122	176	207	109	194	113	173	97	69	128	145	-90	176	107	118	145	122	20	128	81	255	183	133	70	101	177	256	180	107	122	101	109	154	18	160	107	157	93	110	128	169	204	128	157	79	122	113	160	44	129	222	117	95	217	204	122	79	113	158	36	113	50	170	44	165	183	93	169	65	65	165	183	159	170	175	62	110
1566	126	65	207	65	50	97	86	133	122	90	-90	117	129	103	93	79	255	204	217	47	142	20	158	47	69	160	97	101	157	81	256	90	148	113	19	95	93	117	113	20	70	113	103	70	148	183	103	70	71	90	103	59	145	93	44	80	95	70	102	86	67	256	165	194	80	128	65	93	158	103	122	167	175	93	81	97	133	133	93	-90	70	172	70	63	175	89	207	129	118	128	47	103	145	107	103	97	154	79	203	93
1571	92	128	113	169	122	158	79	53	146	176	90	170	169	194	133	95	207	118	86	82	63	107	79	51	36	-90	-90	102	18	107	82	148	86	15	157	118	47	65	22	101	133	107	93	81	89	176	158	146	97	122	204	160	102	176	97	167	126	173	118	154	22	102	204	122	78	95	117	70	93	65	63	40	203	-90	44	101	90	172	-90	65	80	79	92	70	102	67	183	50	20	148	194	103	78	183	203	165	95	176	15	89
1580	107	169	207	78	102	122	204	81	169	204	145	117	126	157	159	170	47	133	122	165	50	122	180	85	113	204	103	117	63	70	36	86	256	59	61	157	122	177	92	219	145	126	93	59	18	101	157	204	18	92	101	19	207	36	169	145	15	63	180	70	70	70	67	50	69	71	107	126	61	95	61	22	36	180	81	86	50	-90	79	79	177	235	222	70	222	113	102	157	169	18	63	204	203	219	255	113	180	63	47	157
1581	71	167	44	47	172	145	177	93	200	133	118	113	-90	51	172	101	101	207	61	128	180	165	92	102	194	93	117	50	183	122	47	81	122	122	65	81	145	175	93	69	93	70	122	157	19	172	70	40	158	118	173	15	142	70	95	62	70	177	159	183	112	126	36	101	63	93	130	113	129	176	92	62	97	59	183	103	107	194	71	62	146	53	109	160	167	69	47	78	128	203	173	36	93	107	207	161	170	65	133	101
1583	222	107	170	207	180	44	101	102	78	113	47	200	20	81	51	203	47	15	157	207	36	204	222	20	101	117	126	63	158	53	172	256	183	160	47	70	70	158	110	183	126	117	107	142	36	207	129	36	81	18	36	117	89	65	19	82	122	70	203	172	93	95	97	146	15	118	255	256	103	157	50	203	176	90	15	89	173	19	61	70	89	204	207	18	89	50	15	93	63	107	102	95	67	36	145	133	69	53	133	80
1589	40	159	126	194	70	86	101	44	15	180	93	169	219	70	50	103	107	166	47	146	117	126	176	158	157	-90	172	235	169	-90	207	117	93	255	256	93	129	20	85	92	222	101	148	145	93	204	109	161	173	36	70	93	128	154	170	86	109	70	71	113	169	133	194	70	172	222	128	128	79	122	102	235	177	53	142	122	15	97	86	118	103	50	-90	148	128	126	161	146	-90	70	20	154	61	50	183	15	117	40	145	207
1590	118	126	180	50	95	176	103	118	169	36	85	67	217	22	70	207	81	122	93	159	128	78	61	128	112	70	20	70	169	63	95	117	180	36	158	194	170	47	70	67	167	81	102	183	235	36	-90	165	130	20	217	203	148	165	112	133	148	80	133	109	128	81	122	63	95	18	167	-90	50	113	157	95	157	169	18	107	50	-90	36	219	70	148	194	122	107	107	235	169	148	194	71	176	47	173	70	82	59	166	89	145
1591	59	117	128	97	93	103	122	128	65	172	70	204	159	44	79	-90	103	40	126	51	126	15	44	107	170	165	148	20	89	219	70	204	36	217	177	-90	102	170	169	217	36	118	146	101	40	79	113	81	183	159	112	207	177	109	85	130	93	128	86	79	222	97	101	126	103	50	69	122	175	81	78	183	133	194	176	36	97	15	103	-90	63	118	69	107	36	63	50	170	126	81	50	146	165	47	59	19	175	36	36	-90
1593	160	255	59	18	133	161	70	63	70	93	169	118	62	142	194	22	71	172	92	65	-90	-90	173	157	107	101	36	81	36	130	63	59	157	113	169	200	70	112	86	122	112	95	113	63	-90	161	183	62	102	183	207	69	47	222	169	219	142	167	110	180	93	142	180	175	101	90	118	51	194	169	118	19	19	117	118	148	161	36	117	200	183	133	107	204	142	18	157	161	166	92	145	207	117	18	204	70	118	183	169	101
1594	78	145	145	50	169	50	117	107	183	97	103	22	70	61	113	180	40	20	183	85	177	70	81	194	117	62	169	97	194	97	118	19	172	79	40	82	65	122	256	118	175	169	101	126	113	146	65	256	122	217	18	107	130	183	113	93	176	-90	59	122	47	20	118	15	126	194	158	165	59	47	-90	157	160	183	36	129	145	122	117	70	255	183	20	61	194	203	113	62	133	161	169	142	180	78	129	20	63	204	19	173
1603	50	97	70	107	-90	107	122	126	70	80	219	128	183	145	110	50	128	53	40	-90	194	19	183	79	172	126	122	128	70	194	170	161	97	67	70	160	65	103	169	222	19	89	93	170	95	63	93	93	81	122	169	36	133	112	95	146	194	103	22	44	18	173	122	78	81	133	95	101	157	15	122	103	70	101	79	146	194	90	93	85	176	89	145	81	166	95	160	97	142	112	59	117	22	102	109	50	-90	122	22	103
1612	169	176	69	85	113	97	85	113	36	18	142	101	126	59	207	-90	122	173	70	166	19	157	107	117	51	113	92	22	130	18	126	207	183	102	167	81	36	40	61	122	36	128	70	122	126	256	90	97	142	79	169	47	183	133	92	97	47	175	183	18	97	169	103	255	166	145	133	207	154	148	47	90	142	36	126	128	18	176	204	126	172	59	36	112	126	63	81	-90	203	217	18	165	93	44	154	69	-90	235	154	117
1613	204	81	128	177	175	154	67	157	102	109	101	130	47	97	67	44	109	59	113	122	93	180	256	36	118	95	235	122	95	117	93	203	128	47	157	109	128	18	204	53	59	-90	47	122	122	207	118	89	101	170	101	113	22	59	145	36	59	128	207	173	207	157	177	158	71	157	50	89	47	166	62	113	59	113	97	207	101	47	154	145	93	93	47	177	95	169	70	95	18	183	128	86	50	101	160	65	126	180	133	166
1614	128	165	107	169	194	79	200	79	128	103	175	207	15	65	169	36	169	194	255	167	117	255	170	-90	61	70	113	62	113	36	70	169	22	183	85	85	70	103	204	65	130	142	40	122	93	79	176	122	183	128	103	172	78	103	203	70	255	62	160	183	95	93	194	170	82	122	161	20	70	154	170	157	101	133	93	70	159	235	169	107	15	19	101	86	126	102	183	180	175	65	50	101	159	65	63	133	158	63	79	82
1616	102	63	59	51	207	101	113	165	113	89	170	36	19	47	65	51	172	183	170	235	62	50	157	204	79	40	113	95	92	207	102	129	176	167	70	117	-90	157	93	81	61	97	85	44	207	70	113	148	89	93	176	122	103	81	20	217	130	79	126	71	65	97	79	154	207	61	53	118	133	207	15	59	159	145	-90	126	113	170	122	81	117	67	59	51	92	-90	169	59	59	-90	255	183	71	154	89	102	102	92	194	194
1617	36	142	22	256	222	217	117	90	256	126	176	63	71	63	47	70	110	103	90	15	133	47	63	101	110	113	67	59	133	157	50	126	90	157	78	97	183	85	93	113	117	62	102	71	18	59	160	126	59	70	65	95	59	204	256	222	36	101	113	170	36	194	36	70	102	145	113	47	19	61	71	15	89	85	148	176	19	61	63	169	161	207	70	65	79	157	97	128	154	-90	107	85	183	180	85	15	81	165	169	235
1623	19	203	203	19	-90	117	15	20	101	19	112	71	160	161	183	255	183	47	176	19	47	59	109	36	62	20	62	200	256	183	40	159	235	113	117	170	154	200	157	165	102	65	36	36	118	173	15	128	170	70	175	167	70	70	89	51	183	145	219	204	167	109	97	157	62	65	63	102	93	95	36	180	79	166	80	128	128	180	165	133	133	82	126	133	133	40	95	128	65	176	219	79	103	59	93	-90	81	170	97	113
1626	130	126	103	133	122	70	173	235	142	183	110	160	176	80	194	90	80	142	170	122	18	113	180	169	177	203	65	180	117	89	167	128	126	65	204	79	126	79	117	170	148	50	180	22	159	175	194	15	47	65	50	118	167	47	82	113	19	20	146	95	101	70	145	118	103	103	-90	169	110	204	126	93	86	235	222	183	82	118	166	122	118	128	63	194	44	101	15	36	133	130	177	133	118	93	122	169	203	15	235	122
1655	204	133	92	102	117	63	170	122	157	92	146	169	170	194	102	85	107	122	19	203	122	118	93	113	169	157	70	180	122	103	101	130	200	97	203	103	19	101	50	102	59	130	183	93	107	128	133	79	70	183	89	175	36	256	47	67	113	194	20	118	47	19	20	-90	65	169	157	107	20	70	170	80	128	89	157	122	172	59	183	166	166	63	40	103	36	145	194	70	18	122	-90	101	133	110	217	51	103	203	59	103
1656	NA	NA	NA	NA	NA	NA	NA	NA	NA	NA	NA	NA	NA	NA	NA	NA	NA	NA	NA	NA	NA	NA	NA	NA	NA	NA	NA	NA	NA	NA	NA	NA	NA	NA	NA	NA	NA	NA	NA	NA	NA	NA	NA	NA	NA	NA	NA	NA	NA	NA	NA	NA	NA	NA	NA	NA	NA	NA	NA	NA	NA	NA	NA	NA	NA	NA	NA	NA	NA	NA	NA	NA	NA	NA	NA	NA	NA	NA	NA	NA	NA	NA	NA	NA	NA	NA	NA	NA	NA	NA	NA	NA	NA	NA	NA	NA	NA	NA	NA	NA
1659	NA	NA	NA	NA	NA	NA	NA	NA	NA	NA	NA	NA	NA	NA	NA	NA	NA	NA	NA	NA	NA	NA	NA	NA	NA	NA	NA	NA	NA	NA	NA	NA	NA	NA	NA	NA	NA	NA	NA	NA	NA	NA	NA	NA	NA	NA	NA	NA	NA	NA	NA	NA	NA	NA	NA	NA	NA	NA	NA	NA	NA	NA	NA	NA	NA	NA	NA	NA	NA	NA	NA	NA	NA	NA	NA	NA	NA	NA	NA	NA	NA	NA	NA	NA	NA	NA	NA	NA	NA	NA	NA	NA	NA	NA	NA	NA	NA	NA	NA	NA
1660	170	194	-90	160	86	102	44	103	19	59	118	126	44	175	101	161	113	63	154	36	217	169	86	65	47	85	126	165	62	107	204	70	113	97	172	142	63	107	-90	113	93	145	80	107	65	177	19	133	129	204	47	200	63	172	183	176	86	20	63	207	154	169	89	133	129	194	122	101	217	180	113	113	207	93	128	203	157	63	22	97	170	20	59	44	194	36	122	19	158	113	107	183	130	53	169	44	148	97	113	177
1661	89	19	183	-90	95	157	36	89	128	20	81	63	169	217	169	103	169	113	71	63	109	47	78	165	101	170	70	154	109	122	85	169	170	194	-90	113	97	180	44	129	15	172	101	82	70	103	180	50	20	93	47	50	133	65	194	204	133	113	101	36	63	167	117	159	255	170	169	180	160	117	63	81	157	70	203	180	22	194	107	117	63	142	157	103	122	166	36	80	113	20	19	-90	133	256	122	86	122	113	20	97
1666	NA	NA	NA	NA	NA	NA	NA	NA	NA	NA	NA	NA	NA	NA	NA	NA	NA	NA	NA	NA	NA	NA	NA	NA	NA	NA	NA	NA	NA	NA	NA	NA	NA	NA	NA	NA	NA	NA	NA	NA	NA	NA	NA	NA	NA	NA	NA	NA	NA	NA	NA	NA	NA	NA	NA	NA	NA	NA	NA	NA	NA	NA	NA	NA	NA	NA	NA	NA	NA	NA	NA	NA	NA	NA	NA	NA	NA	NA	NA	NA	NA	NA	NA	NA	NA	NA	NA	NA	NA	NA	NA	NA	NA	NA	NA	NA	NA	NA	NA	NA
1676	70	86	235	157	113	36	180	63	126	157	47	142	89	159	169	166	207	62	93	204	161	81	103	59	207	133	128	166	170	67	194	36	154	177	194	154	90	107	175	176	183	146	67	70	70	67	256	51	203	59	157	129	86	157	-90	70	79	69	165	217	107	183	128	126	95	122	97	176	59	36	173	128	128	44	117	166	165	-90	180	126	101	63	200	19	183	113	101	101	92	207	160	113	109	177	207	101	36	169	207	157
1678	86	51	219	175	173	142	122	93	89	203	122	169	101	126	173	36	85	70	129	157	180	126	22	97	169	63	207	194	82	89	93	128	65	118	217	110	103	166	-90	70	50	122	157	89	146	70	92	194	176	157	207	61	97	145	22	103	69	133	170	92	173	126	169	235	203	-90	36	113	256	92	85	93	67	63	62	183	118	177	133	126	95	169	122	79	128	-90	194	85	126	18	169	80	167	103	71	93	145	133	90	63
1687	67	85	207	103	70	81	47	200	-90	194	180	122	80	235	70	93	148	15	63	154	203	166	95	70	157	183	95	50	204	109	20	70	70	70	103	219	107	50	95	51	95	107	219	126	69	95	167	255	117	113	65	15	170	102	101	145	118	36	157	65	81	169	102	169	173	256	133	133	113	128	19	101	-90	36	51	79	-90	217	-90	107	20	65	133	63	59	79	103	89	219	145	86	122	19	133	128	133	126	63	69	81
1688	183	36	122	67	169	65	65	15	63	67	200	157	130	180	53	133	175	122	53	194	219	19	102	180	145	44	78	109	122	176	175	107	161	122	79	255	118	126	177	63	85	70	133	172	92	113	133	80	122	122	113	159	183	118	59	129	70	207	117	85	53	157	113	117	122	44	122	170	40	194	20	128	93	145	36	113	112	101	97	165	219	113	113	93	133	194	157	93	81	173	19	18	128	79	103	70	157	255	50	89
1691	256	103	40	129	103	170	102	20	172	-90	107	207	175	101	70	19	59	117	165	93	122	128	126	86	161	126	165	70	126	82	59	170	255	18	102	107	51	133	20	44	81	79	50	128	62	126	219	102	148	15	44	117	47	-90	102	79	63	61	126	161	172	160	95	44	93	175	90	118	50	145	194	107	70	63	128	113	107	122	44	19	69	107	173	122	183	200	255	19	102	70	62	126	70	81	-90	157	204	128	36	53
1692	113	204	145	81	170	183	89	194	97	101	194	85	103	93	81	170	167	204	107	102	103	145	93	207	82	142	59	158	165	102	71	47	113	118	15	165	85	113	194	63	126	15	256	145	194	122	122	110	117	89	102	109	204	169	113	109	161	19	62	19	157	255	101	117	36	180	117	157	53	47	117	122	173	113	133	40	97	70	180	133	145	169	93	117	47	18	200	194	78	157	167	90	158	19	172	177	169	219	166	126
1695	170	62	78	172	22	93	93	204	90	157	113	59	194	89	90	219	113	69	82	95	183	101	36	161	133	103	176	107	157	95	200	47	20	165	95	161	89	70	128	70	82	217	20	101	101	207	85	86	180	97	145	165	235	85	36	118	173	203	36	194	97	112	18	36	200	59	194	70	176	-90	36	102	-90	81	170	194	113	20	15	194	207	50	93	176	81	204	20	112	22	63	90	128	19	101	50	103	47	122	117	102
1696	62	117	172	122	85	112	81	93	50	183	82	81	36	113	103	145	122	235	103	103	129	50	219	200	146	172	207	148	53	128	80	103	117	101	145	113	157	95	128	86	117	19	118	40	80	81	207	20	207	161	93	70	93	180	222	90	128	47	50	53	235	204	107	18	67	47	217	169	107	180	142	145	118	154	157	222	148	86	145	129	97	109	133	122	180	44	165	20	97	129	180	166	62	157	93	47	169	107	161	81
1699	129	194	62	157	128	133	59	19	22	82	130	154	85	166	107	70	103	169	63	256	89	63	103	256	65	183	173	15	113	18	183	180	70	70	113	101	122	169	222	122	200	169	129	107	172	117	145	128	118	158	170	128	63	170	59	158	82	22	194	126	194	50	85	62	70	217	175	219	92	97	172	194	222	70	69	207	-90	180	70	204	22	170	128	93	112	217	217	219	256	180	146	126	95	204	69	101	219	81	122	126
1700	101	113	194	71	117	47	130	80	70	161	70	113	81	113	19	217	183	63	145	102	194	80	142	92	86	176	145	117	207	129	15	92	167	22	194	78	81	70	19	161	89	180	255	18	203	95	117	173	82	180	183	81	194	102	-90	169	102	219	142	47	107	107	19	130	81	157	183	177	117	97	59	69	154	61	70	-90	36	85	207	89	200	180	103	167	20	97	53	118	95	70	89	170	20	70	79	20	80	65	160	222
1702	19	15	130	133	255	122	107	122	53	145	80	145	-90	256	207	79	169	183	133	172	71	61	40	126	71	166	107	61	-90	169	133	63	169	107	92	128	97	78	180	183	117	36	160	133	133	69	20	158	165	146	20	81	129	146	158	165	90	59	65	93	102	71	50	61	93	79	59	70	82	102	80	160	157	79	93	183	222	145	130	102	90	97	255	101	18	109	122	183	194	133	222	169	81	63	113	89	19	71	170	95
1703	142	61	93	222	183	159	167	70	118	133	15	79	86	-90	113	93	129	110	97	200	169	93	113	50	63	170	18	160	117	170	107	36	89	166	113	204	200	19	118	78	101	235	157	160	183	70	133	50	22	207	78	207	62	63	173	160	50	86	79	15	86	128	145	157	113	172	-90	113	80	126	167	118	204	59	67	15	169	19	19	122	122	102	65	59	97	122	154	255	157	63	170	95	128	128	126	103	40	101	122	113
1706	207	70	81	235	217	95	194	157	194	177	128	89	166	207	40	102	101	103	159	126	170	183	200	61	95	157	122	53	20	159	93	97	89	170	183	70	146	101	145	36	256	110	203	90	157	65	53	167	15	107	157	101	194	50	81	15	102	161	170	59	-90	122	256	256	93	63	19	63	118	15	50	70	118	79	154	78	122	255	157	103	92	117	36	133	93	36	51	-90	113	53	117	97	63	18	219	63	70	81	112	203
1708	176	50	129	113	70	126	102	65	126	113	101	44	122	154	36	89	-90	157	109	219	36	15	204	173	159	36	194	207	128	44	129	122	85	176	70	59	95	113	170	65	207	159	90	126	122	93	194	103	113	71	15	53	157	97	69	93	103	107	117	19	118	63	70	110	103	93	148	204	194	18	86	63	126	71	70	101	194	50	169	203	126	118	89	20	180	51	95	-90	19	169	22	126	160	86	36	194	255	93	146	86
1710	70	79	194	113	79	51	51	145	36	207	117	65	145	219	126	145	142	51	173	70	128	113	90	109	122	194	47	70	180	50	146	18	93	173	130	93	148	183	128	113	145	157	145	112	65	85	78	79	113	70	183	194	110	128	204	101	44	67	118	95	130	70	122	172	146	204	160	129	183	-90	90	20	63	70	183	122	133	113	183	15	70	79	81	145	113	130	159	200	157	22	161	122	180	161	78	222	113	109	53	165
1719	90	93	101	61	183	235	166	59	122	44	183	176	70	172	145	157	36	47	93	89	47	142	93	128	93	90	63	90	103	160	219	93	194	18	180	235	-90	172	95	183	18	85	217	166	160	126	148	157	36	222	145	176	103	194	204	107	93	113	169	70	19	207	70	176	169	-90	145	117	103	53	169	103	113	102	70	133	170	207	235	20	128	203	62	47	15	103	89	122	97	126	102	79	169	207	169	203	62	145	102	70
1724	53	112	200	18	78	59	40	101	122	170	207	19	126	117	112	103	219	-90	59	95	85	235	85	159	167	204	107	47	146	194	70	235	93	-90	183	133	128	222	70	194	81	118	133	165	128	157	113	19	59	113	126	101	117	122	36	177	107	117	20	145	44	101	107	69	36	207	126	47	67	103	89	93	122	97	167	47	103	126	79	59	122	133	169	97	154	172	180	207	129	194	113	63	169	20	50	70	78	122	159	-90
1730	47	128	86	122	97	71	128	97	79	70	170	103	102	177	148	177	122	97	89	36	50	70	102	255	113	107	70	92	145	63	107	65	126	159	47	102	92	255	122	97	67	102	170	63	71	166	126	177	95	-90	122	130	175	89	50	203	67	63	172	148	122	148	129	129	170	112	207	107	113	103	158	110	50	92	194	157	117	103	117	177	194	-90	102	183	113	169	207	15	117	158	61	40	172	128	157	113	70	161	128	160
1734	20	170	93	128	157	65	61	148	20	167	107	109	93	93	19	122	15	102	161	-90	133	203	157	235	97	207	50	65	107	180	101	118	157	133	180	126	128	194	63	142	154	109	79	19	86	122	204	122	101	101	97	93	207	44	63	50	97	146	15	102	18	128	126	167	47	128	142	109	65	36	95	180	47	169	122	89	122	219	200	161	93	70	154	36	107	82	85	82	101	40	107	122	194	113	19	160	173	70	86	103
1742	112	183	112	157	122	85	142	219	-90	-90	-90	101	235	207	93	93	63	79	70	148	145	122	50	69	18	180	219	110	63	63	113	107	70	95	122	36	160	47	235	20	53	176	92	207	222	20	180	103	65	173	200	113	70	19	142	126	107	95	70	175	113	47	222	207	175	22	79	157	109	130	180	173	219	128	129	93	170	80	128	130	70	70	172	22	22	256	170	109	50	183	51	235	255	20	20	173	70	160	15	93
1751	93	122	126	-90	118	82	93	180	103	95	103	20	82	170	122	169	146	177	157	122	93	219	117	103	20	50	103	170	65	70	50	118	36	112	93	86	183	176	78	18	166	101	95	194	93	70	15	207	122	63	107	133	122	103	93	122	50	122	217	235	85	-90	122	183	109	20	157	128	62	133	204	207	85	102	175	63	18	102	194	113	145	36	80	71	-90	145	82	117	107	157	70	128	70	160	133	176	86	183	122	133
1760	167	113	158	95	62	219	22	67	169	93	89	133	92	36	63	194	86	175	89	130	169	172	65	133	128	122	-90	157	67	59	112	101	122	15	89	146	22	102	89	101	110	103	128	50	117	169	166	36	89	63	222	113	176	167	40	157	70	47	78	159	79	65	62	133	107	107	172	160	169	194	145	157	63	82	86	235	113	79	175	122	126	126	165	90	183	159	117	118	36	167	129	128	200	122	142	175	133	101	81	19
1767	157	36	166	180	148	204	122	79	217	159	51	78	170	71	89	112	19	170	235	157	207	109	183	122	122	128	89	122	50	161	92	70	50	133	82	-90	93	90	172	128	36	18	194	118	117	50	18	157	102	102	177	122	51	159	63	103	118	126	122	133	69	217	59	50	22	154	117	159	19	22	82	176	112	109	70	65	180	81	70	95	158	133	133	70	146	158	65	166	67	122	157	255	113	118	47	204	89	113	180	157
1770	194	207	146	128	-90	130	133	47	109	194	204	217	161	40	166	165	81	113	15	122	113	207	169	169	126	18	167	175	59	69	19	61	103	113	160	47	109	133	101	204	158	207	222	102	15	97	172	22	113	170	70	219	95	51	71	194	200	157	19	145	109	85	109	18	117	113	113	36	122	146	109	256	255	146	79	22	126	65	93	113	93	40	180	101	176	255	175	95	217	157	217	71	207	97	112	67	235	118	145	59
1777	81	219	180	255	70	69	113	70	51	-90	65	18	89	-90	20	142	204	176	118	67	107	130	126	128	65	146	128	107	97	133	-90	36	82	101	63	122	70	97	53	172	70	50	169	103	70	133	203	70	183	61	126	169	70	103	128	40	113	129	89	67	61	133	176	113	118	70	113	79	146	89	183	63	103	217	63	92	107	161	19	63	235	177	70	59	80	89	204	101	113	103	103	113	79	122	103	200	90	90	65	79
1787	18	15	175	142	200	70	145	128	126	166	173	194	113	18	78	61	180	126	133	112	82	183	59	169	19	103	180	177	126	70	18	142	-90	107	50	59	235	102	50	133	95	113	133	129	165	47	177	170	63	172	20	-90	40	161	18	173	70	59	117	142	176	36	180	133	154	103	102	103	44	51	204	159	93	128	90	59	70	47	47	97	47	166	61	142	157	70	167	89	95	89	70	53	157	169	95	36	177	217	93	95
1788	101	82	63	167	19	172	169	15	67	51	79	146	50	70	157	256	103	-90	117	128	146	36	207	70	170	109	217	71	122	103	86	103	194	154	157	69	122	89	169	-90	63	207	50	70	79	107	71	97	95	200	-90	148	101	101	122	93	183	89	89	107	59	175	169	81	19	183	47	122	63	70	113	146	53	126	61	71	158	44	67	169	71	15	146	101	157	113	148	44	122	118	79	70	59	102	95	80	160	172	70	22
1790	117	235	70	173	81	110	126	103	165	207	194	36	101	47	157	97	126	79	169	53	157	40	122	160	117	36	128	44	-90	19	133	79	95	70	81	183	113	63	63	47	90	97	89	113	93	217	173	203	157	219	158	173	92	50	80	85	78	169	194	117	169	204	133	113	70	113	103	97	170	113	161	126	113	256	118	109	169	81	81	146	157	103	169	157	122	128	65	70	204	101	207	219	86	118	222	93	200	-90	80	133
1791	93	20	167	22	92	92	112	204	59	118	59	20	169	20	69	204	200	167	146	158	65	169	207	70	113	81	130	173	102	102	47	53	207	70	67	169	103	93	36	59	128	93	118	167	158	19	22	122	90	122	70	126	102	20	175	69	169	200	63	51	63	177	70	165	89	122	200	203	200	79	44	122	70	70	20	170	93	40	146	117	169	165	44	102	170	102	133	117	235	107	207	89	117	90	133	110	183	18	157	19
1792	117	59	169	92	207	113	165	18	176	133	67	70	79	70	255	93	203	65	207	107	133	128	47	207	203	235	44	113	102	117	207	101	18	180	145	70	207	173	101	169	20	19	70	95	194	103	235	145	146	165	169	93	118	170	78	101	159	110	63	107	207	113	173	113	70	122	177	103	180	207	70	222	169	207	207	219	177	109	129	110	63	194	169	183	18	63	128	169	89	80	36	122	89	128	101	70	133	47	129	142
1793	36	-90	183	82	133	133	80	112	80	61	128	113	204	148	18	107	102	180	133	101	-90	207	103	154	194	101	183	170	194	157	101	113	170	256	118	95	103	97	167	118	180	194	194	93	90	61	169	176	79	194	36	70	-90	-90	47	-90	180	65	19	207	183	18	36	36	165	80	86	166	219	133	101	154	81	160	103	113	176	112	113	172	53	255	122	122	85	157	128	113	-90	118	113	63	70	61	-90	59	15	93	167	169
1794	102	217	157	169	19	169	70	169	101	200	113	219	19	81	161	101	133	109	50	145	65	222	18	117	97	183	79	-90	128	101	117	110	103	194	204	167	170	82	51	107	170	59	-90	154	117	107	222	85	194	93	161	107	128	89	70	-90	103	53	133	117	62	161	65	82	53	255	112	145	207	158	107	70	204	81	65	63	203	70	170	142	95	200	167	194	200	103	89	61	63	169	40	113	126	200	117	63	63	200	101	204
1795	89	145	154	219	142	122	129	95	107	112	70	102	70	145	122	67	82	157	110	118	101	63	159	93	63	145	51	183	222	62	59	183	142	207	166	15	204	50	81	128	107	63	128	97	167	113	101	194	180	103	59	183	79	207	19	22	207	126	194	133	103	59	40	204	133	130	65	63	93	40	101	67	194	113	219	47	146	170	118	89	113	170	15	217	97	122	93	126	207	113	117	107	133	59	170	95	122	128	109	133
1796	145	44	159	154	70	128	70	183	183	255	129	161	256	70	157	59	78	18	207	176	70	173	117	22	70	128	133	86	36	145	51	93	157	158	122	173	89	107	65	173	159	103	71	18	103	70	130	145	219	167	110	158	71	204	159	207	203	122	130	126	70	157	170	107	256	180	109	110	90	113	222	122	107	176	103	161	93	165	95	128	117	80	65	89	118	122	63	63	122	102	93	59	93	222	15	113	63	194	97	117
1803	82	63	36	93	112	133	90	81	62	169	126	166	18	158	15	113	63	128	50	204	207	161	235	81	103	112	142	95	93	207	61	19	59	175	126	159	126	36	47	15	-90	90	122	207	107	154	89	118	70	112	142	70	169	113	118	93	207	101	95	101	101	67	18	204	113	170	40	81	-90	122	69	63	126	95	107	154	67	183	36	113	40	122	175	109	53	93	70	53	103	170	65	15	101	145	53	62	36	69	78	85
1804	113	161	36	15	107	107	70	107	19	63	133	107	15	67	117	15	93	70	79	103	44	63	101	118	126	207	157	133	70	122	67	207	173	203	71	67	204	51	180	36	194	89	183	47	113	169	217	93	20	130	93	50	109	180	194	159	158	102	126	70	-90	50	203	145	157	107	118	200	78	63	47	169	146	15	15	103	70	103	110	183	129	180	145	154	70	160	19	70	101	145	92	160	70	183	128	92	70	159	107	180
1808	158	22	101	118	79	194	126	207	103	107	95	175	59	97	80	113	145	217	194	47	97	122	128	95	180	118	194	89	172	180	166	160	107	204	36	93	166	117	183	103	142	180	70	169	85	89	113	133	63	86	19	51	20	207	103	81	204	101	51	130	15	101	81	112	47	109	146	170	22	80	112	170	183	110	-90	19	63	82	207	109	183	128	86	93	129	167	126	169	169	95	157	207	15	142	107	169	50	50	170	154
1810	44	103	70	36	53	194	146	167	117	222	93	102	122	36	130	70	173	122	128	126	204	167	207	70	93	169	97	79	169	167	126	22	128	110	235	128	133	67	113	82	219	61	194	97	97	109	-90	95	85	51	219	122	154	97	90	101	177	170	145	63	157	180	101	59	93	18	15	145	126	63	203	169	161	172	82	194	47	129	101	70	89	65	90	70	157	169	20	126	183	126	-90	19	161	22	122	207	110	126	36	170
1819	145	90	15	89	51	-90	175	133	44	122	79	101	148	122	20	20	194	95	157	86	165	183	15	167	154	59	20	145	204	172	78	97	-90	-90	113	122	133	15	47	-90	22	133	177	36	126	93	200	20	117	176	95	18	61	157	103	53	126	255	207	222	50	80	148	47	169	169	63	102	36	117	200	51	172	63	40	118	166	118	63	183	122	154	207	207	47	117	109	36	93	133	172	118	142	157	107	183	51	18	157	90
1883	70	71	20	44	170	70	78	70	110	235	117	107	128	79	95	92	126	71	63	142	70	-90	89	79	207	194	22	256	70	204	157	18	145	50	36	117	79	161	161	50	103	102	207	118	47	145	169	142	70	145	63	194	169	166	122	113	92	97	81	126	126	59	-90	177	122	133	19	70	20	161	128	118	117	93	122	167	102	97	148	92	113	78	18	62	113	70	113	92	63	154	101	159	157	71	107	194	176	145	70	69
1919	169	173	118	70	63	165	207	169	118	101	122	69	183	86	65	81	194	194	95	101	95	18	70	-90	81	47	118	93	219	113	180	177	20	81	194	89	169	36	194	19	207	126	175	128	170	170	93	113	172	97	53	22	103	110	128	107	70	154	40	128	170	183	69	93	63	89	170	128	203	128	126	113	194	112	65	50	63	70	203	36	204	207	82	159	19	194	170	157	122	172	69	167	145	183	90	63	172	112	92	102
2119	NA	NA	NA	NA	NA	NA	NA	NA	NA	NA	NA	NA	NA	NA	NA	NA	NA	NA	NA	NA	NA	NA	NA	NA	NA	NA	NA	NA	NA	NA	NA	NA	NA	NA	NA	NA	NA	NA	NA	NA	NA	NA	NA	NA	NA	NA	NA	NA	NA	NA	NA	NA	NA	NA	NA	NA	NA	NA	NA	NA	NA	NA	NA	NA	NA	NA	NA	NA	NA	NA	NA	NA	NA	NA	NA	NA	NA	NA	NA	NA	NA	NA	NA	NA	NA	NA	NA	NA	NA	NA	NA	NA	NA	NA	NA	NA	NA	NA	NA	NA
3011	169	101	126	130	161	167	128	82	194	207	207	36	47	255	126	81	89	219	158	63	107	65	-90	122	128	113	70	118	166	90	70	194	180	70	133	122	194	204	93	128	63	70	107	128	109	19	69	170	50	107	36	133	194	173	101	204	65	207	-90	36	89	130	166	122	50	53	235	22	117	86	53	85	36	175	207	101	126	160	36	50	36	70	70	82	160	61	122	256	81	78	44	78	170	117	194	122	93	129	118	78
3085	51	169	50	103	69	113	256	118	36	20	113	-90	157	90	165	158	62	112	126	109	18	101	50	15	19	129	69	18	50	92	63	-90	61	207	15	133	53	122	70	93	93	145	159	-90	173	62	70	107	93	157	89	183	122	157	146	89	117	122	128	80	82	103	170	122	219	167	62	53	166	69	18	86	110	103	47	194	219	67	65	145	194	102	122	19	235	142	113	159	145	117	95	22	170	67	148	207	22	70	207	65
