1005	0.15	0.25	0.2	0.25	0.2	0.25	0.25	0.15	0.2	0.25	0.25	0.2	0.25	0.2	0.25	0.2	0.15	0.25	0.05	0.25	0.25	0.25	0.1	0.25	0.25	0.25	0.25	0.25	0.25	0.25	0.25	0.2	0.15	0.25	0.2	0.2	0.15	0.15	0.15	0.25	0.2	0.25	0.15	0.25	0.25	0.2	0.25	0.1	0.2	0.2	0.2	0.1	0.2	0.1	0.15	0.2	0.2	0.25	0.25	0.25	0.2	0.25	0.2	0.25	0.2	0.2	0.2	0.15	0.15	0.25	0.25	0.25	0.2	0.1	0.2	0.25	0.2	0.25	0.25	0.2	0.2	0.1	0.2	0.25	0.15	0.25	0.2	0.25	0.25	0.25	0.25	0.15	0.2	0.25	0.25	0.2	0.25	0.2	0.2	0.2
1006	0.25	0.25	0.1	0.25	0.15	0.15	0.2	0.25	0.25	0.15	0.25	0.25	0.1	0.25	0.25	0.25	0.25	0.25	0.2	0.25	0.2	0.25	0.25	0.2	0.25	0.25	0.25	0.25	0.25	0.2	0.1	0.2	0.2	0.25	0.2	0.25	0.25	0.25	0.1	0.1	0.25	0.2	0.25	0.25	0.25	0.25	0.2	0.2	0.25	0.25	0.25	0.15	0.25	0.2	0.25	0.1	0.25	0.25	0.2	0.2	0.25	0.25	0.1	0.2	0.2	0.25	0.15	0.25	0.15	0.15	0.25	0.2	0.1	0.25	0.25	0.25	0.15	0.2	0.15	0.25	0.25	0.15	0.25	0.2	0.2	0.25	0.25	0.25	0.15	0.2	0.2	0.25	0.25	0.2	0.25	0.25	0.2	0.25	0.2	0.2
1007	0.25	0.25	0.25	0.2	0.25	0.25	0.25	0.25	0.2	0.25	0.1	0.2	0.25	0.2	0.15	0.25	0.2	0.2	0.25	0.15	0.15	0.25	0.15	0.25	0.25	0.25	0.25	0.2	0.2	0.25	0.25	0.25	0.25	0.25	0.25	0.2	0.25	0.25	0.1	0.25	0.25	0.25	0.25	0.15	0.25	0.25	0.2	0.2	0.2	0.25	0.2	0.25	0.15	0.2	0.1	0.2	0.25	0.2	0.25	0.2	0.2	0.05	0.25	0.2	0.25	0.25	0.2	0.2	0.25	0.2	0.2	0.2	0.2	0.25	0.2	0.25	0.25	0.1	0.25	0.2	0.2	0.25	0.25	0.25	0.15	0.2	0.2	0.2	0.2	0.25	0.25	0.25	0.2	0.25	0.2	0.25	0.2	0.25	0.25	0.25
1008	0.25	0.15	0.2	0.25	0.15	0.25	0.15	0.25	0.1	0.2	0.15	0.2	0.25	0.25	0.2	0.2	0.2	0.25	0.2	0.25	0.25	0.1	0.2	0.25	0.25	0.2	0.25	0.2	0.2	0.25	0.15	0.1	0.25	0.15	0.2	0.2	0.2	0.25	0.2	0.2	0.25	0.15	0.25	0.2	0.25	0.2	0.15	0.2	0.25	0.05	0.2	0.25	0.25	0.2	0.2	0.2	0.25	0.2	0.2	0.2	0.25	0.2	0.25	0.25	0.25	0.15	0.25	0.2	0.15	0.25	0.2	0.2	0.15	0.2	0.25	0.1	0.2	0.2	0.25	0.1	0.15	0.15	0.15	0.25	0.1	0.25	0.25	0.2	0.2	0.1	0.15	0.2	0.15	0.25	0.25	0.2	0.1	0.15	0.2	0.2
1018	0.25	0.25	0.25	0.15	0.15	0.25	0.25	0.25	0.25	0.25	0.25	0.2	0.15	0.25	0.25	0.25	0.25	0.2	0.25	0.2	0.2	0.25	0.15	0.1	0.2	0.25	0.2	0.2	0.25	0.25	0.25	0.15	0.2	0.1	0.25	0.2	0.25	0.25	0.2	0.25	0.2	0.25	0.25	0.15	0.15	0.25	0.25	0.2	0.15	0.25	0.2	0.25	0.25	0.2	0.15	0.2	0.2	0.2	0.25	0.2	0.25	0.2	0.15	0.25	0.25	0.2	0.25	0.25	0.15	0.25	0.25	0.25	0.25	0.25	0.15	0.25	0.2	0.25	0.25	0.25	0.25	0.25	0.25	0.15	0.2	0.25	0.15	0.25	0.15	0.15	0.25	0.1	0.25	0.25	0.25	0.25	0.25	0.25	0.2	0.25
1022	0.1	0.25	0.2	0.2	0.15	0.2	0.2	0.2	0.25	0.2	0.2	0.2	0.1	0.25	0.25	0.25	0.25	0.25	0.25	0.25	0.25	0.25	0.25	0.2	0.2	0.25	0.2	0.1	0.2	0.15	0.2	0.25	0.25	0.15	0.2	0.25	0.1	0.15	0.25	0.2	0.2	0.2	0.25	0.25	0.2	0.2	0.25	0.2	0.25	0.25	0.2	0.25	0.2	0.25	0.25	0.15	0.05	0.25	0.25	0.2	0.25	0.25	0.15	0.25	0.2	0.25	0.2	0.2	0.2	0.25	0.15	0.25	0.25	0.2	0.1	0.25	0.25	0.25	0.2	0.2	0.25	0.25	0.2	0.15	0.2	0.2	0.2	0.15	0.15	0.25	0.25	0.25	0.25	0.2	0.25	0.25	0.25	0.2	0.25	0.15
1023	0.25	0.15	0.15	0.2	0.25	0.2	0.2	0.25	0.25	0.2	0.25	0.2	0.05	0.15	0.2	0.05	0.2	0.2	0.25	0.15	0.25	0.25	0.25	0.2	0.2	0.2	0.25	0.2	0.2	0.25	0.2	0.2	0.2	0.25	0.2	0.1	0.25	0.15	0.25	0.25	0.25	0.25	0.25	0.05	0.25	0.15	0.25	0.1	0.15	0.2	0.2	0.25	0.25	0.25	0.2	0.1	0.25	0.25	0.2	0.25	0.25	0.25	0.25	0.25	0.2	0.1	0.2	0.2	0.15	0.25	0.2	0.25	0.25	0.25	0.2	0.25	0.15	0.2	0.25	0.25	0.2	0.25	0.25	0.15	0.25	0.25	0.2	0.25	0.25	0.25	0.25	0.25	0.25	0.2	0.25	0.25	0.25	0.2	0.25	0.2
1024	0.25	0.15	0.25	0.2	0.25	0.25	0.25	0.2	0.2	0.25	0.25	0.25	0.25	0.2	0.2	0.15	0.25	0.25	0.2	0.2	0.25	0.1	0.25	0.25	0.25	0.25	0.2	0.1	0.25	0.25	0.2	0.2	0.1	0.15	0.2	0.1	0.2	0.25	0.25	0.25	0.25	0.2	0.25	0.25	0.25	0.25	0.2	0.25	0.25	0.25	0.25	0.2	0.15	0.25	0.2	0.1	0.25	0.25	0.25	0.2	0.2	0.2	0.15	0.2	0.1	0.2	0.25	0.25	0.25	0.1	0.15	0.2	0.15	0.2	0.2	0.25	0.15	0.25	0.2	0.2	0.25	0.25	0.2	0.25	0.1	0.1	0.2	0.25	0.15	0.1	0.2	0.2	0.2	0.2	0.25	0.1	0.15	0.25	0.25	0.2
1025	0.25	0.15	0.25	0.1	0.2	0.2	0.2	0.25	0.25	0.1	0.15	0.15	0.15	0.25	0.25	0.25	0.25	0.25	0.2	0.2	0.2	0.25	0.1	0.2	0.15	0.25	0.25	0.2	0.25	0.25	0.15	0.15	0.2	0.25	0.25	0.2	0.25	0.2	0.25	0.2	0.25	0.25	0.2	0.2	0.1	0.2	0.25	0.2	0.1	0.25	0.1	0.2	0.05	0.2	0.2	0.2	0.2	0.25	0.25	0.15	0.25	0.25	0.2	0.25	0.25	0.25	0.2	0.25	0.2	0.25	0.25	0.25	0.25	0.25	0.15	0.15	0.2	0.2	0.2	0.2	0.25	0.25	0.2	0.15	0.2	0.2	0.2	0.15	0.25	0.1	0.25	0.15	0.2	0.1	0.25	0.1	0.25	0.25	0.1	0.25
1027	0.2	0.25	0.25	0.25	0.25	0.25	0.25	0.25	0.15	0.2	0.25	0.2	0.25	0.2	0.25	0.25	0.25	0.1	0.25	0.25	0.25	0.25	0.25	0.25	0.25	0.2	0.15	0.2	0.1	0.25	0.2	0.25	0.2	0.2	0.25	0.25	0.25	0.2	0.2	0.1	0.2	0.25	0.15	0.25	0.1	0.25	0.25	0.25	0.2	0.25	0.25	0.2	0.2	0.2	0.25	0.2	0.15	0.15	0.15	0.25	0.2	0.2	0.25	0.15	0.1	0.2	0.25	0.25	0.25	0.25	0.25	0.25	0.2	0.25	0.2	0.25	0.25	0.15	0.2	0.25	0.25	0.2	0.25	0.25	0.25	0.15	0.2	0.25	0.25	0.2	0.1	0.2	0.2	0.2	0.25	0.25	0.2	0.1	0.15	0.25
1031	0.15	0.2	0.2	0.25	0.25	0.25	0.1	0.2	0.2	0.25	0.2	0.2	0.25	0.25	0.1	0.25	0.25	0.2	0.2	0.2	0.25	0.25	0.2	0.25	0.25	0.25	0.1	0.25	0.25	0.2	0.25	0.15	0.2	0.25	0.2	0.2	0.25	0.2	0.2	0.25	0.25	0.1	0.25	0.1	0.15	0.2	0.25	0.25	0.25	0.25	0.15	0.15	0.25	0.2	0.25	0.2	0.2	0.2	0.2	0.15	0.2	0.15	0.25	0.05	0.2	0.1	0.2	0.2	0.25	0.25	0.2	0.2	0.25	0.2	0.15	0.25	0.25	0.25	0.25	0.25	0.15	0.25	0.25	0.25	0.15	0.2	0.25	0.25	0.15	0.25	0.15	0.1	0.1	0.25	0.25	0.15	0.2	0.25	0.2	0.15
1035	0.2	0.25	0.25	0.15	0.25	0.25	0.2	0.2	0.2	0.25	0.2	0.25	0.25	0.25	0.2	0.2	0.25	0.2	0.15	0.2	0.2	0.15	0.25	0.2	0.25	0.25	0.25	0.25	0.25	0.25	0.25	0.25	0.2	0.25	0.15	0.2	0.25	0.2	0.25	0.1	0.15	0.25	0.25	0.25	0.2	0.25	0.25	0.25	0.15	0.1	0.15	0.1	0.2	0.25	0.25	0.15	0.2	0.25	0.2	0.25	0.25	0.1	0.25	0.25	0.2	0.25	0.25	0.25	0.25	0.25	0.25	0.25	0.2	0.25	0.25	0.1	0.2	0.25	0.25	0.25	0.2	0.2	0.25	0.2	0.1	0.25	0.2	0.25	0.25	0.15	0.2	0.25	0.25	0.15	0.25	0.15	0.25	0.25	0.25	0.25
1106	0.2	0.25	0.15	0.2	0.05	0.2	0.2	0.2	0.15	0.2	0.2	0.15	0.2	0.2	0.25	0.2	0.25	0.25	0.25	0.25	0.1	0.2	0.2	0.25	0.15	0.25	0.1	0.25	0.1	0.25	0.2	0.25	0.2	0.2	0.25	0.15	0.15	0.25	0.15	0.15	0.2	0.25	0.25	0.2	0.1	0.2	0.25	0.25	0.2	0.1	0.2	0.25	0.25	0.25	0.25	0.15	0.2	0.15	0.2	0.25	0.15	0.25	0.1	0.25	0.25	0.2	0.25	0.25	0.25	0.15	0.25	0.25	0.2	0.2	0.2	0.25	0.25	0.25	0.1	0.15	0.2	0.2	0.1	0.15	0.25	0.2	0.25	0.25	0.1	0.25	0.1	0.2	0.15	0.25	0.1	0.25	0.25	0.25	0.25	0.15
1107	0.25	0.2	0.2	0.15	0.1	0.2	0.2	0.15	0.25	0.2	0.25	0.25	0.25	0.25	0.15	0.2	0.2	0.25	0.2	0.15	0.25	0.25	0.15	0.25	0.25	0.1	0.25	0.1	0.25	0.15	0.25	0.2	0.15	0.25	0.2	0.2	0.25	0.1	0.2	0.25	0.2	0.2	0.25	0.2	0.2	0.25	0.1	0.1	0.2	0.2	0.2	0.1	0.25	0.25	0.15	0.25	0.2	0.25	0.15	0.25	0.25	0.2	0.25	0.2	0.15	0.15	0.1	0.15	0.25	0.2	0.2	0.25	0.15	0.25	0.25	0.1	0.25	0.25	0.2	0.2	0.1	0.25	0.15	0.2	0.25	0.25	0.25	0.2	0.2	0.25	0.25	0.05	0.25	0.2	0.15	0.25	0.15	0.2	0.2	0.2
1146	0.25	0.1	0.15	0.1	0.2	0.2	0.2	0.1	0.2	0.2	0.25	0.2	0.25	0.1	0.2	0.25	0.2	0.15	0.1	0.2	0.2	0.25	0.25	0.25	0.25	0.15	0.25	0.15	0.2	0.15	0.25	0.15	0.15	0.2	0.25	0.25	0.25	0.25	0.25	0.2	0.25	0.15	0.25	0.1	0.25	0.2	0.2	0.2	0.25	0.25	0.25	0.25	0.2	0.15	0.25	0.2	0.25	0.2	0.25	0.25	0.25	0.25	0.1	0.25	0.25	0.25	0.15	0.25	0.25	0.15	0.25	0.25	0.2	0.2	0.25	0.2	0.25	0.25	0.25	0.25	0.2	0.25	0.15	0.25	0.1	0.2	0.25	0.25	0.2	0.25	0.25	0.2	0.25	0.25	0.2	0.1	0.2	0.15	0.25	0.2
1157	0.2	0.25	0.1	0.25	0.2	0.25	0.25	0.25	0.25	0.1	0.1	0.25	0.25	0.1	0.25	0.2	0.2	0.2	0.2	0.15	0.1	0.25	0.2	0.25	0.2	0.2	0.25	0.2	0.25	0.2	0.25	0.2	0.25	0.2	0.15	0.25	0.25	0.1	0.25	0.2	0.2	0.1	0.25	0.15	0.25	0.1	0.25	0.15	0.25	0.2	0.05	0.2	0.25	0.15	0.2	0.25	0.25	0.25	0.1	0.25	0.15	0.15	0.2	0.25	0.25	0.25	0.2	0.2	0.15	0.25	0.15	0.25	0.15	0.25	0.25	0.2	0.25	0.25	0.25	0.25	0.2	0.25	0.15	0.15	0.25	0.25	0.25	0.15	0.25	0.25	0.2	0.2	0.2	0.15	0.2	0.25	0.1	0.25	0.25	0.25
1158	0.2	0.2	0.2	0.2	0.25	0.15	0.1	0.25	0.15	0.25	0.2	0.15	0.25	0.25	0.1	0.2	0.25	0.25	0.15	0.1	0.1	0.25	0.15	0.15	0.25	0.25	0.25	0.25	0.25	0.1	0.2	0.15	0.25	0.2	0.2	0.2	0.25	0.2	0.25	0.15	0.25	0.25	0.25	0.2	0.2	0.2	0.2	0.25	0.25	0.2	0.25	0.25	0.25	0.25	0.15	0.25	0.25	0.1	0.1	0.25	0.15	0.2	0.2	0.25	0.15	0.25	0.15	0.15	0.25	0.2	0.25	0.2	0.15	0.2	0.25	0.15	0.15	0.25	0.2	0.25	0.2	0.2	0.25	0.1	0.2	0.25	0.25	0.25	0.25	0.2	0.25	0.25	0.25	0.25	0.2	0.2	0.2	0.25	0.25	0.25
1161	0.2	0.25	0.25	0.25	0.2	0.05	0.15	0.25	0.25	0.2	0.2	0.25	0.2	0.25	0.25	0.1	0.25	0.25	0.25	0.25	0.1	0.25	0.15	0.05	0.15	0.15	0.15	0.25	0.1	0.25	0.15	0.2	0.25	0.2	0.2	0.25	0.25	0.15	0.15	0.25	0.2	0.25	0.15	0.1	0.1	0.2	0.1	0.2	0.1	0.1	0.2	0.15	0.15	0.25	0.05	0.25	0.25	0.25	0.25	0.1	0.25	0.25	0.25	0.25	0.05	0.25	0.2	0.1	0.15	0.2	0.1	0.2	0.25	0.2	0.25	0.25	0.2	0.25	0.2	0.25	0.25	0.25	0.25	0.15	0.25	0.25	0.15	0.25	0.25	0.15	0.25	0.2	0.2	0.2	0.25	0.2	0.2	0.25	0.25	0.25
1162	0.25	0.2	0.25	0.25	0.1	0.25	0.25	0.2	0.1	0.1	0.25	0.2	0.2	0.25	0.2	0.25	0.25	0.15	0.2	0.25	0.2	0.2	0.2	0.25	0.2	0.15	0.1	0.25	0.25	0.25	0.25	0.25	0.25	0.2	0.25	0.25	0.2	0.25	0.25	0.25	0.2	0.15	0.25	0.1	0.25	0.25	0.15	0.15	0.2	0.25	0.15	0.25	0.2	0.2	0.25	0.2	0.25	0.25	0.2	0.2	0.1	0.25	0.2	0.25	0.25	0.2	0.25	0.15	0.25	0.25	0.15	0.25	0.25	0.25	0.25	0.1	0.2	0.25	0.15	0.25	0.2	0.25	0.25	0.25	0.15	0.2	0.25	0.15	0.15	0.25	0.15	0.25	0.25	0.25	0.1	0.15	0.1	0.2	0.25	0.25
1163	0.1	0.2	0.25	0.25	0.25	0.2	0.15	0.25	0.15	0.25	0.25	0.25	0.25	0.2	0.2	0.25	0.1	0.15	0.15	0.2	0.2	0.25	0.2	0.25	0.25	0.25	0.2	0.25	0.25	0.25	0.2	0.25	0.25	0.2	0.2	0.25	0.25	0.25	0.25	0.25	0.25	0.25	0.25	0.2	0.2	0.25	0.25	0.1	0.2	0.25	0.25	0.2	0.1	0.2	0.1	0.2	0.1	0.2	0.2	0.25	0.2	0.2	0.2	0.1	0.15	0.25	0.2	0.25	0.2	0.25	0.15	0.1	0.15	0.25	0.2	0.2	0.25	0.2	0.25	0.15	0.25	0.25	0.25	0.25	0.25	0.2	0.2	0.2	0.25	0.25	0.25	0.2	0.15	0.25	0.05	0.25	0.2	0.2	0.25	0.25
1170	0.2	0.2	0.25	0.1	0.25	0.2	0.2	0.15	0.25	0.25	0.2	0.25	0.2	0.15	0.2	0.15	0.2	0.15	0.15	0.2	0.25	0.15	0.25	0.15	0.15	0.15	0.25	0.15	0.25	0.25	0.25	0.25	0.2	0.2	0.2	0.25	0.25	0.15	0.25	0.25	0.2	0.25	0.1	0.25	0.2	0.15	0.2	0.15	0.2	0.25	0.25	0.25	0.25	0.25	0.1	0.25	0.25	0.2	0.25	0.2	0.2	0.25	0.15	0.2	0.25	0.25	0.25	0.2	0.25	0.25	0.2	0.15	0.25	0.2	0.2	0.05	0.25	0.25	0.2	0.25	0.15	0.25	0.15	0.25	0.1	0.2	0.15	0.1	0.2	0.2	0.25	0.25	0.2	0.25	0.25	0.25	0.15	0.25	0.25	0.15
1171	0.1	0.1	0.2	0.2	0.25	0.25	0.25	0.2	0.25	0.2	0.25	0.15	0.2	0.05	0.2	0.2	0.25	0.2	0.15	0.1	0.25	0.2	0.2	0.25	0.25	0.25	0.15	0.25	0.15	0.2	0.25	0.2	0.2	0.1	0.1	0.25	0.1	0.25	0.2	0.2	0.1	0.2	0.2	0.2	0.25	0.25	0.15	0.25	0.05	0.25	0.25	0.25	0.2	0.2	0.25	0.25	0.25	0.2	0.2	0.1	0.1	0.25	0.15	0.2	0.25	0.25	0.25	0.2	0.25	0.2	0.25	0.25	0.25	0.2	0.2	0.2	0.2	0.2	0.15	0.25	0.25	0.25	0.1	0.1	0.25	0.2	0.2	0.25	0.25	0.25	0.25	0.15	0.1	0.25	0.25	0.15	0.25	0.25	0.25	0.25
1180	0.25	0.25	0.2	0.2	0.25	0.15	0.2	0.2	0.2	0.25	0.25	0.25	0.15	0.25	0.15	0.2	0.25	0.2	0.25	0.2	0.25	0.2	0.25	0.25	0.25	0.25	0.25	0.25	0.15	0.2	0.15	0.15	0.2	0.15	0.2	0.25	0.25	0.15	0.05	0.25	0.2	0.15	0.25	0.25	0.15	0.25	0.2	0.25	0.25	0.2	0.1	0.25	0.25	0.2	0.2	0.15	0.2	0.2	0.2	0.2	0.2	0.25	0.1	0.2	0.25	0.25	0.25	0.25	0.15	0.25	0.25	0.2	0.05	0.2	0.25	0.25	0.2	0.2	0.2	0.25	0.25	0.25	0.25	0.25	0.25	0.1	0.2	0.15	0.2	0.25	0.2	0.25	0.25	0.15	0.25	0.25	0.25	0.25	0.2	0.2
1183	0.25	0.25	0.25	0.25	0.25	0.25	0.25	0.25	0.25	0.2	0.25	0.25	0.1	0.25	0.2	0.2	0.25	0.25	0.2	0.2	0.2	0.25	0.25	0.2	0.25	0.25	0.2	0.2	0.2	0.2	0.2	0.25	0.2	0.25	0.15	0.25	0.25	0.2	0.25	0.25	0.1	0.2	0.15	0.25	0.2	0.2	0.25	0.2	0.25	0.2	0.25	0.25	0.2	0.05	0.2	0.2	0.25	0.25	0.2	0.2	0.2	0.2	0.25	0.25	0.15	0.25	0.2	0.2	0.25	0.2	0.15	0.25	0.2	0.25	0.2	0.25	0.25	0.25	0.2	0.25	0.25	0.15	0.2	0.25	0.25	0.25	0.25	0.2	0.15	0.25	0.05	0.25	0.15	0.15	0.2	0.15	0.2	0.25	0.15	0.2
1184	0.25	0.25	0.25	0.25	0.2	0.25	0.2	0.2	0.25	0.25	0.2	0.15	0.1	0.15	0.2	0.2	0.1	0.25	0.25	0.25	0.2	0.2	0.25	0.15	0.2	0.15	0.15	0.25	0.15	0.2	0.25	0.25	0.25	0.25	0.25	0.2	0.25	0.25	0.25	0.1	0.1	0.25	0.1	0.25	0.2	0.25	0.2	0.25	0.25	0.25	0.2	0.25	0.2	0.15	0.2	0.25	0.25	0.25	0.25	0.25	0.25	0.25	0.25	0.25	0.25	0.1	0.2	0.15	0.25	0.25	0.25	0.25	0.2	0.25	0.15	0.25	0.25	0.25	0.25	0.05	0.25	0.25	0.25	0.2	0.25	0.2	0.25	0.15	0.25	0.2	0.2	0.2	0.2	0.25	0.2	0.25	0.2	0.2	0.2	0.25
1186	0.25	0.25	0.25	0.25	0.2	0.2	0.25	0.25	0.25	0.2	0.1	0.25	0.25	0.25	0.25	0.2	0.2	0.2	0.25	0.15	0.2	0.25	0.2	0.2	0.25	0.15	0.2	0.25	0.25	0.25	0.2	0.25	0.15	0.1	0.15	0.25	0.1	0.1	0.25	0.15	0.25	0.1	0.15	0.15	0.1	0.2	0.25	0.25	0.25	0.1	0.25	0.25	0.25	0.15	0.25	0.2	0.25	0.25	0.25	0.25	0.2	0.2	0.15	0.25	0.1	0.2	0.15	0.25	0.25	0.2	0.25	0.1	0.25	0.25	0.1	0.25	0.15	0.25	0.2	0.2	0.2	0.2	0.25	0.25	0.25	0.25	0.15	0.25	0.25	0.25	0.25	0.25	0.15	0.25	0.25	0.25	0.25	0.15	0.2	0.2
1187	0.2	0.25	0.25	0.2	0.25	0.2	0.2	0.25	0.2	0.25	0.2	0.25	0.2	0.25	0.05	0.25	0.25	0.25	0.25	0.25	0.25	0.15	0.1	0.15	0.25	0.25	0.25	0.15	0.15	0.25	0.1	0.2	0.25	0.2	0.15	0.25	0.2	0.25	0.15	0.25	0.15	0.25	0.2	0.2	0.25	0.2	0.2	0.25	0.2	0.25	0.1	0.25	0.15	0.25	0.25	0.2	0.2	0.25	0.25	0.25	0.25	0.25	0.25	0.25	0.25	0.15	0.25	0.25	0.25	0.15	0.25	0.1	0.2	0.15	0.25	0.2	0.25	0.25	0.25	0.2	0.2	0.2	0.15	0.25	0.2	0.25	0.1	0.25	0.2	0.25	0.25	0.25	0.25	0.2	0.25	0.25	0.25	0.25	0.25	0.2
1191	0.2	0.25	0.2	0.25	0.2	0.1	0.25	0.25	0.25	0.2	0.2	0.25	0.25	0.2	0.25	0.15	0.25	0.2	0.25	0.25	0.25	0.15	0.2	0.2	0.2	0.2	0.25	0.25	0.25	0.25	0.25	0.25	0.25	0.25	0.25	0.25	0.25	0.25	0.25	0.2	0.25	0.25	0.25	0.2	0.15	0.25	0.25	0.25	0.25	0.25	0.2	0.25	0.1	0.25	0.2	0.2	0.2	0.25	0.1	0.15	0.2	0.15	0.05	0.25	0.25	0.25	0.15	0.25	0.1	0.1	0.15	0.2	0.25	0.15	0.25	0.2	0.25	0.25	0.25	0.25	0.25	0.1	0.2	0.2	0.25	0.2	0.15	0.25	0.2	0.2	0.2	0.25	0.25	0.15	0.15	0.2	0.2	0.2	0.25	0.15
1195	0.2	0.2	0.25	0.25	0.2	0.2	0.25	0.15	0.25	0.25	0.25	0.25	0.1	0.25	0.2	0.25	0.2	0.2	0.25	0.15	0.15	0.25	0.15	0.25	0.25	0.2	0.25	0.15	0.15	0.25	0.2	0.2	0.2	0.25	0.25	0.1	0.25	0.2	0.25	0.2	0.25	0.2	0.2	0.1	0.25	0.15	0.25	0.25	0.2	0.2	0.25	0.25	0.25	0.25	0.25	0.25	0.25	0.25	0.2	0.2	0.25	0.1	0.25	0.25	0.25	0.2	0.25	0.15	0.25	0.2	0.25	0.15	0.2	0.25	0.2	0.2	0.25	0.2	0.2	0.25	0.1	0.1	0.25	0.25	0.2	0.25	0.15	0.2	0.25	0.2	0.2	0.2	0.2	0.25	0.2	0.25	0.2	0.1	0.25	0.2
1198	0.25	0.25	0.2	0.2	0.25	0.2	0.2	0.25	0.15	0.2	0.25	0.25	0.15	0.1	0.25	0.25	0.15	0.2	0.25	0.2	0.2	0.2	0.15	0.15	0.2	0.25	0.25	0.25	0.2	0.2	0.15	0.25	0.2	0.2	0.25	0.25	0.2	0.2	0.2	0.15	0.2	0.25	0.25	0.1	0.2	0.25	0.25	0.2	0.25	0.25	0.2	0.25	0.25	0.2	0.1	0.2	0.25	0.25	0.1	0.2	0.25	0.25	0.2	0.2	0.2	0.25	0.25	0.25	0.2	0.25	0.1	0.2	0.15	0.25	0.2	0.2	0.15	0.2	0.1	0.2	0.1	0.25	0.25	0.15	0.15	0.2	0.25	0.25	0.1	0.25	0.2	0.15	0.25	0.25	0.2	0.15	0.2	0.1	0.2	0.1
1199	0.25	0.25	0.25	0.1	0.25	0.25	0.2	0.1	0.2	0.25	0.25	0.2	0.15	0.2	0.2	0.1	0.15	0.15	0.15	0.25	0.25	0.15	0.25	0.25	0.2	0.25	0.1	0.25	0.25	0.25	0.25	0.1	0.1	0.1	0.25	0.2	0.25	0.25	0.25	0.25	0.25	0.25	0.2	0.2	0.25	0.25	0.25	0.25	0.25	0.25	0.2	0.2	0.1	0.1	0.25	0.15	0.2	0.2	0.25	0.25	0.2	0.25	0.15	0.2	0.25	0.25	0.25	0.25	0.25	0.2	0.25	0.25	0.15	0.2	0.1	0.25	0.25	0.15	0.15	0.25	0.25	0.25	0.25	0.15	0.2	0.2	0.2	0.25	0.25	0.2	0.2	0.1	0.25	0.25	0.15	0.25	0.1	0.25	0.25	0.15
1200	NA	NA	NA	NA	NA	NA	NA	NA	NA	NA	NA	NA	NA	NA	NA	NA	NA	NA	NA	NA	NA	NA	NA	NA	NA	NA	NA	NA	NA	NA	NA	NA	NA	NA	NA	NA	NA	NA	NA	NA	NA	NA	NA	NA	NA	NA	NA	NA	NA	NA	NA	NA	NA	NA	NA	NA	NA	NA	NA	NA	NA	NA	NA	NA	NA	NA	NA	NA	NA	NA	NA	NA	NA	NA	NA	NA	NA	NA	NA	NA	NA	NA	NA	NA	NA	NA	NA	NA	NA	NA	NA	NA	NA	NA	NA	NA	NA	NA	NA	NA
1202	0.25	0.25	0.2	0.25	0.25	0.2	0.25	0.25	0.2	0.25	0.2	0.25	0.2	0.25	0.25	0.2	0.15	0.25	0.25	0.25	0.25	0.1	0.2	0.2	0.25	0.25	0.15	0.25	0.15	0.2	0.25	0.15	0.25	0.25	0.25	0.25	0.05	0.25	0.25	0.1	0.25	0.2	0.25	0.25	0.15	0.15	0.05	0.25	0.2	0.25	0.25	0.2	0.2	0.2	0.15	0.2	0.25	0.15	0.1	0.15	0.15	0.25	0.25	0.25	0.2	0.25	0.25	0.1	0.25	0.1	0.25	0.25	0.2	0.2	0.15	0.2	0.2	0.15	0.25	0.1	0.25	0.25	0.2	0.2	0.25	0.15	0.1	0.15	0.25	0.25	0.2	0.2	0.2	0.2	0.25	0.25	0.2	0.25	0.25	0.25
1203	0.25	0.2	0.25	0.15	0.2	0.15	0.2	0.25	0.25	0.15	0.2	0.25	0.2	0.2	0.2	0.15	0.25	0.1	0.2	0.25	0.25	0.2	0.2	0.25	0.2	0.25	0.15	0.25	0.25	0.25	0.1	0.25	0.25	0.25	0.25	0.1	0.15	0.25	0.25	0.25	0.2	0.2	0.2	0.2	0.25	0.25	0.25	0.25	0.2	0.15	0.15	0.25	0.25	0.2	0.2	0.1	0.2	0.25	0.2	0.2	0.1	0.25	0.2	0.25	0.25	0.25	0.25	0.25	0.25	0.15	0.2	0.25	0.15	0.1	0.2	0.2	0.2	0.25	0.15	0.1	0.25	0.25	0.2	0.25	0.2	0.25	0.2	0.2	0.05	0.25	0.25	0.25	0.25	0.25	0.25	0.25	0.25	0.15	0.1	0.2
1204	0.2	0.25	0.25	0.2	0.2	0.25	0.25	0.2	0.25	0.2	0.25	0.05	0.1	0.25	0.25	0.1	0.15	0.25	0.2	0.2	0.2	0.2	0.25	0.2	0.2	0.25	0.1	0.25	0.25	0.1	0.1	0.15	0.2	0.2	0.1	0.25	0.15	0.25	0.15	0.15	0.25	0.25	0.05	0.2	0.25	0.25	0.25	0.25	0.15	0.2	0.25	0.05	0.25	0.25	0.25	0.25	0.2	0.25	0.25	0.25	0.25	0.15	0.25	0.25	0.25	0.15	0.25	0.25	0.25	0.2	0.2	0.2	0.25	0.1	0.25	0.25	0.1	0.2	0.25	0.15	0.2	0.1	0.2	0.25	0.25	0.25	0.15	0.1	0.15	0.25	0.1	0.25	0.25	0.15	0.2	0.15	0.2	0.15	0.25	0.15
1205	0.15	0.2	0.25	0.25	0.2	0.1	0.15	0.15	0.25	0.25	0.2	0.25	0.2	0.2	0.25	0.2	0.25	0.25	0.1	0.25	0.25	0.2	0.15	0.25	0.2	0.15	0.2	0.25	0.15	0.2	0.25	0.1	0.15	0.25	0.25	0.2	0.25	0.25	0.05	0.25	0.15	0.25	0.2	0.2	0.15	0.1	0.2	0.25	0.2	0.25	0.25	0.25	0.25	0.15	0.15	0.25	0.15	0.1	0.25	0.25	0.25	0.1	0.2	0.25	0.2	0.25	0.25	0.25	0.25	0.15	0.2	0.25	0.25	0.25	0.2	0.25	0.15	0.2	0.2	0.2	0.15	0.15	0.2	0.2	0.25	0.2	0.25	0.25	0.15	0.25	0.25	0.25	0.15	0.25	0.2	0.2	0.15	0.25	0.25	0.15
1206	0.25	0.25	0.1	0.15	0.25	0.25	0.25	0.25	0.15	0.25	0.25	0.2	0.25	0.2	0.2	0.2	0.15	0.25	0.15	0.1	0.25	0.2	0.15	0.1	0.25	0.25	0.2	0.25	0.2	0.15	0.2	0.25	0.1	0.25	0.25	0.2	0.1	0.2	0.2	0.25	0.25	0.25	0.25	0.2	0.2	0.2	0.2	0.25	0.15	0.25	0.2	0.15	0.15	0.25	0.2	0.15	0.2	0.25	0.25	0.2	0.25	0.2	0.25	0.25	0.25	0.2	0.2	0.2	0.25	0.25	0.2	0.25	0.25	0.25	0.2	0.25	0.15	0.25	0.2	0.15	0.25	0.2	0.2	0.2	0.2	0.15	0.2	0.2	0.1	0.2	0.25	0.2	0.25	0.15	0.15	0.2	0.2	0.25	0.2	0.25
1208	0.25	0.25	0.25	0.1	0.15	0.25	0.2	0.2	0.25	0.25	0.2	0.25	0.15	0.25	0.2	0.2	0.15	0.2	0.2	0.25	0.2	0.25	0.25	0.2	0.25	0.2	0.2	0.2	0.2	0.2	0.25	0.25	0.25	0.05	0.2	0.25	0.2	0.25	0.25	0.2	0.1	0.25	0.1	0.25	0.25	0.25	0.15	0.25	0.25	0.2	0.15	0.25	0.25	0.2	0.1	0.25	0.2	0.1	0.2	0.25	0.15	0.15	0.2	0.25	0.2	0.25	0.2	0.2	0.2	0.15	0.2	0.25	0.25	0.15	0.2	0.2	0.25	0.25	0.25	0.2	0.25	0.1	0.25	0.1	0.2	0.25	0.1	0.2	0.25	0.25	0.2	0.15	0.25	0.2	0.25	0.1	0.05	0.2	0.25	0.25
1210	0.2	0.25	0.25	0.25	0.25	0.2	0.15	0.15	0.25	0.25	0.1	0.25	0.2	0.15	0.2	0.1	0.2	0.05	0.25	0.15	0.15	0.2	0.25	0.25	0.2	0.2	0.2	0.25	0.15	0.2	0.25	0.25	0.15	0.15	0.25	0.2	0.15	0.15	0.25	0.2	0.15	0.15	0.25	0.25	0.1	0.2	0.25	0.25	0.25	0.25	0.2	0.05	0.2	0.25	0.25	0.25	0.25	0.25	0.2	0.15	0.25	0.15	0.25	0.1	0.2	0.05	0.25	0.2	0.15	0.15	0.25	0.2	0.25	0.2	0.2	0.2	0.2	0.05	0.25	0.25	0.25	0.25	0.25	0.25	0.25	0.25	0.25	0.25	0.25	0.25	0.25	0.25	0.2	0.15	0.2	0.25	0.25	0.2	0.1	0.25
1211	0.15	0.25	0.15	0.25	0.25	0.2	0.05	0.2	0.1	0.25	0.2	0.25	0.25	0.25	0.15	0.2	0.15	0.25	0.15	0.05	0.2	0.25	0.25	0.1	0.25	0.25	0.25	0.2	0.15	0.25	0.25	0.15	0.25	0.2	0.2	0.25	0.15	0.25	0.25	0.25	0.15	0.2	0.15	0.2	0.25	0.25	0.2	0.25	0.25	0.2	0.25	0.1	0.25	0.15	0.2	0.25	0.1	0.2	0.25	0.2	0.2	0.15	0.25	0.25	0.15	0.25	0.2	0.2	0.25	0.25	0.2	0.15	0.25	0.25	0.25	0.2	0.2	0.15	0.2	0.2	0.25	0.25	0.2	0.2	0.15	0.25	0.1	0.25	0.2	0.15	0.25	0.2	0.2	0.2	0.15	0.25	0.2	0.2	0.25	0.2
1212	0.25	0.2	0.1	0.2	0.2	0.15	0.1	0.1	0.25	0.25	0.25	0.2	0.2	0.25	0.25	0.1	0.25	0.25	0.2	0.2	0.25	0.25	0.2	0.2	0.25	0.1	0.25	0.25	0.2	0.15	0.25	0.2	0.25	0.2	0.25	0.2	0.2	0.2	0.15	0.15	0.2	0.25	0.15	0.25	0.2	0.25	0.15	0.2	0.25	0.25	0.15	0.25	0.25	0.25	0.25	0.1	0.2	0.25	0.25	0.25	0.25	0.2	0.25	0.2	0.2	0.25	0.15	0.1	0.1	0.2	0.2	0.2	0.25	0.15	0.15	0.25	0.25	0.2	0.2	0.2	0.25	0.05	0.25	0.25	0.2	0.2	0.2	0.1	0.2	0.25	0.2	0.25	0.15	0.25	0.25	0.2	0.25	0.25	0.25	0.2
1214	0.25	0.25	0.25	0.25	0.2	0.15	0.25	0.15	0.2	0.25	0.2	0.25	0.2	0.2	0.25	0.2	0.2	0.25	0.2	0.25	0.25	0.25	0.25	0.2	0.2	0.2	0.15	0.2	0.25	0.25	0.25	0.25	0.2	0.2	0.25	0.2	0.2	0.05	0.1	0.2	0.25	0.25	0.2	0.15	0.2	0.25	0.2	0.2	0.2	0.2	0.1	0.25	0.25	0.25	0.15	0.1	0.1	0.15	0.25	0.15	0.2	0.25	0.2	0.2	0.25	0.25	0.25	0.2	0.25	0.15	0.2	0.25	0.25	0.2	0.25	0.25	0.2	0.25	0.25	0.1	0.25	0.25	0.1	0.1	0.25	0.1	0.2	0.2	0.2	0.15	0.2	0.25	0.25	0.1	0.2	0.15	0.25	0.25	0.25	0.2
1215	0.25	0.25	0.25	0.15	0.1	0.2	0.25	0.1	0.1	0.25	0.25	0.2	0.25	0.25	0.25	0.2	0.25	0.25	0.15	0.2	0.25	0.2	0.25	0.2	0.2	0.25	0.05	0.2	0.25	0.2	0.25	0.2	0.25	0.2	0.15	0.2	0.25	0.25	0.2	0.25	0.25	0.25	0.25	0.25	0.2	0.2	0.2	0.25	0.2	0.15	0.2	0.2	0.2	0.25	0.2	0.25	0.2	0.1	0.2	0.25	0.25	0.25	0.25	0.25	0.25	0.2	0.25	0.25	0.2	0.25	0.25	0.2	0.25	0.1	0.2	0.15	0.1	0.25	0.05	0.15	0.1	0.25	0.25	0.2	0.25	0.2	0.1	0.25	0.15	0.25	0.25	0.25	0.25	0.1	0.2	0.25	0.25	0.25	0.25	0.2
1220	0.15	0.15	0.25	0.2	0.25	0.15	0.2	0.25	0.1	0.2	0.25	0.2	0.25	0.25	0.2	0.25	0.1	0.2	0.2	0.25	0.25	0.1	0.25	0.25	0.2	0.25	0.1	0.15	0.2	0.25	0.25	0.15	0.2	0.25	0.25	0.15	0.2	0.2	0.25	0.1	0.2	0.1	0.25	0.2	0.2	0.2	0.15	0.2	0.15	0.25	0.25	0.15	0.25	0.2	0.25	0.15	0.2	0.2	0.2	0.25	0.25	0.15	0.2	0.25	0.15	0.1	0.2	0.2	0.25	0.1	0.2	0.25	0.25	0.25	0.15	0.25	0.25	0.25	0.25	0.2	0.25	0.25	0.1	0.25	0.25	0.25	0.25	0.25	0.25	0.2	0.25	0.25	0.1	0.15	0.25	0.25	0.25	0.2	0.25	0.25
1221	0.25	0.15	0.2	0.2	0.25	0.25	0.15	0.25	0.2	0.1	0.25	0.25	0.25	0.25	0.2	0.25	0.25	0.25	0.25	0.2	0.25	0.25	0.25	0.2	0.2	0.25	0.25	0.2	0.25	0.2	0.25	0.25	0.05	0.25	0.2	0.1	0.25	0.25	0.15	0.2	0.2	0.15	0.25	0.2	0.25	0.2	0.25	0.25	0.25	0.25	0.25	0.2	0.25	0.2	0.15	0.25	0.2	0.2	0.15	0.2	0.15	0.25	0.15	0.15	0.25	0.2	0.25	0.15	0.25	0.25	0.1	0.2	0.2	0.2	0.25	0.2	0.25	0.25	0.2	0.25	0.25	0.25	0.15	0.2	0.2	0.2	0.25	0.15	0.2	0.25	0.15	0.2	0.15	0.25	0.25	0.2	0.2	0.25	0.2	0.25
1222	0.15	0.25	0.2	0.25	0.15	0.1	0.15	0.25	0.25	0.1	0.25	0.15	0.1	0.2	0.25	0.25	0.15	0.15	0.2	0.25	0.15	0.25	0.15	0.25	0.2	0.1	0.25	0.25	0.25	0.25	0.25	0.05	0.25	0.15	0.2	0.1	0.25	0.15	0.15	0.15	0.25	0.15	0.25	0.25	0.25	0.15	0.25	0.1	0.15	0.25	0.25	0.2	0.15	0.2	0.25	0.25	0.25	0.15	0.2	0.1	0.25	0.25	0.2	0.25	0.15	0.25	0.2	0.2	0.2	0.2	0.25	0.2	0.2	0.25	0.1	0.15	0.25	0.25	0.15	0.25	0.15	0.25	0.2	0.2	0.2	0.25	0.25	0.25	0.25	0.2	0.25	0.25	0.1	0.25	0.25	0.25	0.25	0.2	0.2	0.2
1225	0.25	0.25	0.2	0.25	0.2	0.25	0.25	0.25	0.25	0.15	0.2	0.1	0.25	0.25	0.1	0.15	0.25	0.25	0.2	0.25	0.1	0.25	0.2	0.25	0.25	0.25	0.1	0.2	0.2	0.2	0.25	0.25	0.25	0.2	0.25	0.2	0.25	0.25	0.1	0.1	0.15	0.25	0.25	0.25	0.25	0.25	0.25	0.25	0.25	0.25	0.25	0.25	0.25	0.15	0.25	0.2	0.2	0.05	0.2	0.2	0.25	0.15	0.1	0.1	0.2	0.2	0.25	0.15	0.15	0.25	0.25	0.25	0.2	0.15	0.25	0.2	0.2	0.25	0.25	0.2	0.25	0.2	0.2	0.25	0.15	0.25	0.25	0.2	0.1	0.25	0.25	0.15	0.2	0.25	0.25	0.1	0.2	0.25	0.25	0.2
1227	0.25	0.25	0.25	0.25	0.2	0.25	0.25	0.25	0.25	0.25	0.2	0.25	0.15	0.2	0.25	0.25	0.25	0.15	0.25	0.25	0.25	0.25	0.2	0.25	0.2	0.2	0.25	0.1	0.25	0.25	0.25	0.25	0.25	0.25	0.1	0.25	0.2	0.2	0.2	0.15	0.15	0.25	0.2	0.25	0.25	0.15	0.2	0.25	0.25	0.2	0.15	0.15	0.1	0.25	0.25	0.25	0.25	0.2	0.2	0.25	0.25	0.25	0.15	0.25	0.25	0.1	0.1	0.25	0.25	0.25	0.2	0.25	0.05	0.25	0.25	0.25	0.15	0.25	0.25	0.2	0.25	0.25	0.25	0.25	0.25	0.25	0.25	0.15	0.25	0.25	0.25	0.25	0.25	0.15	0.25	0.15	0.2	0.25	0.15	0.2
1232	0.25	0.25	0.15	0.1	0.25	0.25	0.2	0.2	0.25	0.2	0.25	0.2	0.15	0.25	0.2	0.1	0.2	0.2	0.2	0.2	0.2	0.25	0.25	0.1	0.25	0.1	0.2	0.15	0.25	0.2	0.25	0.25	0.25	0.2	0.25	0.15	0.25	0.25	0.2	0.25	0.25	0.25	0.25	0.2	0.25	0.2	0.25	0.1	0.2	0.2	0.25	0.25	0.25	0.25	0.25	0.15	0.2	0.25	0.25	0.25	0.2	0.15	0.1	0.25	0.2	0.25	0.2	0.25	0.25	0.15	0.2	0.25	0.25	0.2	0.2	0.15	0.25	0.15	0.25	0.2	0.2	0.15	0.05	0.2	0.25	0.25	0.25	0.25	0.25	0.1	0.25	0.25	0.25	0.25	0.2	0.25	0.25	0.2	0.25	0.25
1235	0.25	0.15	0.25	0.25	0.25	0.2	0.25	0.25	0.2	0.15	0.25	0.2	0.25	0.25	0.1	0.15	0.25	0.25	0.1	0.2	0.2	0.25	0.2	0.25	0.25	0.2	0.15	0.15	0.2	0.25	0.15	0.2	0.15	0.25	0.25	0.2	0.2	0.25	0.25	0.2	0.25	0.25	0.15	0.15	0.25	0.2	0.2	0.1	0.2	0.2	0.2	0.2	0.15	0.2	0.2	0.2	0.25	0.25	0.25	0.2	0.15	0.2	0.1	0.2	0.2	0.15	0.25	0.25	0.2	0.2	0.2	0.25	0.2	0.25	0.25	0.2	0.15	0.2	0.2	0.2	0.2	0.25	0.2	0.25	0.25	0.25	0.25	0.25	0.25	0.25	0.15	0.25	0.25	0.2	0.1	0.1	0.25	0.2	0.25	0.25
1237	0.25	0.15	0.15	0.2	0.1	0.2	0.1	0.25	0.2	0.25	0.2	0.2	0.25	0.2	0.2	0.25	0.1	0.25	0.25	0.25	0.2	0.1	0.1	0.2	0.25	0.2	0.2	0.1	0.2	0.15	0.25	0.25	0.25	0.25	0.1	0.25	0.2	0.25	0.15	0.1	0.25	0.2	0.1	0.15	0.2	0.25	0.25	0.05	0.2	0.2	0.25	0.25	0.15	0.25	0.25	0.15	0.15	0.2	0.15	0.1	0.25	0.2	0.2	0.15	0.25	0.25	0.25	0.25	0.2	0.25	0.25	0.2	0.15	0.25	0.25	0.25	0.2	0.25	0.25	0.15	0.25	0.2	0.2	0.25	0.25	0.25	0.2	0.2	0.25	0.25	0.25	0.25	0.25	0.2	0.25	0.15	0.2	0.2	0.15	0.25
1248	0.25	0.1	0.25	0.15	0.25	0.2	0.25	0.25	0.2	0.25	0.25	0.15	0.2	0.15	0.2	0.25	0.15	0.25	0.2	0.2	0.2	0.2	0.2	0.25	0.25	0.15	0.25	0.25	0.2	0.25	0.25	0.2	0.25	0.2	0.2	0.25	0.15	0.15	0.25	0.25	0.1	0.2	0.25	0.25	0.1	0.1	0.25	0.25	0.2	0.1	0.25	0.25	0.15	0.25	0.2	0.2	0.25	0.2	0.25	0.15	0.15	0.25	0.2	0.25	0.25	0.25	0.25	0.25	0.2	0.25	0.25	0.1	0.2	0.25	0.15	0.25	0.25	0.25	0.15	0.25	0.25	0.25	0.25	0.2	0.25	0.25	0.25	0.25	0.2	0.25	0.25	0.25	0.1	0.15	0.2	0.2	0.25	0.1	0.15	0.15
1264	0.15	0.2	0.1	0.2	0.15	0.25	0.05	0.25	0.2	0.25	0.2	0.25	0.25	0.2	0.25	0.25	0.2	0.25	0.25	0.2	0.2	0.25	0.2	0.25	0.15	0.25	0.25	0.25	0.25	0.25	0.15	0.2	0.25	0.15	0.25	0.15	0.2	0.25	0.2	0.25	0.25	0.2	0.25	0.15	0.25	0.1	0.2	0.25	0.25	0.25	0.25	0.25	0.15	0.25	0.2	0.25	0.05	0.2	0.1	0.2	0.25	0.25	0.25	0.15	0.1	0.2	0.2	0.25	0.2	0.25	0.2	0.15	0.25	0.25	0.15	0.25	0.1	0.25	0.15	0.25	0.25	0.25	0.1	0.2	0.25	0.2	0.1	0.25	0.25	0.2	0.15	0.15	0.1	0.25	0.2	0.2	0.2	0.15	0.25	0.25
1280	0.15	0.2	0.15	0.2	0.15	0.2	0.25	0.25	0.15	0.25	0.25	0.2	0.2	0.25	0.2	0.25	0.25	0.2	0.2	0.25	0.25	0.25	0.25	0.2	0.05	0.2	0.25	0.25	0.2	0.25	0.2	0.25	0.25	0.25	0.2	0.25	0.25	0.2	0.2	0.2	0.2	0.25	0.25	0.25	0.25	0.15	0.25	0.1	0.25	0.25	0.2	0.25	0.25	0.25	0.25	0.25	0.15	0.25	0.15	0.25	0.25	0.2	0.2	0.25	0.25	0.15	0.25	0.25	0.2	0.2	0.2	0.25	0.25	0.25	0.2	0.2	0.25	0.25	0.25	0.25	0.25	0.2	0.25	0.25	0.2	0.25	0.25	0.2	0.2	0.2	0.25	0.2	0.25	0.25	0.25	0.25	0.15	0.15	0.25	0.25
1289	0.25	0.25	0.15	0.2	0.25	0.25	0.25	0.25	0.25	0.15	0.25	0.15	0.2	0.25	0.25	0.25	0.25	0.25	0.25	0.25	0.25	0.2	0.2	0.2	0.15	0.2	0.2	0.25	0.25	0.2	0.15	0.25	0.15	0.25	0.15	0.15	0.1	0.1	0.1	0.25	0.15	0.25	0.1	0.25	0.15	0.1	0.25	0.15	0.25	0.2	0.15	0.25	0.25	0.25	0.25	0.2	0.25	0.25	0.15	0.25	0.25	0.15	0.25	0.25	0.25	0.15	0.2	0.2	0.15	0.25	0.1	0.2	0.2	0.25	0.2	0.15	0.15	0.2	0.25	0.2	0.1	0.15	0.2	0.25	0.25	0.2	0.25	0.2	0.25	0.25	0.2	0.25	0.2	0.25	0.15	0.25	0.25	0.05	0.25	0.1
1302	0.25	0.2	0.25	0.25	0.15	0.2	0.15	0.25	0.1	0.2	0.25	0.15	0.2	0.25	0.25	0.25	0.2	0.25	0.2	0.2	0.2	0.2	0.25	0.2	0.2	0.1	0.15	0.2	0.2	0.2	0.25	0.25	0.25	0.15	0.25	0.1	0.25	0.25	0.2	0.2	0.1	0.25	0.15	0.2	0.15	0.2	0.25	0.2	0.2	0.25	0.25	0.25	0.25	0.2	0.25	0.25	0.2	0.2	0.2	0.1	0.25	0.15	0.15	0.15	0.25	0.1	0.2	0.1	0.25	0.25	0.2	0.1	0.25	0.25	0.25	0.25	0.25	0.2	0.2	0.25	0.25	0.25	0.2	0.25	0.15	0.25	0.25	0.25	0.25	0.2	0.2	0.1	0.25	0.05	0.25	0.2	0.25	0.15	0.25	0.25
1308	0.25	0.2	0.2	0.25	0.15	0.2	0.25	0.25	0.1	0.2	0.25	0.15	0.25	0.15	0.2	0.25	0.25	0.25	0.25	0.15	0.25	0.25	0.15	0.1	0.1	0.25	0.2	0.2	0.15	0.25	0.2	0.25	0.25	0.25	0.25	0.15	0.25	0.1	0.2	0.2	0.2	0.1	0.2	0.25	0.05	0.2	0.25	0.2	0.25	0.2	0.2	0.25	0.15	0.2	0.25	0.2	0.25	0.25	0.25	0.25	0.15	0.25	0.25	0.15	0.15	0.2	0.2	0.2	0.2	0.25	0.25	0.2	0.2	0.1	0.25	0.2	0.2	0.25	0.15	0.25	0.25	0.25	0.2	0.2	0.15	0.25	0.15	0.25	0.1	0.2	0.25	0.25	0.1	0.2	0.25	0.2	0.25	0.2	0.2	0.25
1320	0.25	0.15	0.2	0.25	0.25	0.25	0.25	0.25	0.1	0.2	0.25	0.25	0.2	0.25	0.1	0.25	0.15	0.2	0.1	0.2	0.25	0.2	0.25	0.25	0.25	0.2	0.15	0.1	0.25	0.25	0.15	0.25	0.25	0.15	0.2	0.15	0.1	0.1	0.25	0.15	0.25	0.2	0.25	0.25	0.25	0.2	0.2	0.15	0.25	0.2	0.25	0.2	0.25	0.2	0.25	0.25	0.1	0.2	0.25	0.25	0.15	0.25	0.25	0.2	0.2	0.25	0.25	0.1	0.2	0.15	0.25	0.25	0.25	0.2	0.2	0.25	0.2	0.2	0.25	0.2	0.2	0.2	0.25	0.25	0.2	0.2	0.2	0.2	0.25	0.15	0.2	0.1	0.25	0.25	0.1	0.25	0.2	0.25	0.25	0.1
1325	0.15	0.2	0.2	0.2	0.25	0.2	0.2	0.25	0.25	0.05	0.2	0.25	0.15	0.25	0.2	0.25	0.25	0.2	0.15	0.25	0.25	0.2	0.15	0.2	0.05	0.2	0.25	0.2	0.25	0.15	0.25	0.2	0.25	0.25	0.1	0.25	0.25	0.25	0.2	0.25	0.15	0.2	0.25	0.25	0.2	0.15	0.2	0.2	0.2	0.25	0.25	0.25	0.15	0.25	0.25	0.15	0.25	0.25	0.2	0.25	0.1	0.1	0.25	0.15	0.25	0.15	0.25	0.25	0.2	0.25	0.2	0.05	0.25	0.15	0.2	0.2	0.25	0.25	0.2	0.25	0.2	0.25	0.15	0.2	0.15	0.15	0.05	0.25	0.25	0.2	0.25	0.2	0.2	0.25	0.15	0.25	0.25	0.2	0.1	0.1
1335	0.2	0.2	0.25	0.25	0.2	0.25	0.15	0.1	0.25	0.2	0.25	0.25	0.25	0.25	0.25	0.15	0.25	0.25	0.25	0.25	0.2	0.2	0.25	0.2	0.25	0.1	0.25	0.2	0.25	0.25	0.15	0.2	0.25	0.15	0.2	0.25	0.2	0.15	0.25	0.25	0.2	0.2	0.2	0.25	0.25	0.1	0.2	0.2	0.15	0.2	0.25	0.25	0.25	0.25	0.2	0.25	0.25	0.25	0.25	0.15	0.25	0.2	0.25	0.25	0.25	0.15	0.1	0.2	0.1	0.2	0.2	0.2	0.1	0.2	0.25	0.25	0.25	0.2	0.2	0.25	0.2	0.25	0.25	0.25	0.05	0.25	0.15	0.25	0.2	0.1	0.2	0.25	0.25	0.25	0.15	0.15	0.25	0.25	0.15	0.25
1336	0.2	0.2	0.25	0.25	0.2	0.1	0.2	0.25	0.25	0.2	0.1	0.25	0.25	0.25	0.15	0.2	0.1	0.25	0.05	0.25	0.25	0.15	0.25	0.25	0.2	0.2	0.25	0.25	0.1	0.25	0.25	0.2	0.25	0.25	0.15	0.25	0.1	0.25	0.25	0.2	0.15	0.2	0.2	0.15	0.25	0.2	0.2	0.25	0.25	0.2	0.25	0.2	0.2	0.2	0.25	0.25	0.25	0.2	0.2	0.25	0.25	0.2	0.2	0.2	0.25	0.25	0.25	0.2	0.15	0.25	0.25	0.2	0.25	0.2	0.25	0.15	0.2	0.25	0.2	0.25	0.25	0.25	0.25	0.25	0.25	0.25	0.05	0.2	0.25	0.1	0.25	0.25	0.25	0.2	0.25	0.25	0.2	0.15	0.2	0.25
1357	0.05	0.1	0.25	0.2	0.25	0.25	0.15	0.2	0.25	0.1	0.25	0.25	0.25	0.2	0.25	0.2	0.2	0.25	0.15	0.2	0.25	0.15	0.2	0.2	0.2	0.25	0.2	0.25	0.2	0.15	0.2	0.25	0.25	0.15	0.25	0.25	0.2	0.25	0.15	0.15	0.25	0.15	0.2	0.2	0.25	0.25	0.2	0.2	0.25	0.15	0.25	0.25	0.25	0.25	0.15	0.2	0.25	0.2	0.15	0.25	0.05	0.25	0.25	0.15	0.2	0.25	0.2	0.25	0.2	0.15	0.2	0.15	0.25	0.2	0.25	0.1	0.25	0.25	0.2	0.2	0.25	0.25	0.2	0.2	0.25	0.25	0.25	0.25	0.25	0.2	0.15	0.25	0.25	0.25	0.15	0.2	0.15	0.1	0.1	0.15
1379	0.25	0.25	0.25	0.15	0.15	0.25	0.25	0.2	0.25	0.25	0.25	0.15	0.25	0.25	0.25	0.15	0.2	0.25	0.2	0.25	0.2	0.15	0.2	0.25	0.2	0.2	0.25	0.2	0.25	0.2	0.25	0.15	0.25	0.1	0.1	0.15	0.25	0.2	0.2	0.25	0.25	0.2	0.15	0.25	0.15	0.25	0.25	0.15	0.2	0.25	0.1	0.15	0.15	0.25	0.2	0.2	0.1	0.25	0.15	0.2	0.25	0.25	0.15	0.2	0.25	0.15	0.25	0.25	0.25	0.25	0.2	0.25	0.25	0.25	0.25	0.25	0.25	0.1	0.2	0.25	0.25	0.25	0.25	0.2	0.2	0.2	0.25	0.25	0.15	0.25	0.25	0.25	0.2	0.25	0.25	0.15	0.2	0.2	0.25	0.15
1389	0.2	0.25	0.1	0.25	0.15	0.25	0.2	0.15	0.25	0.25	0.2	0.2	0.25	0.1	0.25	0.25	0.25	0.2	0.25	0.2	0.25	0.25	0.25	0.1	0.25	0.25	0.2	0.2	0.2	0.2	0.25	0.25	0.25	0.2	0.2	0.25	0.25	0.25	0.2	0.25	0.25	0.25	0.25	0.25	0.2	0.25	0.25	0.2	0.1	0.1	0.2	0.25	0.15	0.05	0.25	0.25	0.25	0.25	0.15	0.25	0.25	0.2	0.25	0.2	0.25	0.2	0.1	0.15	0.15	0.2	0.25	0.25	0.25	0.25	0.2	0.25	0.15	0.2	0.25	0.25	0.15	0.1	0.25	0.25	0.15	0.25	0.15	0.2	0.25	0.15	0.15	0.25	0.2	0.2	0.25	0.25	0.15	0.15	0.05	0.15
1397	0.2	0.1	0.2	0.25	0.25	0.15	0.25	0.25	0.25	0.25	0.2	0.2	0.15	0.25	0.15	0.25	0.2	0.2	0.2	0.15	0.2	0.25	0.25	0.2	0.2	0.25	0.2	0.2	0.25	0.15	0.25	0.2	0.05	0.25	0.05	0.2	0.2	0.25	0.2	0.25	0.25	0.25	0.2	0.25	0.25	0.25	0.25	0.25	0.15	0.2	0.1	0.25	0.2	0.25	0.25	0.15	0.25	0.25	0.25	0.2	0.2	0.25	0.2	0.25	0.2	0.15	0.25	0.25	0.2	0.2	0.25	0.25	0.2	0.2	0.25	0.25	0.1	0.2	0.15	0.2	0.1	0.2	0.25	0.25	0.25	0.2	0.25	0.25	0.25	0.15	0.2	0.25	0.25	0.1	0.15	0.2	0.25	0.15	0.25	0.25
1415	0.2	0.25	0.25	0.25	0.25	0.1	0.15	0.15	0.25	0.25	0.2	0.2	0.2	0.25	0.2	0.15	0.2	0.25	0.25	0.25	0.25	0.25	0.2	0.25	0.2	0.25	0.2	0.25	0.25	0.1	0.2	0.2	0.25	0.25	0.25	0.25	0.25	0.25	0.2	0.15	0.2	0.25	0.25	0.25	0.2	0.15	0.25	0.25	0.1	0.25	0.25	0.25	0.25	0.25	0.15	0.25	0.15	0.15	0.25	0.25	0.1	0.25	0.25	0.25	0.25	0.1	0.2	0.2	0.1	0.2	0.25	0.25	0.2	0.15	0.2	0.25	0.25	0.15	0.2	0.25	0.15	0.15	0.2	0.2	0.1	0.25	0.15	0.2	0.25	0.2	0.1	0.15	0.25	0.15	0.2	0.2	0.2	0.2	0.2	0.2
1416	0.25	0.15	0.25	0.2	0.2	0.1	0.25	0.25	0.2	0.15	0.2	0.15	0.25	0.2	0.25	0.25	0.2	0.25	0.15	0.25	0.25	0.25	0.2	0.25	0.25	0.2	0.2	0.25	0.2	0.25	0.25	0.2	0.25	0.15	0.25	0.25	0.25	0.25	0.25	0.05	0.25	0.2	0.2	0.15	0.2	0.25	0.1	0.25	0.2	0.2	0.2	0.15	0.2	0.15	0.1	0.25	0.25	0.25	0.25	0.25	0.25	0.25	0.25	0.15	0.2	0.25	0.15	0.2	0.2	0.25	0.2	0.2	0.25	0.25	0.2	0.2	0.25	0.1	0.25	0.25	0.1	0.25	0.25	0.2	0.25	0.25	0.25	0.25	0.2	0.15	0.15	0.1	0.25	0.15	0.2	0.25	0.2	0.25	0.2	0.25
1456	0.25	0.25	0.2	0.2	0.25	0.25	0.15	0.25	0.2	0.25	0.05	0.15	0.25	0.2	0.2	0.1	0.2	0.25	0.2	0.25	0.2	0.2	0.25	0.25	0.25	0.25	0.25	0.2	0.2	0.15	0.25	0.25	0.25	0.25	0.25	0.15	0.15	0.15	0.2	0.2	0.25	0.15	0.1	0.25	0.25	0.25	0.25	0.1	0.2	0.15	0.25	0.2	0.25	0.25	0.25	0.25	0.25	0.15	0.2	0.25	0.2	0.25	0.25	0.1	0.2	0.25	0.05	0.25	0.2	0.25	0.1	0.25	0.25	0.25	0.25	0.2	0.2	0.15	0.25	0.25	0.25	0.2	0.2	0.2	0.25	0.25	0.25	0.2	0.25	0.25	0.25	0.1	0.2	0.25	0.25	0.1	0.25	0.1	0.25	0.25
1462	0.15	0.25	0.2	0.15	0.05	0.25	0.25	0.2	0.25	0.25	0.25	0.25	0.2	0.2	0.25	0.1	0.25	0.2	0.25	0.2	0.2	0.2	0.2	0.25	0.15	0.25	0.15	0.25	0.25	0.15	0.2	0.15	0.2	0.25	0.15	0.2	0.25	0.25	0.2	0.25	0.2	0.25	0.25	0.15	0.2	0.25	0.25	0.25	0.25	0.1	0.25	0.2	0.2	0.2	0.2	0.25	0.15	0.2	0.25	0.25	0.2	0.15	0.15	0.25	0.2	0.2	0.15	0.25	0.15	0.25	0.2	0.2	0.15	0.25	0.25	0.2	0.2	0.2	0.25	0.1	0.15	0.2	0.1	0.25	0.2	0.25	0.2	0.2	0.1	0.15	0.2	0.25	0.15	0.2	0.25	0.25	0.1	0.2	0.25	0.2
1463	0.25	0.25	0.2	0.2	0.15	0.25	0.25	0.25	0.2	0.2	0.2	0.25	0.15	0.2	0.2	0.25	0.25	0.25	0.25	0.25	0.15	0.2	0.2	0.25	0.25	0.25	0.25	0.25	0.25	0.2	0.2	0.25	0.15	0.15	0.25	0.25	0.25	0.1	0.2	0.2	0.25	0.25	0.2	0.2	0.25	0.2	0.25	0.25	0.1	0.2	0.2	0.2	0.2	0.25	0.2	0.05	0.2	0.25	0.25	0.25	0.25	0.25	0.25	0.2	0.25	0.2	0.25	0.15	0.2	0.25	0.15	0.25	0.2	0.25	0.25	0.2	0.2	0.2	0.15	0.2	0.2	0.15	0.25	0.2	0.2	0.25	0.25	0.2	0.25	0.25	0.25	0.25	0.2	0.25	0.2	0.2	0.15	0.1	0.25	0.25
1464	0.2	0.25	0.15	0.25	0.25	0.25	0.25	0.2	0.1	0.25	0.25	0.1	0.15	0.25	0.25	0.25	0.25	0.25	0.2	0.2	0.25	0.25	0.15	0.1	0.2	0.2	0.25	0.25	0.25	0.15	0.2	0.25	0.25	0.25	0.2	0.25	0.25	0.25	0.25	0.25	0.15	0.25	0.2	0.25	0.1	0.25	0.25	0.25	0.15	0.15	0.2	0.2	0.15	0.25	0.2	0.25	0.25	0.1	0.25	0.25	0.25	0.2	0.15	0.1	0.2	0.25	0.2	0.25	0.25	0.2	0.25	0.2	0.25	0.05	0.25	0.15	0.25	0.25	0.15	0.2	0.2	0.05	0.25	0.25	0.2	0.25	0.25	0.05	0.25	0.25	0.25	0.25	0.2	0.25	0.15	0.25	0.25	0.2	0.2	0.2
1467	0.25	0.25	0.25	0.25	0.2	0.1	0.1	0.2	0.05	0.15	0.25	0.15	0.2	0.25	0.1	0.2	0.25	0.2	0.25	0.1	0.25	0.25	0.25	0.2	0.25	0.25	0.15	0.25	0.25	0.2	0.25	0.25	0.2	0.2	0.25	0.2	0.25	0.2	0.2	0.2	0.25	0.1	0.2	0.25	0.25	0.15	0.25	0.15	0.2	0.25	0.15	0.25	0.25	0.25	0.2	0.25	0.15	0.25	0.25	0.25	0.2	0.2	0.25	0.2	0.25	0.15	0.1	0.25	0.2	0.2	0.15	0.25	0.15	0.2	0.25	0.25	0.2	0.15	0.25	0.25	0.15	0.25	0.15	0.15	0.1	0.25	0.25	0.2	0.25	0.1	0.15	0.15	0.2	0.2	0.2	0.15	0.2	0.25	0.2	0.15
1491	0.25	0.2	0.1	0.2	0.25	0.1	0.25	0.2	0.25	0.25	0.1	0.25	0.2	0.25	0.15	0.25	0.25	0.25	0.25	0.25	0.2	0.2	0.25	0.25	0.1	0.25	0.15	0.25	0.2	0.25	0.25	0.15	0.15	0.2	0.1	0.2	0.2	0.2	0.25	0.2	0.25	0.2	0.25	0.25	0.25	0.25	0.15	0.25	0.25	0.25	0.25	0.2	0.25	0.25	0.25	0.25	0.25	0.25	0.25	0.25	0.25	0.25	0.25	0.25	0.25	0.25	0.25	0.25	0.25	0.15	0.25	0.25	0.25	0.25	0.1	0.1	0.15	0.25	0.25	0.25	0.25	0.25	0.2	0.2	0.2	0.25	0.25	0.2	0.15	0.25	0.25	0.2	0.25	0.25	0.2	0.1	0.2	0.2	0.15	0.2
1496	0.25	0.25	0.25	0.25	0.15	0.25	0.1	0.15	0.15	0.25	0.25	0.25	0.15	0.25	0.2	0.25	0.25	0.25	0.2	0.25	0.15	0.15	0.25	0.25	0.15	0.2	0.2	0.2	0.15	0.2	0.2	0.2	0.1	0.1	0.25	0.25	0.25	0.2	0.2	0.2	0.2	0.25	0.25	0.2	0.25	0.25	0.1	0.25	0.25	0.25	0.25	0.25	0.25	0.15	0.25	0.1	0.25	0.2	0.05	0.25	0.25	0.2	0.2	0.2	0.2	0.2	0.15	0.25	0.25	0.15	0.25	0.25	0.25	0.25	0.25	0.15	0.25	0.25	0.25	0.2	0.25	0.1	0.2	0.05	0.2	0.2	0.2	0.1	0.05	0.2	0.25	0.15	0.15	0.2	0.2	0.25	0.2	0.15	0.2	0.15
1497	0.25	0.15	0.2	0.25	0.15	0.15	0.15	0.25	0.25	0.2	0.2	0.1	0.25	0.2	0.15	0.25	0.15	0.25	0.25	0.2	0.25	0.2	0.2	0.15	0.2	0.2	0.25	0.25	0.25	0.15	0.25	0.25	0.25	0.25	0.2	0.25	0.25	0.25	0.2	0.25	0.25	0.25	0.1	0.15	0.25	0.25	0.15	0.25	0.15	0.2	0.25	0.25	0.2	0.25	0.2	0.25	0.25	0.2	0.25	0.25	0.2	0.25	0.2	0.15	0.25	0.25	0.1	0.15	0.2	0.25	0.25	0.15	0.2	0.2	0.25	0.15	0.25	0.25	0.25	0.25	0.2	0.25	0.2	0.25	0.2	0.2	0.2	0.15	0.15	0.25	0.25	0.25	0.2	0.2	0.1	0.25	0.25	0.25	0.25	0.25
1501	0.1	0.25	0.2	0.25	0.25	0.2	0.25	0.2	0.25	0.2	0.25	0.25	0.25	0.25	0.25	0.25	0.25	0.25	0.15	0.15	0.25	0.2	0.25	0.15	0.25	0.25	0.25	0.2	0.15	0.15	0.25	0.15	0.2	0.25	0.25	0.25	0.15	0.25	0.2	0.25	0.25	0.25	0.25	0.25	0.2	0.25	0.25	0.15	0.25	0.25	0.25	0.25	0.25	0.25	0.2	0.25	0.2	0.25	0.25	0.1	0.25	0.25	0.25	0.15	0.15	0.25	0.2	0.25	0.2	0.25	0.25	0.25	0.1	0.15	0.25	0.2	0.2	0.15	0.25	0.25	0.2	0.2	0.2	0.25	0.05	0.15	0.25	0.25	0.15	0.25	0.25	0.25	0.25	0.2	0.25	0.25	0.25	0.15	0.25	0.2
1508	0.25	0.2	0.25	0.2	0.25	0.25	0.2	0.25	0.2	0.25	0.2	0.2	0.25	0.25	0.25	0.25	0.25	0.2	0.2	0.2	0.25	0.25	0.25	0.2	0.2	0.25	0.25	0.25	0.15	0.1	0.2	0.25	0.2	0.25	0.2	0.2	0.2	0.2	0.25	0.2	0.25	0.25	0.25	0.2	0.2	0.25	0.25	0.2	0.25	0.2	0.2	0.25	0.25	0.1	0.2	0.25	0.25	0.1	0.25	0.2	0.25	0.25	0.25	0.25	0.25	0.25	0.25	0.25	0.25	0.25	0.25	0.25	0.25	0.25	0.25	0.25	0.25	0.15	0.1	0.25	0.25	0.2	0.25	0.15	0.15	0.25	0.15	0.2	0.25	0.2	0.1	0.2	0.25	0.25	0.25	0.25	0.25	0.05	0.15	0.1
1519	0.1	0.15	0.15	0.25	0.1	0.25	0.25	0.25	0.25	0.2	0.15	0.25	0.15	0.2	0.2	0.1	0.2	0.1	0.25	0.25	0.25	0.25	0.2	0.2	0.2	0.25	0.2	0.2	0.15	0.15	0.15	0.2	0.25	0.25	0.2	0.15	0.25	0.15	0.25	0.2	0.2	0.2	0.25	0.25	0.25	0.2	0.2	0.15	0.25	0.25	0.15	0.25	0.2	0.25	0.25	0.15	0.25	0.15	0.2	0.25	0.2	0.2	0.2	0.2	0.25	0.25	0.25	0.25	0.25	0.25	0.15	0.2	0.25	0.25	0.15	0.25	0.2	0.2	0.1	0.2	0.15	0.2	0.25	0.2	0.2	0.2	0.25	0.2	0.2	0.25	0.15	0.2	0.25	0.2	0.2	0.25	0.05	0.15	0.25	0.25
1520	0.1	0.25	0.2	0.25	0.15	0.25	0.25	0.25	0.2	0.15	0.15	0.2	0.05	0.25	0.25	0.25	0.25	0.25	0.25	0.25	0.2	0.05	0.15	0.2	0.25	0.25	0.2	0.25	0.25	0.25	0.25	0.2	0.25	0.15	0.2	0.25	0.1	0.25	0.25	0.25	0.25	0.2	0.2	0.25	0.2	0.25	0.15	0.2	0.15	0.25	0.25	0.25	0.2	0.1	0.25	0.2	0.25	0.25	0.2	0.15	0.1	0.25	0.25	0.15	0.25	0.1	0.25	0.25	0.25	0.2	0.25	0.15	0.25	0.15	0.25	0.15	0.25	0.1	0.2	0.15	0.2	0.2	0.2	0.25	0.2	0.15	0.25	0.2	0.2	0.2	0.15	0.25	0.25	0.25	0.25	0.25	0.15	0.25	0.25	0.25
1530	0.1	0.2	0.15	0.2	0.25	0.25	0.15	0.25	0.15	0.25	0.25	0.2	0.2	0.25	0.25	0.2	0.15	0.2	0.1	0.25	0.2	0.15	0.25	0.2	0.25	0.25	0.25	0.25	0.2	0.25	0.2	0.25	0.25	0.25	0.25	0.25	0.25	0.15	0.2	0.25	0.25	0.1	0.15	0.25	0.25	0.25	0.2	0.25	0.05	0.15	0.2	0.1	0.25	0.25	0.2	0.2	0.25	0.25	0.25	0.25	0.1	0.25	0.2	0.25	0.2	0.15	0.25	0.25	0.2	0.25	0.2	0.25	0.1	0.25	0.25	0.25	0.2	0.2	0.15	0.25	0.25	0.15	0.15	0.25	0.25	0.1	0.15	0.25	0.25	0.2	0.2	0.2	0.05	0.2	0.25	0.25	0.25	0.2	0.2	0.25
1533	0.2	0.25	0.2	0.25	0.2	0.25	0.2	0.15	0.2	0.25	0.2	0.1	0.2	0.25	0.25	0.2	0.25	0.2	0.25	0.1	0.15	0.25	0.2	0.15	0.2	0.15	0.25	0.25	0.1	0.1	0.2	0.25	0.2	0.15	0.2	0.25	0.25	0.25	0.2	0.25	0.2	0.25	0.2	0.2	0.1	0.1	0.25	0.2	0.25	0.2	0.25	0.2	0.25	0.2	0.2	0.2	0.25	0.25	0.15	0.2	0.2	0.1	0.25	0.25	0.2	0.25	0.2	0.2	0.2	0.25	0.15	0.2	0.2	0.25	0.25	0.1	0.25	0.15	0.1	0.25	0.25	0.15	0.2	0.25	0.25	0.2	0.1	0.15	0.25	0.25	0.2	0.25	0.25	0.25	0.2	0.15	0.25	0.15	0.2	0.15
1550	0.25	0.2	0.2	0.2	0.25	0.25	0.1	0.15	0.25	0.2	0.25	0.25	0.15	0.2	0.25	0.25	0.2	0.25	0.25	0.25	0.2	0.25	0.25	0.25	0.25	0.15	0.15	0.2	0.2	0.1	0.2	0.2	0.25	0.15	0.25	0.2	0.2	0.2	0.2	0.25	0.15	0.2	0.2	0.2	0.25	0.2	0.25	0.25	0.15	0.25	0.2	0.1	0.1	0.2	0.25	0.15	0.2	0.15	0.2	0.25	0.25	0.25	0.15	0.15	0.15	0.2	0.15	0.25	0.25	0.25	0.1	0.15	0.1	0.25	0.15	0.25	0.25	0.25	0.25	0.15	0.15	0.15	0.25	0.05	0.2	0.15	0.2	0.25	0.25	0.25	0.25	0.2	0.25	0.15	0.2	0.2	0.2	0.2	0.25	0.25
1561	NA	NA	NA	NA	NA	NA	NA	NA	NA	NA	NA	NA	NA	NA	NA	NA	NA	NA	NA	NA	NA	NA	NA	NA	NA	NA	NA	NA	NA	NA	NA	NA	NA	NA	NA	NA	NA	NA	NA	NA	NA	NA	NA	NA	NA	NA	NA	NA	NA	NA	NA	NA	NA	NA	NA	NA	NA	NA	NA	NA	NA	NA	NA	NA	NA	NA	NA	NA	NA	NA	NA	NA	NA	NA	NA	NA	NA	NA	NA	NA	NA	NA	NA	NA	NA	NA	NA	NA	NA	NA	NA	NA	NA	NA	NA	NA	NA	NA	NA	NA
1562	0.1	0.25	0.25	0.25	0.2	0.2	0.2	0.25	0.25	0.2	0.25	0.1	0.2	0.1	0.25	0.2	0.25	0.25	0.25	0.2	0.25	0.25	0.2	0.2	0.15	0.25	0.2	0.15	0.25	0.25	0.2	0.25	0.2	0.25	0.2	0.25	0.25	0.25	0.25	0.25	0.2	0.25	0.2	0.15	0.2	0.2	0.2	0.2	0.25	0.15	0.25	0.25	0.25	0.2	0.25	0.25	0.2	0.2	0.25	0.1	0.25	0.2	0.2	0.15	0.2	0.2	0.25	0.25	0.2	0.2	0.15	0.25	0.25	0.2	0.25	0.25	0.05	0.1	0.25	0.2	0.15	0.2	0.25	0.25	0.25	0.25	0.25	0.25	0.25	0.2	0.25	0.25	0.1	0.25	0.2	0.15	0.25	0.25	0.2	0.2
1565	0.25	0.1	0.25	0.25	0.25	0.25	0.2	0.25	0.2	0.25	0.25	0.25	0.2	0.15	0.2	0.25	0.25	0.25	0.2	0.15	0.25	0.2	0.15	0.25	0.25	0.25	0.25	0.15	0.2	0.25	0.25	0.25	0.2	0.25	0.25	0.2	0.2	0.25	0.25	0.2	0.1	0.2	0.2	0.25	0.05	0.05	0.25	0.25	0.2	0.25	0.15	0.2	0.15	0.25	0.25	0.25	0.25	0.15	0.05	0.2	0.25	0.25	0.25	0.2	0.1	0.25	0.2	0.2	0.2	0.25	0.15	0.1	0.2	0.25	0.1	0.2	0.25	0.1	0.2	0.25	0.25	0.1	0.25	0.1	0.2	0.25	0.25	0.2	0.25	0.25	0.25	0.25	0.2	0.2	0.25	0.25	0.25	0.15	0.25	0.25
1566	0.15	0.2	0.2	0.25	0.25	0.25	0.25	0.25	0.25	0.25	0.25	0.25	0.25	0.1	0.25	0.25	0.2	0.15	0.25	0.2	0.2	0.25	0.25	0.25	0.1	0.05	0.25	0.25	0.25	0.25	0.25	0.25	0.25	0.2	0.2	0.25	0.25	0.2	0.25	0.2	0.2	0.25	0.25	0.25	0.25	0.25	0.25	0.2	0.25	0.15	0.25	0.2	0.25	0.2	0.25	0.25	0.25	0.15	0.2	0.25	0.15	0.15	0.15	0.2	0.15	0.2	0.15	0.25	0.25	0.2	0.25	0.1	0.25	0.25	0.15	0.25	0.2	0.25	0.2	0.25	0.2	0.25	0.25	0.25	0.15	0.2	0.15	0.05	0.25	0.05	0.25	0.15	0.2	0.25	0.05	0.2	0.25	0.15	0.25	0.25
1571	0.25	0.15	0.25	0.25	0.2	0.25	0.25	0.25	0.25	0.2	0.1	0.2	0.2	0.25	0.25	0.1	0.25	0.2	0.25	0.15	0.25	0.2	0.25	0.2	0.25	0.25	0.2	0.2	0.25	0.25	0.2	0.15	0.2	0.25	0.25	0.25	0.2	0.25	0.25	0.25	0.25	0.1	0.25	0.2	0.15	0.25	0.25	0.15	0.25	0.25	0.05	0.25	0.1	0.2	0.2	0.25	0.15	0.2	0.2	0.25	0.25	0.25	0.15	0.2	0.25	0.2	0.2	0.2	0.2	0.15	0.15	0.15	0.2	0.2	0.15	0.25	0.25	0.25	0.25	0.1	0.15	0.2	0.15	0.15	0.15	0.2	0.25	0.25	0.15	0.15	0.2	0.1	0.05	0.25	0.25	0.2	0.2	0.25	0.1	0.2
1580	0.2	0.25	0.05	0.25	0.1	0.2	0.25	0.2	0.25	0.1	0.25	0.25	0.25	0.25	0.2	0.25	0.2	0.25	0.25	0.25	0.1	0.25	0.25	0.2	0.15	0.1	0.2	0.25	0.1	0.1	0.2	0.2	0.15	0.25	0.25	0.25	0.25	0.2	0.25	0.25	0.2	0.15	0.25	0.2	0.15	0.15	0.25	0.25	0.25	0.25	0.25	0.2	0.25	0.25	0.25	0.25	0.2	0.25	0.15	0.25	0.25	0.2	0.25	0.2	0.2	0.25	0.2	0.25	0.1	0.1	0.25	0.25	0.1	0.25	0.2	0.25	0.25	0.2	0.25	0.15	0.25	0.25	0.25	0.25	0.25	0.25	0.25	0.25	0.2	0.2	0.25	0.2	0.25	0.25	0.2	0.2	0.25	0.25	0.1	0.2
1581	0.2	0.1	0.1	0.25	0.2	0.25	0.25	0.25	0.15	0.2	0.1	0.1	0.1	0.25	0.2	0.2	0.25	0.2	0.25	0.15	0.15	0.2	0.25	0.2	0.15	0.25	0.2	0.25	0.2	0.25	0.2	0.2	0.2	0.2	0.25	0.15	0.25	0.25	0.25	0.25	0.25	0.2	0.25	0.2	0.25	0.25	0.1	0.2	0.25	0.25	0.25	0.15	0.25	0.1	0.25	0.25	0.25	0.2	0.25	0.2	0.2	0.25	0.2	0.25	0.25	0.25	0.25	0.1	0.25	0.2	0.25	0.25	0.2	0.15	0.2	0.25	0.1	0.25	0.1	0.25	0.25	0.2	0.2	0.25	0.25	0.15	0.2	0.1	0.2	0.2	0.2	0.15	0.25	0.25	0.25	0.25	0.25	0.15	0.2	0.2
1583	0.2	0.25	0.15	0.25	0.2	0.25	0.2	0.25	0.25	0.25	0.25	0.25	0.25	0.25	0.15	0.2	0.2	0.25	0.25	0.2	0.2	0.25	0.2	0.15	0.25	0.2	0.25	0.25	0.25	0.2	0.25	0.2	0.2	0.25	0.25	0.25	0.2	0.2	0.1	0.25	0.25	0.25	0.25	0.25	0.2	0.25	0.25	0.25	0.15	0.15	0.1	0.15	0.2	0.25	0.2	0.15	0.15	0.2	0.25	0.2	0.15	0.25	0.25	0.2	0.25	0.2	0.25	0.2	0.2	0.25	0.25	0.25	0.25	0.25	0.25	0.2	0.1	0.25	0.2	0.15	0.2	0.2	0.15	0.15	0.25	0.1	0.15	0.25	0.25	0.15	0.25	0.25	0.1	0.2	0.2	0.25	0.25	0.25	0.25	0.25
1589	0.2	0.15	0.25	0.25	0.2	0.2	0.2	0.2	0.15	0.2	0.25	0.15	0.2	0.15	0.25	0.25	0.1	0.25	0.2	0.25	0.25	0.25	0.25	0.25	0.25	0.1	0.25	0.25	0.25	0.25	0.2	0.2	0.25	0.25	0.25	0.25	0.2	0.25	0.25	0.2	0.25	0.25	0.15	0.25	0.2	0.05	0.1	0.2	0.25	0.2	0.2	0.25	0.2	0.25	0.2	0.2	0.2	0.15	0.15	0.25	0.2	0.2	0.2	0.15	0.25	0.2	0.25	0.25	0.2	0.25	0.25	0.15	0.2	0.25	0.2	0.15	0.25	0.2	0.15	0.25	0.1	0.25	0.2	0.15	0.25	0.15	0.25	0.2	0.2	0.05	0.2	0.25	0.25	0.15	0.2	0.25	0.25	0.25	0.15	0.25
1590	0.15	0.15	0.25	0.15	0.25	0.15	0.2	0.25	0.25	0.2	0.2	0.25	0.25	0.25	0.2	0.25	0.15	0.15	0.25	0.25	0.05	0.1	0.05	0.25	0.25	0.15	0.25	0.25	0.25	0.2	0.15	0.25	0.25	0.1	0.1	0.2	0.2	0.2	0.25	0.25	0.2	0.15	0.25	0.25	0.15	0.25	0.25	0.2	0.25	0.2	0.25	0.15	0.2	0.25	0.25	0.25	0.2	0.25	0.2	0.25	0.05	0.1	0.25	0.25	0.25	0.25	0.25	0.25	0.25	0.25	0.05	0.15	0.25	0.25	0.25	0.25	0.25	0.2	0.25	0.2	0.25	0.25	0.2	0.2	0.25	0.2	0.2	0.15	0.25	0.15	0.05	0.2	0.25	0.25	0.25	0.25	0.15	0.25	0.25	0.25
1591	0.25	0.25	0.25	0.25	0.25	0.25	0.15	0.15	0.15	0.25	0.25	0.1	0.25	0.25	0.25	0.15	0.25	0.2	0.15	0.25	0.25	0.15	0.25	0.15	0.1	0.15	0.2	0.25	0.1	0.2	0.25	0.2	0.25	0.25	0.2	0.25	0.2	0.2	0.2	0.2	0.2	0.2	0.2	0.2	0.15	0.1	0.2	0.25	0.2	0.25	0.25	0.2	0.25	0.25	0.25	0.25	0.25	0.25	0.25	0.2	0.25	0.25	0.2	0.25	0.25	0.25	0.25	0.2	0.2	0.25	0.2	0.25	0.25	0.2	0.2	0.2	0.25	0.25	0.25	0.2	0.25	0.25	0.1	0.2	0.25	0.25	0.25	0.25	0.25	0.2	0.1	0.2	0.25	0.25	0.15	0.2	0.2	0.25	0.15	0.25
1593	0.25	0.2	0.15	0.25	0.25	0.15	0.2	0.2	0.2	0.25	0.15	0.15	0.2	0.25	0.25	0.2	0.25	0.25	0.15	0.25	0.05	0.25	0.1	0.15	0.25	0.1	0.25	0.2	0.2	0.25	0.2	0.15	0.25	0.25	0.25	0.2	0.15	0.25	0.1	0.15	0.25	0.1	0.2	0.25	0.2	0.25	0.2	0.2	0.25	0.15	0.25	0.1	0.25	0.2	0.25	0.2	0.25	0.2	0.25	0.2	0.1	0.25	0.25	0.25	0.15	0.15	0.2	0.2	0.25	0.25	0.2	0.25	0.2	0.15	0.2	0.2	0.25	0.1	0.2	0.2	0.2	0.15	0.25	0.25	0.15	0.1	0.15	0.2	0.1	0.25	0.25	0.1	0.25	0.25	0.15	0.2	0.25	0.25	0.25	0.25
1594	0.1	0.15	0.2	0.2	0.2	0.15	0.25	0.25	0.25	0.25	0.15	0.15	0.25	0.2	0.25	0.25	0.1	0.2	0.2	0.1	0.2	0.2	0.25	0.2	0.25	0.2	0.2	0.25	0.25	0.2	0.25	0.1	0.25	0.25	0.25	0.25	0.2	0.2	0.25	0.15	0.25	0.25	0.2	0.25	0.25	0.15	0.25	0.25	0.25	0.25	0.25	0.25	0.25	0.25	0.2	0.25	0.25	0.15	0.25	0.25	0.25	0.25	0.2	0.15	0.25	0.25	0.15	0.2	0.1	0.15	0.1	0.25	0.25	0.2	0.1	0.25	0.25	0.25	0.25	0.25	0.25	0.2	0.25	0.25	0.25	0.2	0.2	0.2	0.2	0.25	0.25	0.25	0.25	0.25	0.25	0.2	0.2	0.25	0.25	0.2
1603	0.2	0.15	0.2	0.2	0.1	0.25	0.25	0.2	0.2	0.15	0.25	0.2	0.1	0.1	0.25	0.2	0.25	0.2	0.25	0.25	0.15	0.15	0.15	0.25	0.15	0.2	0.2	0.25	0.2	0.25	0.25	0.25	0.2	0.2	0.25	0.25	0.25	0.25	0.2	0.25	0.25	0.05	0.2	0.25	0.25	0.25	0.15	0.25	0.2	0.25	0.2	0.2	0.25	0.25	0.2	0.25	0.2	0.25	0.2	0.15	0.1	0.2	0.2	0.2	0.25	0.25	0.15	0.25	0.25	0.2	0.25	0.05	0.2	0.15	0.25	0.2	0.25	0.2	0.25	0.2	0.2	0.15	0.25	0.2	0.2	0.15	0.2	0.25	0.1	0.2	0.2	0.25	0.25	0.2	0.25	0.15	0.2	0.2	0.25	0.15
1612	0.2	0.2	0.2	0.05	0.2	0.25	0.25	0.1	0.25	0.2	0.25	0.25	0.2	0.15	0.2	0.25	0.1	0.1	0.25	0.25	0.25	0.2	0.2	0.25	0.25	0.2	0.25	0.2	0.25	0.25	0.2	0.25	0.25	0.25	0.25	0.15	0.2	0.15	0.2	0.2	0.25	0.25	0.15	0.2	0.2	0.25	0.2	0.2	0.25	0.25	0.2	0.15	0.25	0.25	0.25	0.2	0.25	0.1	0.25	0.2	0.2	0.2	0.25	0.2	0.25	0.25	0.1	0.25	0.25	0.15	0.15	0.25	0.25	0.15	0.25	0.1	0.25	0.25	0.25	0.25	0.25	0.2	0.25	0.2	0.15	0.25	0.25	0.2	0.2	0.1	0.1	0.2	0.25	0.2	0.25	0.2	0.2	0.2	0.25	0.2
1613	0.25	0.15	0.15	0.25	0.25	0.25	0.25	0.2	0.25	0.15	0.2	0.2	0.1	0.25	0.25	0.2	0.25	0.2	0.2	0.25	0.25	0.25	0.25	0.25	0.25	0.25	0.25	0.25	0.2	0.25	0.2	0.25	0.2	0.05	0.25	0.15	0.2	0.25	0.25	0.2	0.15	0.2	0.25	0.15	0.2	0.15	0.25	0.15	0.25	0.25	0.2	0.25	0.2	0.15	0.15	0.1	0.25	0.2	0.25	0.25	0.15	0.15	0.25	0.2	0.25	0.2	0.15	0.15	0.05	0.25	0.25	0.1	0.25	0.25	0.25	0.05	0.2	0.25	0.1	0.05	0.2	0.25	0.2	0.2	0.2	0.25	0.25	0.1	0.2	0.25	0.25	0.15	0.2	0.2	0.25	0.1	0.25	0.2	0.2	0.1
1614	0.2	0.25	0.2	0.25	0.25	0.25	0.25	0.2	0.25	0.2	0.2	0.1	0.25	0.2	0.25	0.25	0.2	0.15	0.25	0.25	0.15	0.25	0.2	0.15	0.25	0.25	0.15	0.25	0.2	0.25	0.25	0.25	0.2	0.2	0.15	0.2	0.2	0.1	0.2	0.25	0.25	0.05	0.2	0.2	0.2	0.2	0.2	0.15	0.25	0.2	0.2	0.2	0.15	0.1	0.25	0.2	0.25	0.25	0.2	0.2	0.2	0.25	0.25	0.2	0.2	0.15	0.1	0.25	0.25	0.05	0.2	0.25	0.15	0.1	0.25	0.15	0.15	0.15	0.25	0.15	0.25	0.15	0.2	0.2	0.25	0.25	0.15	0.2	0.25	0.25	0.15	0.25	0.2	0.2	0.1	0.2	0.2	0.15	0.25	0.25
1616	0.25	0.25	0.25	0.25	0.2	0.25	0.1	0.2	0.15	0.25	0.05	0.25	0.25	0.2	0.1	0.2	0.25	0.2	0.2	0.25	0.25	0.25	0.25	0.1	0.2	0.25	0.25	0.25	0.25	0.2	0.2	0.25	0.2	0.25	0.25	0.25	0.25	0.2	0.2	0.25	0.25	0.2	0.25	0.2	0.25	0.25	0.2	0.25	0.25	0.2	0.15	0.25	0.2	0.25	0.2	0.2	0.25	0.25	0.2	0.25	0.25	0.2	0.25	0.2	0.25	0.2	0.2	0.05	0.25	0.25	0.25	0.2	0.1	0.2	0.15	0.25	0.25	0.25	0.15	0.25	0.25	0.2	0.1	0.15	0.2	0.25	0.2	0.15	0.25	0.25	0.25	0.2	0.25	0.25	0.25	0.15	0.2	0.1	0.25	0.25
1617	0.25	0.25	0.25	0.25	0.1	0.1	0.2	0.2	0.2	0.25	0.2	0.25	0.15	0.25	0.25	0.25	0.2	0.15	0.2	0.2	0.25	0.1	0.2	0.25	0.2	0.2	0.25	0.2	0.25	0.1	0.25	0.25	0.25	0.25	0.25	0.15	0.25	0.2	0.15	0.1	0.2	0.2	0.2	0.25	0.25	0.2	0.15	0.25	0.25	0.2	0.25	0.2	0.2	0.25	0.2	0.15	0.25	0.25	0.25	0.25	0.2	0.25	0.25	0.25	0.25	0.2	0.25	0.2	0.25	0.25	0.25	0.15	0.1	0.25	0.25	0.2	0.25	0.25	0.15	0.1	0.2	0.25	0.25	0.25	0.2	0.2	0.25	0.25	0.25	0.15	0.25	0.25	0.2	0.2	0.25	0.2	0.25	0.2	0.25	0.25
1623	0.2	0.25	0.2	0.15	0.25	0.25	0.25	0.2	0.25	0.15	0.2	0.2	0.25	0.15	0.2	0.2	0.05	0.25	0.25	0.25	0.1	0.2	0.25	0.2	0.2	0.2	0.15	0.15	0.25	0.25	0.1	0.2	0.2	0.2	0.1	0.25	0.2	0.25	0.25	0.05	0.25	0.15	0.25	0.25	0.25	0.2	0.25	0.25	0.2	0.2	0.25	0.25	0.15	0.1	0.25	0.25	0.25	0.2	0.15	0.25	0.2	0.25	0.25	0.2	0.25	0.2	0.15	0.2	0.25	0.2	0.2	0.25	0.2	0.15	0.25	0.25	0.15	0.2	0.25	0.25	0.15	0.2	0.2	0.2	0.2	0.15	0.2	0.1	0.2	0.25	0.25	0.2	0.2	0.25	0.15	0.2	0.25	0.2	0.25	0.25
1626	0.25	0.25	0.1	0.25	0.25	0.15	0.25	0.15	0.2	0.25	0.25	0.2	0.2	0.25	0.2	0.2	0.2	0.15	0.2	0.2	0.15	0.25	0.25	0.15	0.25	0.05	0.25	0.25	0.2	0.25	0.25	0.15	0.1	0.2	0.25	0.2	0.25	0.25	0.2	0.25	0.2	0.2	0.25	0.25	0.25	0.2	0.15	0.2	0.25	0.2	0.1	0.1	0.2	0.25	0.1	0.25	0.25	0.25	0.2	0.2	0.2	0.2	0.25	0.2	0.25	0.2	0.25	0.25	0.25	0.25	0.15	0.25	0.2	0.2	0.25	0.25	0.2	0.05	0.2	0.25	0.25	0.25	0.25	0.2	0.25	0.25	0.2	0.25	0.25	0.2	0.25	0.2	0.2	0.25	0.2	0.15	0.25	0.25	0.15	0.25
1655	0.25	0.2	0.25	0.2	0.2	0.25	0.25	0.25	0.15	0.15	0.25	0.25	0.25	0.2	0.15	0.15	0.25	0.05	0.25	0.25	0.2	0.25	0.25	0.25	0.25	0.15	0.25	0.25	0.2	0.25	0.25	0.15	0.25	0.25	0.15	0.2	0.2	0.15	0.25	0.2	0.25	0.25	0.25	0.2	0.25	0.2	0.1	0.15	0.25	0.25	0.25	0.25	0.2	0.15	0.25	0.25	0.2	0.25	0.2	0.25	0.25	0.2	0.15	0.2	0.2	0.25	0.25	0.25	0.2	0.25	0.25	0.15	0.15	0.1	0.05	0.25	0.2	0.25	0.25	0.2	0.25	0.25	0.25	0.25	0.25	0.25	0.25	0.25	0.25	0.25	0.15	0.2	0.25	0.25	0.2	0.25	0.25	0.2	0.25	0.25
1656	0.25	0.2	0.2	0.15	0.25	0.2	0.25	0.2	0.25	0.25	0.25	0.2	0.25	0.25	0.2	0.25	0.25	0.15	0.15	0.25	0.2	0.2	0.1	0.15	0.15	0.25	0.25	0.05	0.2	0.2	0.15	0.25	0.25	0.25	0.25	0.2	0.25	0.15	0.1	0.25	0.2	0.2	0.2	0.25	0.25	0.1	0.2	0.2	0.25	0.2	0.25	0.25	0.2	0.25	0.2	0.25	0.2	0.25	0.25	0.25	0.2	0.1	0.2	0.25	0.2	0.25	0.25	0.25	0.2	0.25	0.25	0.25	0.25	0.2	0.15	0.25	0.2	0.15	0.2	0.25	0.25	0.25	0.15	0.2	0.15	0.1	0.2	0.2	0.2	0.2	0.25	0.2	0.15	0.15	0.25	0.2	0.15	0.2	0.05	0.25
1659	0.2	0.1	0.25	0.25	0.2	0.25	0.25	0.2	0.2	0.25	0.15	0.25	0.25	0.2	0.2	0.25	0.25	0.2	0.2	0.2	0.15	0.2	0.2	0.25	0.25	0.25	0.25	0.2	0.1	0.25	0.25	0.1	0.25	0.25	0.25	0.2	0.2	0.25	0.25	0.25	0.25	0.2	0.2	0.25	0.25	0.1	0.25	0.15	0.15	0.25	0.15	0.2	0.2	0.25	0.2	0.2	0.25	0.25	0.25	0.15	0.25	0.25	0.25	0.25	0.2	0.2	0.25	0.2	0.25	0.25	0.2	0.25	0.15	0.25	0.25	0.2	0.25	0.15	0.2	0.15	0.15	0.25	0.2	0.2	0.25	0.2	0.2	0.2	0.25	0.25	0.2	0.25	0.25	0.1	0.25	0.2	0.25	0.25	0.2	0.25
1660	0.05	0.2	0.25	0.2	0.1	0.2	0.25	0.15	0.25	0.15	0.2	0.2	0.25	0.2	0.25	0.15	0.1	0.1	0.25	0.2	0.25	0.15	0.25	0.25	0.2	0.2	0.25	0.25	0.2	0.15	0.2	0.25	0.25	0.2	0.25	0.25	0.25	0.25	0.15	0.25	0.2	0.25	0.2	0.25	0.25	0.2	0.25	0.2	0.25	0.25	0.25	0.25	0.2	0.25	0.2	0.25	0.25	0.25	0.2	0.25	0.2	0.25	0.2	0.1	0.25	0.1	0.2	0.2	0.1	0.2	0.25	0.25	0.15	0.1	0.25	0.25	0.25	0.25	0.2	0.25	0.25	0.25	0.2	0.25	0.25	0.2	0.2	0.15	0.15	0.15	0.25	0.2	0.25	0.05	0.25	0.25	0.25	0.25	0.15	0.15
1661	0.25	0.2	0.15	0.25	0.2	0.25	0.2	0.2	0.15	0.2	0.25	0.2	0.25	0.25	0.2	0.2	0.2	0.25	0.25	0.15	0.25	0.2	0.2	0.2	0.25	0.25	0.25	0.25	0.25	0.25	0.25	0.25	0.15	0.1	0.2	0.25	0.25	0.25	0.2	0.25	0.2	0.25	0.2	0.15	0.2	0.25	0.2	0.2	0.25	0.15	0.2	0.25	0.2	0.15	0.2	0.25	0.25	0.15	0.15	0.2	0.25	0.25	0.2	0.25	0.25	0.2	0.2	0.25	0.2	0.25	0.25	0.25	0.15	0.2	0.25	0.25	0.25	0.15	0.25	0.25	0.15	0.15	0.15	0.1	0.25	0.15	0.25	0.25	0.2	0.15	0.25	0.15	0.15	0.25	0.25	0.2	0.25	0.2	0.2	0.2
1666	0.2	0.1	0.25	0.2	0.25	0.25	0.25	0.2	0.15	0.2	0.25	0.2	0.25	0.2	0.15	0.2	0.25	0.2	0.1	0.25	0.15	0.25	0.25	0.25	0.2	0.15	0.15	0.15	0.2	0.2	0.25	0.25	0.1	0.2	0.2	0.2	0.25	0.2	0.25	0.15	0.25	0.25	0.2	0.25	0.25	0.25	0.25	0.25	0.2	0.2	0.25	0.2	0.2	0.15	0.25	0.25	0.15	0.2	0.25	0.25	0.2	0.15	0.1	0.1	0.25	0.2	0.2	0.2	0.25	0.25	0.25	0.25	0.25	0.2	0.25	0.15	0.2	0.25	0.25	0.2	0.1	0.15	0.25	0.15	0.25	0.1	0.25	0.25	0.25	0.25	0.1	0.2	0.2	0.2	0.25	0.1	0.25	0.25	0.25	0.15
1676	0.15	0.15	0.25	0.2	0.2	0.05	0.25	0.05	0.2	0.25	0.15	0.2	0.25	0.2	0.15	0.25	0.1	0.25	0.15	0.05	0.25	0.15	0.25	0.25	0.25	0.25	0.25	0.25	0.25	0.2	0.25	0.25	0.2	0.25	0.2	0.25	0.15	0.25	0.25	0.25	0.2	0.25	0.25	0.25	0.25	0.2	0.15	0.25	0.2	0.2	0.2	0.2	0.2	0.1	0.25	0.2	0.15	0.25	0.25	0.15	0.25	0.2	0.2	0.25	0.2	0.25	0.25	0.25	0.25	0.2	0.2	0.2	0.25	0.25	0.2	0.1	0.2	0.2	0.15	0.25	0.2	0.25	0.25	0.2	0.2	0.25	0.25	0.15	0.15	0.15	0.2	0.25	0.25	0.2	0.15	0.25	0.1	0.2	0.2	0.25
1678	0.25	0.2	0.25	0.25	0.25	0.1	0.25	0.15	0.25	0.25	0.2	0.25	0.15	0.15	0.1	0.25	0.25	0.25	0.25	0.2	0.25	0.15	0.15	0.25	0.2	0.2	0.2	0.2	0.1	0.25	0.25	0.2	0.2	0.25	0.25	0.25	0.25	0.2	0.25	0.25	0.25	0.2	0.1	0.15	0.25	0.2	0.2	0.25	0.15	0.15	0.25	0.25	0.25	0.25	0.15	0.15	0.25	0.2	0.25	0.25	0.2	0.2	0.25	0.25	0.25	0.25	0.15	0.1	0.2	0.2	0.2	0.25	0.2	0.15	0.05	0.2	0.25	0.25	0.2	0.25	0.25	0.2	0.25	0.25	0.25	0.25	0.2	0.15	0.2	0.2	0.25	0.15	0.25	0.25	0.25	0.25	0.25	0.2	0.2	0.25
1687	0.25	0.25	0.15	0.25	0.25	0.25	0.2	0.15	0.25	0.2	0.2	0.25	0.2	0.15	0.25	0.25	0.25	0.15	0.2	0.25	0.25	0.25	0.2	0.1	0.25	0.25	0.25	0.15	0.2	0.25	0.2	0.1	0.2	0.25	0.15	0.25	0.25	0.25	0.25	0.25	0.15	0.15	0.25	0.1	0.25	0.25	0.15	0.25	0.1	0.15	0.2	0.25	0.25	0.25	0.25	0.25	0.1	0.15	0.15	0.25	0.25	0.2	0.25	0.2	0.25	0.2	0.1	0.05	0.2	0.25	0.25	0.2	0.25	0.25	0.2	0.25	0.15	0.25	0.2	0.25	0.25	0.25	0.25	0.25	0.25	0.1	0.2	0.15	0.25	0.25	0.2	0.2	0.25	0.2	0.25	0.25	0.25	0.25	0.25	0.2
1688	0.15	0.2	0.25	0.25	0.15	0.2	0.25	0.25	0.2	0.25	0.15	0.25	0.25	0.2	0.25	0.15	0.15	0.15	0.2	0.25	0.25	0.05	0.25	0.25	0.25	0.2	0.2	0.2	0.15	0.2	0.1	0.25	0.2	0.2	0.15	0.1	0.25	0.25	0.2	0.15	0.25	0.25	0.2	0.15	0.15	0.25	0.05	0.25	0.2	0.15	0.25	0.25	0.15	0.2	0.25	0.25	0.15	0.25	0.1	0.25	0.2	0.25	0.25	0.2	0.15	0.25	0.1	0.25	0.25	0.25	0.25	0.2	0.2	0.25	0.25	0.25	0.2	0.2	0.25	0.2	0.2	0.25	0.2	0.1	0.15	0.15	0.2	0.2	0.25	0.2	0.1	0.25	0.25	0.25	0.2	0.25	0.2	0.25	0.15	0.15
1691	0.2	0.25	0.25	0.15	0.15	0.25	0.25	0.25	0.2	0.2	0.15	0.25	0.25	0.25	0.15	0.25	0.25	0.15	0.25	0.2	0.1	0.25	0.25	0.2	0.2	0.2	0.25	0.2	0.25	0.15	0.15	0.25	0.2	0.25	0.2	0.05	0.2	0.25	0.2	0.2	0.25	0.25	0.15	0.25	0.15	0.2	0.2	0.2	0.25	0.1	0.2	0.2	0.2	0.2	0.25	0.25	0.2	0.2	0.25	0.2	0.25	0.15	0.2	0.2	0.25	0.2	0.2	0.15	0.25	0.25	0.25	0.2	0.2	0.25	0.25	0.25	0.25	0.1	0.25	0.25	0.25	0.2	0.25	0.2	0.25	0.25	0.25	0.2	0.25	0.25	0.2	0.25	0.2	0.25	0.2	0.2	0.15	0.25	0.2	0.25
1692	0.15	0.25	0.05	0.2	0.25	0.25	0.1	0.25	0.2	0.25	0.15	0.25	0.25	0.15	0.25	0.2	0.25	0.25	0.25	0.25	0.1	0.1	0.2	0.2	0.15	0.25	0.25	0.2	0.25	0.25	0.2	0.2	0.15	0.25	0.25	0.25	0.15	0.25	0.25	0.2	0.25	0.2	0.05	0.25	0.2	0.25	0.25	0.2	0.25	0.25	0.2	0.25	0.25	0.15	0.25	0.2	0.1	0.2	0.25	0.25	0.15	0.25	0.25	0.25	0.1	0.2	0.25	0.25	0.25	0.25	0.2	0.2	0.2	0.2	0.25	0.2	0.2	0.2	0.2	0.2	0.2	0.2	0.15	0.25	0.25	0.2	0.2	0.25	0.2	0.2	0.2	0.25	0.2	0.2	0.25	0.25	0.25	0.2	0.2	0.25
1695	0.25	0.25	0.2	0.25	0.2	0.15	0.25	0.05	0.2	0.2	0.15	0.25	0.25	0.15	0.2	0.25	0.2	0.2	0.25	0.15	0.15	0.2	0.2	0.25	0.2	0.2	0.2	0.25	0.25	0.25	0.25	0.25	0.15	0.15	0.25	0.25	0.25	0.2	0.2	0.15	0.25	0.2	0.25	0.25	0.25	0.15	0.2	0.25	0.15	0.25	0.2	0.2	0.1	0.25	0.15	0.15	0.25	0.25	0.25	0.1	0.1	0.25	0.2	0.25	0.25	0.25	0.25	0.2	0.25	0.25	0.2	0.2	0.1	0.2	0.25	0.2	0.05	0.25	0.25	0.25	0.2	0.2	0.2	0.15	0.25	0.25	0.25	0.25	0.25	0.2	0.2	0.2	0.25	0.25	0.25	0.05	0.25	0.25	0.15	0.25
1696	0.2	0.2	0.25	0.15	0.25	0.25	0.2	0.25	0.2	0.25	0.2	0.25	0.15	0.25	0.2	0.25	0.2	0.15	0.2	0.25	0.2	0.15	0.25	0.2	0.25	0.1	0.25	0.15	0.25	0.1	0.25	0.25	0.25	0.2	0.15	0.25	0.2	0.15	0.15	0.2	0.25	0.15	0.25	0.2	0.2	0.2	0.25	0.25	0.2	0.15	0.15	0.25	0.2	0.2	0.25	0.05	0.15	0.15	0.25	0.25	0.2	0.25	0.2	0.2	0.2	0.1	0.25	0.25	0.25	0.1	0.25	0.15	0.25	0.2	0.15	0.15	0.2	0.25	0.1	0.25	0.2	0.2	0.2	0.25	0.2	0.25	0.2	0.25	0.25	0.25	0.25	0.25	0.25	0.1	0.15	0.25	0.2	0.15	0.2	0.2
1699	0.2	0.25	0.2	0.2	0.2	0.2	0.25	0.25	0.25	0.25	0.25	0.1	0.25	0.15	0.05	0.2	0.25	0.25	0.2	0.25	0.25	0.25	0.1	0.1	0.25	0.25	0.2	0.2	0.2	0.25	0.1	0.25	0.25	0.25	0.25	0.25	0.2	0.2	0.15	0.25	0.25	0.2	0.2	0.25	0.25	0.25	0.25	0.2	0.25	0.2	0.25	0.2	0.25	0.2	0.2	0.2	0.2	0.1	0.25	0.2	0.2	0.25	0.25	0.1	0.2	0.25	0.25	0.2	0.25	0.25	0.05	0.15	0.25	0.1	0.2	0.25	0.2	0.25	0.1	0.2	0.25	0.15	0.2	0.25	0.2	0.15	0.25	0.1	0.25	0.25	0.25	0.25	0.15	0.2	0.2	0.25	0.25	0.25	0.2	0.25
1700	0.25	0.25	0.25	0.2	0.25	0.25	0.25	0.2	0.25	0.05	0.25	0.25	0.2	0.25	0.15	0.25	0.25	0.25	0.25	0.25	0.2	0.25	0.15	0.15	0.25	0.25	0.2	0.05	0.2	0.15	0.25	0.2	0.2	0.25	0.25	0.15	0.25	0.2	0.25	0.1	0.25	0.2	0.25	0.05	0.2	0.25	0.2	0.2	0.2	0.25	0.25	0.25	0.25	0.25	0.2	0.2	0.2	0.1	0.2	0.15	0.2	0.15	0.05	0.15	0.15	0.2	0.25	0.2	0.25	0.2	0.15	0.15	0.2	0.15	0.15	0.2	0.15	0.2	0.25	0.2	0.2	0.25	0.15	0.25	0.25	0.2	0.25	0.25	0.2	0.2	0.15	0.25	0.15	0.25	0.2	0.25	0.1	0.25	0.15	0.2
1702	0.2	0.25	0.2	0.25	0.25	0.2	0.25	0.25	0.15	0.2	0.15	0.15	0.2	0.2	0.15	0.25	0.15	0.25	0.2	0.2	0.25	0.2	0.25	0.25	0.2	0.2	0.2	0.2	0.25	0.2	0.25	0.2	0.1	0.2	0.15	0.15	0.15	0.2	0.25	0.25	0.2	0.25	0.15	0.25	0.25	0.15	0.25	0.25	0.25	0.2	0.25	0.25	0.25	0.2	0.2	0.2	0.25	0.2	0.15	0.15	0.25	0.05	0.15	0.2	0.25	0.05	0.2	0.25	0.15	0.2	0.25	0.2	0.2	0.2	0.2	0.25	0.25	0.25	0.25	0.25	0.15	0.2	0.25	0.2	0.25	0.2	0.2	0.1	0.25	0.25	0.2	0.25	0.2	0.1	0.15	0.25	0.2	0.25	0.15	0.25
1703	0.2	0.25	0.25	0.25	0.2	0.25	0.25	0.25	0.2	0.25	0.25	0.15	0.25	0.2	0.25	0.2	0.25	0.25	0.25	0.25	0.25	0.15	0.2	0.2	0.25	0.2	0.2	0.1	0.25	0.2	0.25	0.2	0.25	0.25	0.15	0.15	0.25	0.2	0.25	0.25	0.2	0.25	0.15	0.25	0.25	0.25	0.1	0.2	0.1	0.2	0.15	0.2	0.2	0.25	0.2	0.2	0.25	0.1	0.1	0.15	0.25	0.2	0.25	0.2	0.2	0.25	0.25	0.25	0.25	0.25	0.25	0.2	0.2	0.25	0.25	0.1	0.25	0.25	0.2	0.2	0.2	0.15	0.25	0.25	0.1	0.15	0.1	0.2	0.25	0.25	0.2	0.25	0.25	0.25	0.25	0.25	0.15	0.25	0.2	0.1
1706	0.2	0.2	0.2	0.25	0.25	0.25	0.25	0.2	0.2	0.25	0.25	0.25	0.25	0.05	0.25	0.25	0.2	0.2	0.25	0.25	0.25	0.25	0.1	0.05	0.15	0.25	0.2	0.15	0.05	0.05	0.25	0.25	0.25	0.2	0.25	0.2	0.05	0.2	0.25	0.2	0.25	0.25	0.1	0.25	0.25	0.2	0.2	0.2	0.2	0.2	0.2	0.2	0.25	0.25	0.2	0.2	0.2	0.2	0.25	0.15	0.2	0.2	0.25	0.2	0.15	0.2	0.2	0.25	0.15	0.2	0.2	0.25	0.2	0.2	0.25	0.25	0.1	0.15	0.25	0.15	0.05	0.2	0.25	0.15	0.25	0.2	0.2	0.25	0.25	0.15	0.25	0.25	0.25	0.1	0.25	0.25	0.15	0.25	0.2	0.2
1708	0.2	0.2	0.2	0.2	0.2	0.25	0.2	0.2	0.25	0.2	0.25	0.2	0.25	0.25	0.25	0.25	0.2	0.1	0.25	0.2	0.2	0.15	0.25	0.25	0.1	0.2	0.25	0.25	0.25	0.2	0.05	0.25	0.2	0.2	0.25	0.25	0.25	0.05	0.25	0.2	0.25	0.2	0.25	0.2	0.2	0.25	0.15	0.2	0.25	0.2	0.25	0.25	0.2	0.25	0.1	0.2	0.2	0.25	0.25	0.05	0.25	0.25	0.2	0.2	0.2	0.15	0.15	0.15	0.25	0.15	0.25	0.25	0.25	0.1	0.25	0.25	0.15	0.25	0.2	0.2	0.25	0.2	0.25	0.25	0.2	0.15	0.25	0.2	0.2	0.2	0.2	0.25	0.25	0.2	0.2	0.25	0.1	0.25	0.1	0.25
1710	0.2	0.15	0.25	0.25	0.25	0.15	0.25	0.15	0.2	0.2	0.25	0.2	0.25	0.25	0.25	0.25	0.2	0.25	0.1	0.25	0.2	0.25	0.2	0.25	0.2	0.25	0.2	0.25	0.25	0.2	0.15	0.25	0.15	0.25	0.25	0.05	0.2	0.25	0.25	0.25	0.25	0.15	0.15	0.25	0.25	0.25	0.25	0.25	0.25	0.1	0.25	0.25	0.1	0.15	0.25	0.25	0.2	0.2	0.2	0.15	0.2	0.1	0.25	0.25	0.2	0.25	0.2	0.15	0.15	0.2	0.15	0.2	0.25	0.25	0.2	0.25	0.2	0.25	0.15	0.15	0.2	0.1	0.2	0.15	0.1	0.25	0.1	0.25	0.2	0.2	0.25	0.05	0.25	0.25	0.2	0.15	0.25	0.2	0.25	0.25
1719	0.25	0.25	0.25	0.2	0.25	0.2	0.25	0.25	0.2	0.15	0.2	0.2	0.25	0.15	0.25	0.2	0.25	0.15	0.25	0.25	0.25	0.2	0.1	0.25	0.2	0.2	0.25	0.1	0.25	0.2	0.25	0.25	0.15	0.2	0.25	0.25	0.2	0.25	0.2	0.25	0.1	0.15	0.25	0.2	0.25	0.25	0.25	0.15	0.25	0.25	0.2	0.15	0.25	0.15	0.25	0.25	0.1	0.25	0.2	0.2	0.25	0.2	0.2	0.25	0.2	0.25	0.05	0.2	0.2	0.2	0.2	0.25	0.1	0.2	0.2	0.2	0.25	0.25	0.2	0.2	0.25	0.2	0.25	0.25	0.25	0.25	0.25	0.25	0.25	0.2	0.2	0.25	0.25	0.15	0.1	0.2	0.25	0.2	0.25	0.25
1724	0.2	0.2	0.15	0.1	0.15	0.25	0.15	0.1	0.2	0.15	0.25	0.25	0.2	0.2	0.25	0.25	0.25	0.25	0.25	0.25	0.15	0.1	0.25	0.15	0.2	0.25	0.25	0.15	0.25	0.25	0.1	0.1	0.2	0.25	0.25	0.1	0.15	0.2	0.25	0.2	0.2	0.25	0.15	0.2	0.2	0.2	0.15	0.2	0.25	0.15	0.25	0.2	0.2	0.25	0.25	0.1	0.2	0.2	0.25	0.25	0.25	0.2	0.2	0.25	0.2	0.2	0.25	0.25	0.2	0.05	0.25	0.25	0.2	0.25	0.2	0.2	0.1	0.25	0.05	0.25	0.05	0.2	0.25	0.25	0.25	0.2	0.2	0.25	0.2	0.25	0.2	0.2	0.2	0.25	0.15	0.25	0.15	0.25	0.2	0.25
1730	0.15	0.2	0.25	0.25	0.25	0.15	0.2	0.1	0.15	0.2	0.15	0.25	0.15	0.25	0.1	0.15	0.25	0.2	0.25	0.15	0.25	0.2	0.25	0.25	0.25	0.2	0.25	0.15	0.25	0.25	0.2	0.25	0.25	0.25	0.15	0.2	0.25	0.15	0.2	0.25	0.25	0.25	0.2	0.25	0.2	0.25	0.25	0.25	0.25	0.25	0.2	0.15	0.2	0.2	0.15	0.2	0.25	0.15	0.25	0.2	0.15	0.2	0.2	0.25	0.2	0.2	0.2	0.2	0.25	0.2	0.25	0.1	0.25	0.25	0.2	0.25	0.25	0.25	0.25	0.25	0.25	0.25	0.15	0.25	0.25	0.15	0.25	0.15	0.25	0.15	0.25	0.2	0.2	0.25	0.25	0.25	0.1	0.25	0.2	0.1
1734	0.25	0.2	0.25	0.25	0.25	0.25	0.25	0.25	0.2	0.25	0.15	0.15	0.2	0.25	0.25	0.25	0.25	0.1	0.25	0.2	0.25	0.2	0.25	0.25	0.25	0.2	0.2	0.25	0.2	0.2	0.1	0.25	0.25	0.2	0.2	0.25	0.15	0.2	0.15	0.15	0.2	0.2	0.25	0.25	0.15	0.2	0.25	0.25	0.2	0.25	0.25	0.2	0.2	0.25	0.15	0.25	0.1	0.2	0.15	0.25	0.15	0.15	0.25	0.25	0.2	0.2	0.25	0.2	0.25	0.2	0.2	0.25	0.2	0.25	0.2	0.15	0.25	0.2	0.25	0.1	0.25	0.25	0.25	0.1	0.25	0.2	0.2	0.2	0.25	0.2	0.1	0.2	0.2	0.2	0.2	0.2	0.25	0.25	0.15	0.25
1742	0.25	0.05	0.2	0.25	0.25	0.2	0.25	0.2	0.25	0.15	0.15	0.2	0.25	0.2	0.2	0.25	0.15	0.25	0.25	0.1	0.2	0.15	0.25	0.2	0.25	0.25	0.15	0.2	0.15	0.25	0.15	0.25	0.2	0.2	0.25	0.25	0.25	0.25	0.2	0.25	0.2	0.25	0.25	0.25	0.2	0.2	0.15	0.1	0.2	0.25	0.25	0.25	0.2	0.25	0.15	0.25	0.2	0.25	0.15	0.25	0.25	0.25	0.25	0.15	0.25	0.25	0.2	0.25	0.25	0.1	0.15	0.25	0.25	0.25	0.15	0.25	0.2	0.15	0.25	0.2	0.25	0.25	0.15	0.15	0.2	0.2	0.2	0.15	0.2	0.2	0.25	0.15	0.15	0.2	0.2	0.2	0.25	0.25	0.25	0.05
1751	0.15	0.25	0.25	0.25	0.25	0.2	0.15	0.15	0.05	0.2	0.2	0.2	0.2	0.2	0.25	0.25	0.2	0.25	0.1	0.2	0.25	0.2	0.25	0.15	0.2	0.15	0.25	0.1	0.25	0.15	0.15	0.15	0.15	0.25	0.2	0.2	0.25	0.2	0.25	0.2	0.25	0.25	0.1	0.2	0.2	0.2	0.15	0.25	0.2	0.25	0.15	0.25	0.1	0.2	0.25	0.2	0.15	0.25	0.25	0.1	0.25	0.2	0.25	0.2	0.1	0.2	0.2	0.15	0.15	0.2	0.25	0.2	0.25	0.2	0.25	0.2	0.2	0.2	0.15	0.15	0.25	0.25	0.2	0.25	0.25	0.1	0.15	0.2	0.2	0.25	0.2	0.25	0.2	0.25	0.2	0.2	0.2	0.1	0.25	0.25
1760	0.25	0.2	0.15	0.2	0.2	0.25	0.25	0.2	0.2	0.25	0.15	0.2	0.15	0.1	0.2	0.15	0.25	0.2	0.15	0.1	0.2	0.2	0.25	0.2	0.25	0.2	0.15	0.2	0.15	0.2	0.25	0.2	0.2	0.25	0.25	0.25	0.25	0.15	0.1	0.25	0.25	0.25	0.25	0.25	0.25	0.2	0.15	0.25	0.2	0.25	0.2	0.15	0.25	0.1	0.25	0.25	0.25	0.15	0.25	0.25	0.15	0.25	0.25	0.25	0.25	0.25	0.25	0.25	0.1	0.25	0.25	0.2	0.25	0.25	0.25	0.25	0.1	0.25	0.25	0.1	0.2	0.2	0.25	0.1	0.25	0.25	0.15	0.15	0.15	0.25	0.2	0.2	0.2	0.2	0.25	0.2	0.25	0.1	0.2	0.05
1767	0.25	0.25	0.25	0.1	0.15	0.2	0.2	0.25	0.25	0.15	0.25	0.25	0.2	0.1	0.1	0.2	0.25	0.1	0.2	0.1	0.15	0.25	0.05	0.25	0.1	0.25	0.2	0.25	0.25	0.2	0.2	0.1	0.2	0.25	0.2	0.2	0.2	0.2	0.15	0.2	0.15	0.25	0.15	0.15	0.2	0.25	0.25	0.05	0.25	0.15	0.15	0.25	0.2	0.15	0.05	0.25	0.15	0.2	0.15	0.25	0.25	0.25	0.25	0.25	0.15	0.25	0.25	0.2	0.25	0.25	0.2	0.2	0.2	0.2	0.25	0.15	0.25	0.25	0.1	0.25	0.2	0.25	0.1	0.25	0.2	0.25	0.25	0.2	0.1	0.25	0.15	0.25	0.2	0.25	0.2	0.15	0.1	0.25	0.25	0.2
1770	0.2	0.2	0.2	0.2	0.2	0.25	0.25	0.1	0.25	0.25	0.2	0.25	0.2	0.2	0.25	0.15	0.15	0.2	0.2	0.25	0.25	0.2	0.2	0.25	0.1	0.25	0.25	0.2	0.2	0.05	0.2	0.2	0.25	0.2	0.15	0.25	0.25	0.25	0.25	0.25	0.15	0.2	0.25	0.2	0.2	0.15	0.2	0.25	0.1	0.15	0.15	0.25	0.15	0.1	0.15	0.15	0.25	0.25	0.25	0.25	0.2	0.2	0.25	0.25	0.1	0.25	0.2	0.2	0.2	0.25	0.2	0.15	0.25	0.25	0.2	0.2	0.2	0.1	0.2	0.15	0.1	0.2	0.25	0.25	0.2	0.25	0.25	0.25	0.2	0.1	0.2	0.2	0.2	0.15	0.25	0.25	0.25	0.2	0.25	0.2
1777	0.2	0.2	0.2	0.25	0.2	0.25	0.2	0.25	0.2	0.15	0.15	0.25	0.25	0.15	0.15	0.25	0.2	0.2	0.25	0.15	0.15	0.2	0.25	0.25	0.2	0.15	0.2	0.25	0.2	0.25	0.25	0.1	0.1	0.25	0.2	0.25	0.15	0.2	0.15	0.25	0.05	0.15	0.25	0.15	0.25	0.2	0.25	0.2	0.1	0.2	0.25	0.1	0.25	0.25	0.25	0.15	0.15	0.2	0.25	0.25	0.2	0.2	0.25	0.25	0.2	0.25	0.2	0.15	0.2	0.2	0.25	0.2	0.25	0.05	0.25	0.25	0.25	0.25	0.25	0.25	0.2	0.2	0.25	0.1	0.25	0.25	0.25	0.2	0.1	0.2	0.25	0.2	0.1	0.25	0.25	0.2	0.25	0.2	0.2	0.2
1787	0.2	0.25	0.2	0.15	0.2	0.15	0.2	0.25	0.25	0.25	0.25	0.25	0.25	0.2	0.25	0.2	0.15	0.25	0.15	0.15	0.15	0.15	0.25	0.25	0.25	0.15	0.05	0.25	0.25	0.25	0.05	0.25	0.25	0.25	0.1	0.25	0.2	0.2	0.25	0.15	0.2	0.25	0.2	0.25	0.15	0.25	0.25	0.2	0.25	0.25	0.25	0.2	0.25	0.15	0.25	0.2	0.25	0.15	0.2	0.15	0.25	0.1	0.2	0.25	0.05	0.2	0.25	0.15	0.25	0.2	0.25	0.25	0.15	0.15	0.2	0.2	0.2	0.2	0.2	0.25	0.25	0.25	0.15	0.25	0.2	0.05	0.2	0.2	0.2	0.25	0.15	0.2	0.25	0.2	0.25	0.2	0.15	0.25	0.2	0.2
1788	0.25	0.2	0.25	0.2	0.2	0.2	0.2	0.2	0.25	0.2	0.2	0.2	0.25	0.2	0.25	0.2	0.25	0.25	0.2	0.2	0.2	0.2	0.2	0.25	0.15	0.25	0.25	0.25	0.2	0.25	0.2	0.05	0.15	0.1	0.2	0.2	0.2	0.25	0.1	0.2	0.25	0.25	0.25	0.2	0.15	0.25	0.25	0.25	0.25	0.25	0.25	0.2	0.25	0.2	0.2	0.25	0.2	0.25	0.1	0.2	0.2	0.25	0.25	0.2	0.25	0.25	0.15	0.1	0.25	0.15	0.1	0.2	0.25	0.25	0.25	0.25	0.2	0.2	0.25	0.15	0.2	0.2	0.2	0.2	0.25	0.25	0.25	0.25	0.25	0.2	0.25	0.25	0.2	0.25	0.25	0.05	0.25	0.25	0.2	0.25
1790	0.2	0.25	0.25	0.2	0.2	0.2	0.2	0.2	0.2	0.15	0.2	0.25	0.2	0.25	0.25	0.25	0.2	0.2	0.25	0.1	0.2	0.25	0.25	0.25	0.25	0.2	0.1	0.2	0.15	0.25	0.25	0.15	0.25	0.2	0.25	0.15	0.25	0.25	0.25	0.2	0.2	0.15	0.25	0.25	0.25	0.25	0.1	0.25	0.15	0.25	0.25	0.2	0.05	0.2	0.25	0.25	0.25	0.25	0.1	0.2	0.25	0.2	0.25	0.1	0.25	0.25	0.25	0.2	0.05	0.2	0.1	0.2	0.2	0.25	0.2	0.25	0.25	0.15	0.2	0.2	0.15	0.25	0.05	0.25	0.25	0.25	0.15	0.25	0.2	0.25	0.25	0.2	0.25	0.2	0.25	0.25	0.15	0.25	0.2	0.25
1791	0.15	0.1	0.25	0.15	0.2	0.2	0.2	0.25	0.25	0.25	0.2	0.2	0.25	0.25	0.15	0.15	0.25	0.25	0.1	0.25	0.15	0.25	0.2	0.2	0.15	0.2	0.25	0.15	0.25	0.2	0.25	0.25	0.15	0.25	0.25	0.2	0.15	0.25	0.25	0.2	0.25	0.2	0.25	0.25	0.25	0.2	0.2	0.15	0.25	0.05	0.2	0.2	0.25	0.2	0.25	0.25	0.15	0.25	0.2	0.25	0.2	0.2	0.2	0.15	0.25	0.25	0.15	0.1	0.25	0.1	0.25	0.1	0.25	0.2	0.25	0.2	0.25	0.2	0.25	0.25	0.25	0.25	0.25	0.2	0.1	0.25	0.25	0.1	0.2	0.15	0.2	0.2	0.15	0.15	0.2	0.25	0.25	0.25	0.25	0.25
1792	0.25	0.25	0.25	0.2	0.25	0.15	0.25	0.25	0.15	0.25	0.2	0.25	0.25	0.15	0.25	0.15	0.2	0.25	0.2	0.25	0.15	0.25	0.25	0.15	0.15	0.25	0.2	0.25	0.25	0.2	0.2	0.2	0.25	0.15	0.25	0.15	0.1	0.25	0.15	0.25	0.15	0.15	0.2	0.2	0.25	0.15	0.25	0.25	0.15	0.25	0.2	0.15	0.25	0.2	0.25	0.25	0.25	0.2	0.25	0.05	0.25	0.2	0.15	0.25	0.25	0.25	0.25	0.2	0.15	0.25	0.1	0.25	0.25	0.25	0.15	0.25	0.25	0.2	0.25	0.25	0.15	0.2	0.25	0.2	0.2	0.15	0.25	0.25	0.15	0.2	0.25	0.25	0.15	0.2	0.15	0.2	0.25	0.25	0.1	0.25
1793	0.25	0.25	0.1	0.2	0.25	0.2	0.2	0.2	0.1	0.1	0.15	0.25	0.2	0.25	0.25	0.15	0.25	0.25	0.25	0.2	0.25	0.25	0.25	0.25	0.15	0.2	0.25	0.25	0.25	0.1	0.1	0.25	0.1	0.2	0.2	0.25	0.15	0.25	0.15	0.25	0.1	0.25	0.25	0.25	0.25	0.15	0.25	0.15	0.2	0.15	0.2	0.25	0.25	0.25	0.1	0.25	0.1	0.25	0.25	0.2	0.2	0.25	0.25	0.2	0.25	0.25	0.25	0.25	0.2	0.15	0.2	0.15	0.25	0.15	0.25	0.2	0.15	0.2	0.25	0.25	0.2	0.15	0.15	0.25	0.2	0.2	0.25	0.25	0.25	0.25	0.2	0.25	0.25	0.25	0.1	0.25	0.2	0.2	0.25	0.1
1794	0.15	0.25	0.2	0.2	0.25	0.25	0.15	0.2	0.25	0.1	0.25	0.25	0.2	0.2	0.15	0.25	0.2	0.15	0.25	0.2	0.2	0.25	0.2	0.2	0.1	0.25	0.25	0.1	0.2	0.25	0.2	0.25	0.25	0.25	0.25	0.2	0.15	0.25	0.25	0.2	0.25	0.2	0.2	0.2	0.2	0.25	0.25	0.25	0.2	0.15	0.25	0.15	0.25	0.15	0.25	0.25	0.25	0.15	0.2	0.2	0.25	0.25	0.2	0.15	0.15	0.15	0.25	0.25	0.2	0.2	0.25	0.25	0.25	0.25	0.25	0.2	0.2	0.2	0.25	0.1	0.2	0.25	0.1	0.2	0.2	0.05	0.2	0.25	0.2	0.25	0.25	0.25	0.25	0.25	0.2	0.25	0.25	0.25	0.15	0.2
1795	0.2	0.25	0.25	0.25	0.2	0.25	0.25	0.2	0.2	0.15	0.25	0.25	0.2	0.2	0.25	0.25	0.25	0.15	0.25	0.25	0.25	0.2	0.25	0.25	0.1	0.25	0.1	0.15	0.25	0.2	0.15	0.1	0.25	0.2	0.2	0.2	0.2	0.2	0.25	0.15	0.15	0.25	0.2	0.2	0.25	0.15	0.2	0.25	0.15	0.2	0.2	0.15	0.25	0.2	0.1	0.25	0.2	0.2	0.25	0.2	0.25	0.25	0.1	0.05	0.15	0.2	0.25	0.25	0.1	0.25	0.25	0.2	0.15	0.25	0.2	0.2	0.25	0.2	0.2	0.25	0.15	0.1	0.25	0.25	0.25	0.25	0.2	0.25	0.25	0.25	0.15	0.15	0.25	0.1	0.25	0.2	0.25	0.25	0.25	0.2
1796	NA	NA	NA	NA	NA	NA	NA	NA	NA	NA	NA	NA	NA	NA	NA	NA	NA	NA	NA	NA	NA	NA	NA	NA	NA	NA	NA	NA	NA	NA	NA	NA	NA	NA	NA	NA	NA	NA	NA	NA	NA	NA	NA	NA	NA	NA	NA	NA	NA	NA	NA	NA	NA	NA	NA	NA	NA	NA	NA	NA	NA	NA	NA	NA	NA	NA	NA	NA	NA	NA	NA	NA	NA	NA	NA	NA	NA	NA	NA	NA	NA	NA	NA	NA	NA	NA	NA	NA	NA	NA	NA	NA	NA	NA	NA	NA	NA	NA	NA	NA
1803	0.25	0.2	0.25	0.1	0.25	0.2	0.2	0.15	0.25	0.25	0.25	0.25	0.2	0.25	0.15	0.2	0.25	0.2	0.25	0.25	0.25	0.25	0.25	0.25	0.25	0.15	0.25	0.2	0.15	0.25	0.25	0.2	0.25	0.2	0.25	0.25	0.2	0.2	0.15	0.25	0.15	0.2	0.2	0.2	0.25	0.25	0.2	0.25	0.25	0.25	0.15	0.25	0.25	0.15	0.15	0.25	0.2	0.05	0.25	0.2	0.25	0.25	0.2	0.2	0.1	0.25	0.25	0.25	0.25	0.2	0.25	0.25	0.25	0.25	0.25	0.25	0.25	0.15	0.25	0.2	0.2	0.25	0.25	0.2	0.15	0.15	0.25	0.2	0.2	0.25	0.25	0.25	0.15	0.25	0.1	0.25	0.25	0.2	0.2	0.2
1804	0.25	0.2	0.2	0.1	0.25	0.25	0.25	0.25	0.25	0.25	0.25	0.25	0.2	0.15	0.25	0.25	0.2	0.1	0.25	0.25	0.25	0.25	0.25	0.2	0.25	0.25	0.25	0.25	0.2	0.25	0.2	0.2	0.25	0.15	0.2	0.25	0.25	0.2	0.2	0.25	0.2	0.25	0.15	0.25	0.25	0.25	0.1	0.25	0.25	0.2	0.25	0.15	0.25	0.25	0.25	0.25	0.25	0.25	0.2	0.2	0.15	0.1	0.25	0.25	0.2	0.25	0.25	0.2	0.1	0.2	0.25	0.25	0.25	0.25	0.25	0.25	0.2	0.2	0.25	0.15	0.25	0.2	0.25	0.25	0.2	0.15	0.25	0.2	0.2	0.25	0.15	0.15	0.25	0.25	0.25	0.2	0.15	0.25	0.25	0.25
1808	0.2	0.05	0.25	0.15	0.25	0.2	0.2	0.25	0.2	0.25	0.25	0.25	0.25	0.2	0.2	0.2	0.2	0.25	0.25	0.2	0.2	0.1	0.25	0.25	0.15	0.25	0.2	0.2	0.25	0.15	0.2	0.25	0.25	0.2	0.2	0.15	0.25	0.2	0.25	0.2	0.05	0.2	0.2	0.25	0.15	0.25	0.2	0.2	0.2	0.25	0.25	0.1	0.2	0.2	0.25	0.1	0.15	0.25	0.2	0.25	0.25	0.25	0.15	0.25	0.2	0.15	0.2	0.25	0.25	0.25	0.2	0.2	0.25	0.2	0.1	0.15	0.1	0.25	0.25	0.25	0.25	0.15	0.2	0.25	0.25	0.2	0.25	0.25	0.25	0.25	0.2	0.15	0.15	0.2	0.25	0.2	0.2	0.2	0.2	0.25
1810	0.2	0.2	0.2	0.25	0.25	0.15	0.15	0.25	0.25	0.2	0.1	0.1	0.25	0.15	0.25	0.2	0.15	0.2	0.25	0.25	0.25	0.2	0.15	0.15	0.2	0.25	0.2	0.25	0.15	0.2	0.2	0.25	0.2	0.1	0.15	0.2	0.2	0.25	0.25	0.25	0.2	0.15	0.25	0.2	0.2	0.15	0.2	0.15	0.1	0.1	0.25	0.2	0.25	0.25	0.15	0.15	0.2	0.25	0.15	0.25	0.25	0.2	0.25	0.25	0.25	0.2	0.15	0.25	0.15	0.2	0.25	0.15	0.25	0.15	0.25	0.15	0.15	0.1	0.25	0.15	0.25	0.2	0.25	0.25	0.2	0.25	0.1	0.25	0.2	0.25	0.25	0.1	0.2	0.15	0.25	0.25	0.2	0.2	0.15	0.2
1819	0.25	0.25	0.25	0.15	0.25	0.2	0.2	0.25	0.25	0.25	0.25	0.25	0.25	0.25	0.25	0.05	0.2	0.1	0.25	0.25	0.25	0.25	0.2	0.25	0.25	0.25	0.25	0.2	0.1	0.25	0.15	0.2	0.25	0.2	0.05	0.1	0.1	0.1	0.25	0.2	0.25	0.25	0.25	0.1	0.1	0.25	0.25	0.15	0.2	0.25	0.25	0.2	0.25	0.2	0.25	0.25	0.2	0.25	0.2	0.1	0.15	0.15	0.25	0.25	0.25	0.25	0.2	0.15	0.25	0.2	0.2	0.15	0.15	0.25	0.1	0.25	0.25	0.2	0.15	0.2	0.25	0.25	0.25	0.25	0.15	0.2	0.25	0.25	0.25	0.2	0.2	0.15	0.2	0.25	0.15	0.25	0.15	0.25	0.25	0.15
1883	NA	NA	NA	NA	NA	NA	NA	NA	NA	NA	NA	NA	NA	NA	NA	NA	NA	NA	NA	NA	NA	NA	NA	NA	NA	NA	NA	NA	NA	NA	NA	NA	NA	NA	NA	NA	NA	NA	NA	NA	NA	NA	NA	NA	NA	NA	NA	NA	NA	NA	NA	NA	NA	NA	NA	NA	NA	NA	NA	NA	NA	NA	NA	NA	NA	NA	NA	NA	NA	NA	NA	NA	NA	NA	NA	NA	NA	NA	NA	NA	NA	NA	NA	NA	NA	NA	NA	NA	NA	NA	NA	NA	NA	NA	NA	NA	NA	NA	NA	NA
1919	0.1	0.2	0.15	0.25	0.25	0.2	0.1	0.2	0.25	0.25	0.1	0.2	0.25	0.25	0.25	0.15	0.2	0.2	0.15	0.15	0.2	0.25	0.15	0.25	0.1	0.15	0.1	0.15	0.25	0.25	0.25	0.2	0.15	0.25	0.2	0.2	0.15	0.1	0.25	0.25	0.2	0.1	0.2	0.1	0.2	0.25	0.15	0.15	0.25	0.25	0.1	0.2	0.2	0.2	0.25	0.2	0.25	0.2	0.25	0.2	0.15	0.25	0.2	0.25	0.15	0.2	0.25	0.25	0.2	0.25	0.25	0.25	0.25	0.15	0.2	0.25	0.25	0.2	0.25	0.2	0.25	0.2	0.25	0.2	0.25	0.25	0.25	0.25	0.25	0.1	0.25	0.2	0.2	0.1	0.1	0.25	0.25	0.2	0.2	0.25
2119	0.25	0.25	0.25	0.05	0.1	0.2	0.25	0.25	0.25	0.25	0.25	0.25	0.25	0.2	0.25	0.25	0.2	0.2	0.2	0.25	0.25	0.25	0.25	0.25	0.25	0.2	0.25	0.15	0.2	0.25	0.2	0.2	0.25	0.25	0.25	0.2	0.2	0.25	0.25	0.25	0.25	0.2	0.25	0.25	0.15	0.25	0.2	0.25	0.2	0.25	0.25	0.15	0.25	0.25	0.2	0.25	0.15	0.25	0.25	0.15	0.25	0.25	0.1	0.25	0.2	0.15	0.25	0.1	0.2	0.1	0.25	0.2	0.2	0.2	0.15	0.15	0.25	0.15	0.2	0.15	0.2	0.25	0.25	0.25	0.25	0.25	0.25	0.25	0.15	0.2	0.15	0.25	0.15	0.2	0.2	0.2	0.25	0.25	0.25	0.25
3011	0.25	0.25	0.25	0.15	0.25	0.25	0.25	0.1	0.25	0.25	0.25	0.2	0.2	0.1	0.25	0.25	0.2	0.25	0.1	0.2	0.25	0.25	0.1	0.2	0.25	0.15	0.2	0.2	0.25	0.25	0.15	0.2	0.1	0.25	0.15	0.25	0.25	0.15	0.2	0.25	0.15	0.25	0.25	0.15	0.25	0.25	0.2	0.2	0.25	0.25	0.1	0.2	0.1	0.25	0.15	0.25	0.15	0.25	0.25	0.2	0.2	0.25	0.2	0.1	0.1	0.25	0.25	0.15	0.25	0.1	0.15	0.25	0.25	0.2	0.1	0.25	0.25	0.2	0.25	0.25	0.2	0.25	0.2	0.2	0.25	0.2	0.25	0.25	0.2	0.2	0.2	0.2	0.25	0.25	0.2	0.25	0.15	0.25	0.1	0.1
3085	0.15	0.2	0.15	0.15	0.25	0.15	0.15	0.2	0.15	0.1	0.15	0.05	0.25	0.25	0.15	0.25	0.05	0.25	0.25	0.15	0.1	0.25	0.2	0.15	0.25	0.2	0.15	0.25	0.05	0.2	0.25	0.25	0.2	0.15	0.25	0.25	0.2	0.25	0.25	0.15	0.1	0.25	0.2	0.1	0.2	0.25	0.25	0.25	0.2	0.25	0.15	0.2	0.25	0.25	0.25	0.2	0.25	0.25	0.25	0.15	0.25	0.2	0.25	0.25	0.15	0.15	0.25	0.25	0.2	0.25	0.25	0.25	0.2	0.25	0.25	0.2	0.25	0.25	0.25	0.25	0.25	0.2	0.25	0.25	0.25	0.25	0.25	0.25	0.2	0.25	0.25	0.25	0.25	0.2	0.25	0.2	0.25	0.25	0.15	0.2
