1005	500	500	500	600	500	500	600	300	500	500	500	600	500	500	600	300	500	500	500	500	500	600	600	500	500	500	600	500	500	500	500	500	600	500	500	500	500	500	500	500	600	500	500	500	600	600	500	500	500	500	600	500	600	500	500	500	300	500	300	500	500	500	500	500	300	500	500	300	600	500	600	500	500	500	500	600	600	300	600	600	300	600	500	500	500	500	500	600	600	500	500	300	600	600	500	500	500	500	500	500
1006	500	600	500	300	500	300	500	300	500	500	600	500	500	500	500	500	600	500	600	500	300	500	500	300	500	500	500	300	500	500	300	500	500	600	500	300	500	500	500	500	600	500	600	500	500	300	500	500	500	500	500	500	500	300	500	500	300	500	300	500	500	500	500	600	500	500	500	500	500	500	500	500	500	500	500	500	500	500	600	500	300	600	500	500	600	500	500	500	500	500	500	500	500	500	500	500	600	500	500	300
1007	500	600	600	500	500	500	500	500	600	500	500	500	500	500	600	500	500	500	300	500	500	600	500	500	600	500	500	500	500	500	300	500	500	600	500	500	600	500	300	500	500	300	500	500	500	300	600	500	600	300	300	600	600	500	600	600	600	500	500	500	300	500	500	500	500	500	600	500	600	500	300	500	500	500	600	500	500	600	500	300	500	500	500	500	500	500	300	300	500	500	500	500	600	600	300	500	600	500	500	500
1008	500	500	600	500	500	600	500	500	500	500	500	500	600	500	500	500	500	500	600	300	500	300	600	500	500	300	500	600	300	500	500	500	600	500	500	600	500	600	600	300	500	300	600	600	500	500	500	500	600	300	500	500	300	500	500	500	500	600	500	500	500	500	500	300	500	300	500	500	500	500	500	500	500	500	300	500	500	600	300	500	600	300	300	600	600	500	600	500	600	500	600	500	500	500	500	500	500	500	500	500
1018	500	500	300	600	500	300	500	500	300	500	500	500	500	500	300	500	500	500	500	300	500	500	600	500	600	500	500	500	500	500	500	600	500	500	500	500	500	500	300	300	500	600	500	500	600	500	500	500	300	500	500	500	500	300	600	500	500	500	500	600	500	500	600	500	500	500	500	300	500	500	500	600	600	300	500	500	500	500	600	500	300	500	500	600	600	500	500	600	500	500	300	500	500	300	300	500	300	300	600	500
1022	500	500	300	500	300	500	500	500	500	300	600	500	500	300	500	500	600	500	500	500	500	500	500	500	600	600	500	500	300	600	500	300	500	300	500	500	600	500	500	600	500	300	600	500	500	600	500	500	500	500	600	300	500	300	600	500	500	500	500	600	500	600	500	300	500	500	500	500	600	600	300	300	500	500	500	600	500	500	500	600	500	500	300	600	600	600	500	300	500	500	300	500	500	500	300	500	500	600	500	600
1023	600	500	500	600	500	500	600	500	500	600	500	500	600	500	500	500	600	500	500	500	300	500	500	600	500	500	500	600	500	500	600	500	500	500	500	500	500	600	500	500	500	300	600	500	500	500	500	500	500	500	500	500	500	600	500	300	500	500	500	500	500	300	600	500	300	300	500	500	500	500	500	500	500	600	500	600	600	500	300	300	500	500	500	600	500	300	500	500	500	500	500	500	500	300	500	600	500	500	500	500
1024	300	500	500	500	500	500	600	600	500	600	300	600	500	500	500	300	500	600	500	500	500	500	500	300	300	500	500	600	500	500	500	500	500	500	500	600	500	600	600	500	500	500	600	500	500	500	500	600	600	300	500	600	500	500	500	500	500	600	500	500	600	600	500	500	500	500	500	500	300	600	500	500	500	500	500	500	600	500	500	500	500	500	500	500	600	500	500	500	300	500	500	500	300	500	300	500	500	500	600	500
1025	500	500	500	600	500	500	500	500	300	500	500	500	500	600	500	500	500	500	600	500	500	500	500	500	500	500	500	500	500	300	500	600	600	500	500	600	500	300	500	500	500	500	500	500	500	500	300	500	500	300	600	500	500	500	500	600	500	300	600	500	500	500	300	500	500	500	300	500	300	500	500	500	500	500	500	500	500	500	500	300	600	500	500	500	300	500	500	600	500	500	300	500	600	500	500	500	500	500	500	300
1027	500	500	600	500	300	500	500	600	500	500	500	300	500	500	600	500	500	600	500	600	500	500	500	500	500	500	500	500	600	500	600	500	500	500	500	500	500	500	500	500	500	500	500	300	600	300	600	300	500	500	500	500	600	300	500	500	600	500	500	300	300	500	600	600	500	500	500	600	500	500	600	500	500	500	500	500	500	500	500	500	600	600	500	300	500	500	500	500	500	600	500	300	300	500	500	500	500	300	500	500
1031	300	500	500	600	300	500	500	600	300	600	500	500	500	500	500	500	300	300	500	600	500	600	300	500	500	600	500	300	500	600	500	600	300	500	600	500	500	500	500	500	500	300	500	500	300	500	600	600	500	600	600	300	600	600	500	500	500	500	600	500	300	500	300	600	500	500	300	500	500	600	500	500	500	600	500	500	500	600	500	500	500	500	500	300	500	500	300	500	500	300	300	300	300	500	500	600	500	500	600	300
1035	500	500	500	600	600	300	500	500	500	500	500	600	300	500	500	500	500	600	500	600	500	300	500	500	500	500	300	600	500	500	500	500	500	500	600	500	500	600	500	500	500	500	500	500	500	600	500	300	500	500	500	300	500	500	500	500	500	500	500	500	300	600	300	500	500	500	500	500	500	500	500	500	300	500	500	500	500	500	500	500	500	500	500	600	500	600	500	500	500	500	500	500	500	600	500	500	500	500	500	500
1106	500	500	500	500	500	500	500	500	500	500	500	500	500	500	500	600	500	500	500	500	500	500	500	600	500	500	500	500	500	500	300	500	300	500	500	500	300	500	500	500	600	500	500	300	500	600	500	500	500	600	600	600	500	500	500	300	500	500	300	500	500	600	500	500	500	600	500	500	500	600	500	500	600	600	600	500	500	500	500	500	500	500	500	500	500	500	500	500	600	500	500	500	500	500	500	500	300	500	500	300
1107	300	500	500	500	500	500	500	500	300	500	500	600	600	500	300	500	600	500	600	600	600	500	500	500	500	500	500	300	300	600	500	500	500	500	500	300	600	600	500	600	600	500	500	300	500	600	500	500	600	500	500	600	500	300	500	300	500	500	500	500	500	500	300	500	500	500	500	500	500	500	600	600	300	600	300	500	500	300	300	500	500	500	500	500	500	600	500	500	600	600	600	500	300	500	500	500	600	500	500	500
1146	500	500	600	500	600	500	500	500	500	600	600	600	500	500	600	500	600	500	600	500	500	500	500	500	500	600	600	500	500	600	300	500	500	500	500	500	300	500	500	500	600	500	600	500	300	500	300	600	500	600	500	500	500	300	300	600	500	300	500	500	500	500	500	500	500	500	300	300	500	600	600	600	600	500	600	500	500	500	300	500	500	500	500	500	300	500	500	600	500	500	500	500	500	500	500	500	300	500	500	500
1157	600	300	300	600	500	500	500	500	500	500	500	500	300	500	500	500	500	500	500	500	300	500	600	600	500	500	500	500	500	500	500	500	600	500	500	600	500	500	500	600	500	500	500	500	500	500	600	300	600	500	500	600	600	500	500	500	500	500	500	500	500	500	500	300	600	500	300	600	500	300	600	300	600	500	500	500	500	500	500	500	500	500	600	500	300	500	500	500	500	500	500	300	500	600	500	500	300	300	300	500
1158	500	300	500	500	300	500	500	500	500	500	600	500	600	500	500	500	500	300	500	300	500	500	500	500	600	500	500	600	500	500	300	500	600	500	300	500	500	500	500	500	300	500	500	500	500	500	500	300	500	500	500	600	300	500	600	500	600	600	500	500	500	500	600	500	600	500	500	600	500	300	500	300	300	600	500	500	300	500	500	500	500	500	500	600	500	300	500	500	500	500	500	300	300	500	500	500	500	600	500	500
1161	300	600	500	300	500	500	500	500	500	500	600	600	500	300	300	500	600	600	500	500	500	600	500	500	500	500	500	500	500	600	500	500	500	600	500	600	600	500	500	500	500	500	500	500	500	500	500	500	600	500	500	500	500	500	500	500	300	500	300	600	500	500	500	600	500	600	600	600	500	500	500	500	500	500	500	500	300	600	500	500	500	500	600	300	500	500	500	500	600	500	600	500	500	300	300	500	500	600	500	500
1162	500	600	500	500	500	500	500	500	500	600	500	600	500	300	500	600	500	300	500	500	600	300	500	300	300	600	600	500	500	500	500	500	600	600	500	500	500	600	500	300	500	500	300	600	500	500	500	300	500	500	500	500	300	500	500	500	500	600	600	500	500	500	500	500	300	500	500	600	500	500	500	300	500	300	600	300	600	300	500	600	500	500	500	500	500	500	300	500	500	600	600	500	600	500	500	500	500	500	600	500
1163	300	500	500	500	600	500	600	500	500	300	600	500	600	500	500	500	500	500	500	500	500	500	600	500	300	500	500	500	500	500	500	600	600	600	500	600	500	500	300	500	500	500	500	500	300	500	300	500	600	500	500	500	500	500	500	600	500	500	500	600	500	500	500	500	500	500	300	300	500	500	300	500	600	500	500	500	600	500	500	500	300	500	600	500	500	500	600	500	600	500	500	600	500	300	500	500	300	500	500	500
1170	500	500	300	500	500	500	500	500	500	600	500	300	500	500	500	500	500	500	500	500	500	600	500	500	500	500	500	500	500	500	500	500	500	500	300	600	500	500	500	500	300	500	500	500	500	600	600	500	500	600	500	500	500	600	300	300	500	500	500	500	500	500	500	500	500	500	500	300	500	600	500	500	500	600	300	500	600	500	600	500	500	500	500	600	500	500	500	500	500	500	500	500	500	600	500	500	500	500	500	600
1171	500	500	300	500	600	600	300	500	500	600	500	600	500	500	500	500	500	500	600	600	500	300	600	500	600	500	500	300	500	500	500	300	500	500	500	300	300	500	500	500	600	500	500	300	500	500	300	600	500	500	500	500	500	500	500	500	600	500	600	300	500	300	600	500	500	500	500	500	500	500	300	500	600	300	500	500	500	600	500	600	500	300	500	500	500	500	500	600	500	500	500	500	500	600	500	600	500	500	500	500
1180	500	300	500	600	600	500	500	500	500	600	500	500	300	500	500	600	500	500	500	500	500	500	500	500	500	600	500	600	500	600	500	500	500	500	500	500	500	500	500	300	500	500	500	500	300	500	500	500	500	500	600	500	600	600	500	300	300	500	600	600	500	500	600	600	500	600	500	600	500	500	500	600	500	500	300	500	500	300	500	500	500	300	500	300	300	500	500	500	500	500	500	500	600	500	500	500	300	500	500	600
1183	500	500	500	500	500	600	500	500	300	600	600	500	500	600	500	500	500	500	500	500	600	500	300	500	600	300	500	500	600	500	500	500	500	600	500	500	500	500	500	600	300	500	500	600	500	500	500	300	300	500	500	300	600	500	500	600	500	600	500	500	500	500	600	500	500	600	600	600	500	500	300	500	500	600	600	600	500	500	500	500	500	500	600	500	500	500	300	600	600	500	500	500	500	500	500	500	600	300	500	500
1184	600	300	300	600	500	600	500	500	500	500	500	500	500	500	600	500	500	500	500	500	600	500	500	500	500	500	500	600	500	600	300	500	500	500	600	500	500	600	500	500	600	500	500	600	300	500	500	300	500	600	600	300	600	500	500	500	500	500	500	500	500	500	500	300	500	300	500	500	500	300	500	500	500	300	500	500	500	500	500	500	500	500	300	500	600	500	500	500	500	500	500	500	500	600	500	500	500	500	500	500
1186	500	500	300	500	500	500	300	500	600	500	500	500	500	500	500	500	600	500	300	500	500	500	500	500	500	600	300	600	600	500	500	500	300	500	500	500	500	300	500	500	500	300	300	300	500	300	500	500	600	500	500	600	500	500	500	500	500	500	500	500	600	500	600	300	500	500	500	500	500	500	500	500	300	300	600	300	500	500	600	500	500	500	500	500	500	500	500	600	500	500	500	500	600	300	600	500	500	500	500	500
1187	600	500	600	500	500	500	500	500	500	500	500	600	500	500	500	600	500	500	600	500	600	500	500	500	600	500	500	500	500	500	500	500	500	500	500	500	500	500	500	500	500	500	600	500	500	600	500	500	600	600	500	500	500	300	500	500	600	500	500	500	500	600	500	600	500	300	600	300	500	500	500	500	300	500	500	500	500	300	500	500	600	500	500	600	600	500	300	300	500	300	300	600	500	500	500	500	500	500	500	500
1191	600	500	600	500	500	500	500	500	500	500	500	300	500	500	500	300	600	500	500	500	500	500	500	300	300	600	600	600	500	500	600	500	500	300	500	300	500	500	500	300	600	500	500	500	500	500	500	500	500	300	300	500	600	500	500	500	300	500	300	500	600	600	500	500	500	500	600	500	300	500	500	500	600	500	500	500	300	600	300	600	600	500	300	500	500	500	600	500	500	600	500	500	600	500	500	500	500	500	500	500
1195	500	500	500	500	500	500	500	500	300	300	300	500	600	500	500	600	500	300	500	500	500	500	300	500	500	500	500	500	500	500	300	500	500	300	600	600	600	500	500	600	500	500	500	500	500	500	500	600	300	500	500	300	500	500	500	500	600	500	600	500	600	500	500	300	300	300	500	500	500	500	300	500	300	500	500	500	500	500	500	300	500	500	500	500	600	500	500	500	500	300	500	500	600	500	300	600	600	600	500	500
1198	500	500	500	500	500	500	500	500	600	500	500	500	500	500	500	600	600	500	600	300	500	500	600	500	500	500	500	500	500	500	500	600	500	300	600	500	500	500	500	500	500	500	500	500	500	600	500	500	300	600	500	300	500	300	500	500	500	600	500	500	600	500	500	500	300	500	500	600	500	600	500	600	500	500	500	500	500	500	300	300	600	500	300	500	500	300	500	600	500	500	500	500	500	500	600	500	500	300	500	300
1199	500	500	500	500	300	600	600	500	500	500	500	500	500	500	500	500	500	500	600	500	500	500	500	500	500	500	300	500	600	500	500	500	500	500	500	500	500	600	500	500	500	600	500	500	500	300	500	600	600	500	500	500	300	600	500	500	600	500	500	500	500	500	500	500	500	500	600	500	500	500	500	500	600	300	500	500	600	600	500	500	500	500	500	300	500	500	500	500	600	500	500	500	500	500	500	500	500	300	500	600
1200	NA	NA	NA	NA	NA	NA	NA	NA	NA	NA	NA	NA	NA	NA	NA	NA	NA	NA	NA	NA	NA	NA	NA	NA	NA	NA	NA	NA	NA	NA	NA	NA	NA	NA	NA	NA	NA	NA	NA	NA	NA	NA	NA	NA	NA	NA	NA	NA	NA	NA	NA	NA	NA	NA	NA	NA	NA	NA	NA	NA	NA	NA	NA	NA	NA	NA	NA	NA	NA	NA	NA	NA	NA	NA	NA	NA	NA	NA	NA	NA	NA	NA	NA	NA	NA	NA	NA	NA	NA	NA	NA	NA	NA	NA	NA	NA	NA	NA	NA	NA
1202	500	300	600	600	500	500	600	500	500	500	600	500	600	500	600	600	500	600	500	500	500	500	500	500	500	500	500	500	500	500	500	300	500	500	300	500	500	500	500	500	600	500	600	500	500	300	500	500	500	500	500	600	500	500	300	500	500	500	600	500	500	500	500	500	500	600	500	500	500	500	500	300	500	500	500	600	500	500	500	300	500	500	500	600	500	500	500	500	500	500	500	500	500	500	500	500	500	500	600	500
1203	500	500	500	500	500	500	500	500	600	500	600	500	500	600	500	500	500	500	300	600	500	600	600	500	500	500	500	600	600	600	500	500	600	500	500	500	500	500	600	500	500	600	500	500	500	500	500	600	500	500	600	500	500	500	500	500	500	600	600	500	500	600	500	300	500	500	500	500	500	500	500	500	600	500	600	600	300	500	300	500	300	500	500	500	600	600	600	500	500	500	500	500	300	500	500	500	500	500	600	500
1204	500	500	500	500	500	500	500	600	600	500	500	500	500	600	500	500	600	500	500	500	500	600	500	500	500	500	500	300	500	600	500	600	600	500	500	500	300	600	500	500	500	500	600	600	600	600	600	500	500	500	500	500	600	600	600	500	500	500	600	300	600	500	500	500	500	600	600	500	600	500	300	500	500	500	500	500	500	500	300	300	500	500	300	500	500	300	500	600	500	300	500	500	600	300	500	500	500	300	500	500
1205	600	500	500	500	600	500	500	500	500	500	500	300	300	500	500	500	600	500	500	500	500	300	500	500	500	500	500	500	600	300	500	500	500	500	500	300	600	500	500	500	600	500	500	600	500	500	500	600	500	300	300	600	500	300	600	600	500	500	500	500	500	500	600	500	300	500	500	500	500	500	300	500	500	500	500	500	500	600	500	600	500	500	300	500	600	500	500	500	500	600	300	500	500	600	500	300	500	500	500	500
1206	600	500	500	600	500	500	500	500	500	500	500	600	500	500	500	500	500	300	500	600	500	600	500	500	600	300	500	500	500	500	500	300	600	300	300	600	500	500	600	500	500	500	500	300	500	500	600	300	300	500	500	500	500	600	600	600	500	500	500	500	600	500	600	300	500	500	600	500	500	500	500	500	600	500	300	500	600	500	600	500	500	600	500	500	500	500	500	500	500	500	600	500	600	500	500	500	500	600	500	500
1208	300	500	600	500	500	500	300	500	500	500	500	500	300	600	600	600	500	300	500	500	500	500	500	500	600	500	600	500	500	500	500	600	500	500	300	500	500	500	500	500	500	500	500	600	500	500	500	500	600	600	500	500	500	500	600	600	500	500	500	500	500	500	600	600	500	500	600	500	500	500	500	500	500	600	500	600	500	500	500	500	500	300	600	300	500	500	500	300	300	600	500	600	600	500	500	500	300	600	500	300
1210	600	500	500	600	300	300	500	300	500	600	500	500	500	500	500	300	500	500	500	500	300	500	600	300	500	500	500	500	300	500	500	600	500	600	500	600	500	600	300	500	500	600	500	500	500	500	500	500	300	500	500	500	500	500	300	500	300	500	500	500	500	500	600	500	300	500	500	500	500	500	600	500	600	500	600	300	500	500	500	500	500	500	500	500	500	500	300	500	500	600	500	500	500	500	500	600	600	500	300	500
1211	500	500	500	500	300	600	600	600	500	600	500	500	500	300	500	300	500	300	500	500	500	500	500	500	500	600	600	500	500	500	600	500	500	600	500	500	600	500	600	500	300	300	600	500	500	500	500	500	300	600	500	500	500	300	500	500	500	500	300	500	500	300	500	300	500	600	500	500	600	500	600	500	500	300	500	500	500	500	500	600	600	300	600	500	500	500	500	500	600	500	600	500	500	500	300	300	300	500	500	600
1212	600	500	500	500	500	500	500	500	300	500	500	300	500	500	500	500	500	300	500	600	500	500	500	300	500	500	500	300	500	300	500	600	600	600	500	500	500	500	600	300	500	600	500	600	600	500	500	500	300	600	300	600	300	500	600	600	500	600	500	500	500	300	500	500	500	500	500	500	600	500	600	600	500	500	500	600	500	500	500	300	500	500	500	500	500	500	600	500	500	300	300	500	500	500	500	500	600	500	600	500
1214	500	500	500	500	500	600	500	600	500	500	500	500	500	500	600	500	300	300	600	600	600	300	500	600	500	500	500	500	500	500	500	500	600	600	300	500	500	500	300	500	500	500	500	500	500	500	600	500	500	500	500	600	500	500	600	500	500	600	500	500	500	500	500	500	500	500	500	500	500	500	300	600	500	500	500	500	500	500	300	500	500	300	500	500	500	300	500	500	600	500	500	500	500	500	300	500	500	500	600	500
1215	500	500	300	300	300	500	500	300	600	300	300	600	500	500	500	300	500	300	500	500	500	500	500	500	500	600	500	500	600	500	500	500	500	600	500	600	500	500	600	500	500	500	500	500	500	500	300	500	600	500	500	600	500	500	500	500	500	500	600	600	300	300	500	500	500	500	500	500	500	500	500	500	500	600	300	500	500	500	500	500	500	300	600	500	500	500	500	500	500	300	500	500	600	500	500	500	600	300	500	600
1220	500	500	600	500	300	500	600	600	500	500	500	300	500	300	500	600	500	500	500	500	500	500	500	500	600	500	500	600	500	500	500	300	500	500	300	300	500	500	600	300	500	300	500	500	300	500	600	600	600	500	600	500	500	500	600	500	500	500	600	500	600	500	500	600	500	600	500	500	300	600	500	500	500	500	500	500	500	500	500	500	500	500	600	500	500	500	500	500	600	500	500	500	600	500	600	500	600	500	500	500
1221	500	500	500	600	500	300	500	600	600	500	600	500	600	600	300	500	500	500	500	500	600	500	600	600	500	500	300	600	500	600	600	500	500	500	500	500	300	500	500	500	500	500	500	300	500	600	500	500	300	500	500	500	300	300	500	500	600	600	300	500	500	500	600	500	500	500	500	500	600	500	600	300	500	500	500	500	500	600	300	300	300	500	500	500	500	500	500	500	500	500	500	600	500	500	500	600	500	600	500	600
1222	500	600	600	300	500	500	300	500	500	500	500	500	500	500	500	500	300	600	300	500	500	600	500	500	500	500	500	500	500	600	500	500	600	500	500	500	600	500	600	300	500	500	300	500	600	300	500	500	500	500	600	500	500	500	500	300	600	500	500	300	600	500	600	500	600	500	500	500	500	500	500	300	500	500	300	600	500	600	500	500	500	500	500	500	600	600	300	300	500	500	500	600	500	500	500	500	500	500	500	500
1225	500	500	300	500	300	300	300	500	500	500	500	500	500	500	500	500	500	600	500	500	500	500	500	500	500	500	500	600	500	500	600	600	500	500	500	300	500	300	300	500	500	600	500	600	500	500	500	500	500	500	500	500	500	500	500	500	500	500	500	500	500	500	300	500	500	300	500	500	500	500	500	500	600	500	500	500	500	500	600	500	300	500	500	500	500	300	500	500	300	500	500	500	300	600	600	500	300	500	300	500
1227	600	300	500	500	500	500	600	300	500	500	500	600	600	500	500	500	500	600	600	500	600	500	500	500	500	500	500	500	500	300	500	600	300	600	500	500	500	500	500	500	600	300	500	500	300	500	500	500	500	500	500	500	500	500	500	600	500	300	500	500	500	500	500	500	600	500	300	300	500	300	500	500	500	600	500	300	600	500	500	500	300	500	500	500	300	300	500	500	500	500	500	500	500	500	600	500	600	500	300	500
1232	600	600	500	500	300	600	500	300	600	500	500	500	500	500	500	500	600	500	500	500	500	600	500	500	500	500	600	500	500	600	500	500	500	500	600	500	500	600	300	500	300	500	500	600	500	600	500	500	300	500	500	500	500	500	500	500	500	500	500	500	500	500	500	500	500	500	500	600	500	500	600	500	600	500	500	500	500	600	500	500	500	500	300	500	500	500	500	500	500	300	500	500	500	500	500	500	500	600	300	600
1235	500	600	500	500	500	600	500	300	600	300	300	500	500	600	500	500	500	500	500	500	500	600	500	600	500	300	600	500	500	500	600	500	600	500	500	500	500	500	500	500	600	300	600	500	500	500	500	500	500	500	300	500	600	500	500	600	500	500	500	500	500	500	500	500	500	500	600	500	500	500	500	500	500	500	300	500	300	500	600	500	500	500	500	500	500	600	500	500	500	500	300	500	300	600	300	600	500	600	600	600
1237	500	500	500	500	500	500	500	500	500	600	300	500	500	600	500	600	500	600	600	600	500	600	600	600	300	600	500	300	600	500	500	500	600	500	300	300	500	300	500	600	500	500	500	500	500	600	600	600	500	500	600	300	500	500	500	300	500	600	500	500	600	500	300	500	600	500	500	500	500	300	500	600	500	500	500	500	500	500	500	500	500	500	500	500	500	600	600	500	500	500	500	500	500	500	600	600	600	500	500	600
1248	600	500	600	500	600	500	500	600	500	500	500	500	500	500	300	300	500	500	600	500	600	500	300	600	500	600	500	500	600	600	500	500	300	300	500	500	500	500	500	600	500	500	500	600	500	500	300	500	300	500	500	500	500	500	500	500	500	500	600	500	500	600	500	500	500	500	300	500	500	500	500	500	500	600	500	600	300	500	500	300	500	300	500	500	500	600	600	500	300	300	500	600	500	500	500	500	500	500	600	600
1264	500	600	500	500	500	600	300	600	500	500	300	500	600	500	600	600	500	500	600	500	500	500	500	600	500	500	500	500	500	300	600	500	500	600	500	500	500	500	500	500	500	500	300	500	500	500	500	500	300	500	500	500	600	600	500	600	500	500	600	500	500	500	300	500	300	500	500	500	600	500	300	600	600	500	600	500	600	600	600	600	500	600	500	500	500	600	500	500	500	300	500	500	500	500	500	500	500	500	600	600
1280	600	600	500	500	300	600	300	500	500	500	500	500	600	500	500	600	500	500	500	500	600	600	600	500	600	600	500	500	500	600	500	500	300	600	600	500	600	600	500	600	600	500	500	500	500	600	600	500	500	500	600	500	500	500	500	500	300	500	500	500	500	500	500	500	500	500	500	300	300	500	300	600	500	500	500	500	500	300	500	500	300	500	600	500	500	500	300	600	300	500	500	600	500	500	500	600	500	500	600	600
1289	600	500	500	500	600	500	500	500	500	500	500	500	500	500	600	500	500	500	500	600	500	500	500	500	300	300	500	500	500	500	500	500	500	600	500	500	500	500	600	500	500	500	500	300	500	500	500	500	600	500	500	500	500	600	300	500	500	500	500	600	500	500	500	600	500	500	500	500	500	500	500	500	500	500	500	500	500	500	600	500	500	300	500	600	600	500	500	500	500	300	500	300	500	500	500	500	500	300	500	600
1302	500	500	600	600	500	500	500	500	500	500	500	500	500	500	500	500	500	300	500	300	300	500	500	600	600	500	500	500	500	500	600	300	300	500	500	500	600	500	500	500	500	500	500	500	300	600	600	500	500	500	600	500	500	300	500	500	300	500	500	500	500	500	500	600	600	500	300	500	300	500	500	500	600	500	600	500	600	600	500	500	500	600	500	300	300	300	500	300	500	600	600	300	500	500	600	500	500	500	600	500
1308	500	300	500	500	500	500	500	500	500	500	500	600	500	500	500	500	500	500	500	300	500	300	500	500	600	500	500	500	500	600	500	500	600	500	500	500	600	300	500	500	500	500	500	300	500	500	300	300	500	500	500	500	600	500	500	300	500	300	600	500	500	500	500	500	300	300	500	500	500	500	500	500	500	500	600	300	500	600	500	300	500	500	500	500	600	500	300	500	500	500	500	500	500	500	500	500	500	600	600	500
1320	500	300	300	500	500	500	500	500	300	500	500	600	500	500	600	300	600	500	500	500	500	300	500	500	500	500	600	300	300	500	500	500	500	300	500	500	500	600	500	300	500	500	300	300	500	500	600	500	500	500	500	300	500	500	500	500	600	500	500	500	500	500	500	500	500	500	500	300	500	600	500	500	500	500	300	500	500	500	600	500	300	500	500	500	500	300	500	300	600	600	300	600	500	600	500	500	500	500	500	500
1325	300	300	600	300	500	500	500	500	500	500	500	500	500	500	300	600	500	500	300	500	600	600	500	500	300	500	500	600	500	600	500	300	500	500	500	500	500	500	500	300	500	600	500	600	600	300	500	600	500	600	500	500	500	500	500	500	500	500	600	500	600	500	500	500	500	500	600	500	500	500	500	500	600	500	300	500	600	500	500	500	500	500	500	500	600	500	300	500	500	600	500	500	500	500	500	500	500	500	600	500
1335	500	500	500	500	500	500	500	500	500	600	500	500	300	500	500	500	500	500	300	500	300	600	500	600	500	500	600	500	300	500	300	500	300	500	500	600	500	500	500	600	500	500	600	500	500	500	500	500	600	500	500	500	300	500	500	500	500	500	500	500	500	500	300	500	600	300	500	500	300	500	500	600	500	500	300	600	500	500	500	500	500	500	600	500	600	500	500	300	500	500	500	500	500	300	300	600	500	500	500	500
1336	500	500	500	500	500	500	500	500	500	500	300	500	500	300	500	500	500	500	600	500	300	500	600	600	500	600	500	500	500	300	500	500	500	500	500	500	500	600	500	500	500	500	500	300	500	600	500	300	500	600	500	600	600	500	500	500	500	500	600	600	500	500	500	500	600	500	500	600	500	600	500	500	500	500	600	500	600	500	300	500	500	500	500	600	500	500	500	600	600	500	600	500	600	500	500	300	500	500	600	500
1357	500	500	500	500	500	500	500	500	600	300	500	500	500	300	600	500	500	600	500	500	500	500	600	500	500	500	500	300	300	300	500	500	500	600	500	500	500	500	500	600	500	300	600	500	600	300	600	500	500	500	500	500	500	500	600	500	500	500	500	500	600	600	500	600	300	500	600	500	500	500	600	500	300	600	500	500	300	600	500	500	500	500	500	500	500	500	600	500	500	500	600	500	500	500	500	600	500	500	600	500
1379	500	600	500	500	600	500	500	500	500	500	500	500	300	500	500	500	500	500	500	500	500	500	500	500	600	500	300	300	600	500	600	500	600	500	500	300	500	600	600	500	500	500	300	500	500	500	500	500	500	500	500	600	300	500	500	600	600	500	500	500	600	500	500	600	500	300	500	500	600	500	500	600	500	500	300	500	500	500	500	500	500	500	500	500	500	500	500	500	600	500	500	500	500	600	500	500	500	500	500	600
1389	500	500	500	500	500	600	500	500	300	500	500	500	300	300	500	500	500	600	300	300	500	500	500	500	300	500	600	300	600	500	300	500	500	500	300	500	300	300	600	500	500	500	600	600	500	500	500	500	500	500	500	500	500	600	500	500	500	600	500	300	500	300	500	500	300	500	500	500	500	600	500	300	600	500	600	500	500	500	500	300	600	500	500	500	500	500	500	500	300	600	600	500	500	300	500	500	500	300	500	500
1397	600	500	500	600	300	500	500	500	300	500	500	300	500	500	500	600	500	500	500	600	500	600	300	500	500	500	500	500	500	500	600	500	500	500	500	300	500	500	500	500	500	500	500	500	500	500	600	500	500	600	500	600	600	600	500	500	500	600	500	500	500	300	500	300	500	500	500	500	500	500	500	500	500	500	500	300	500	500	600	500	500	300	500	500	500	500	600	500	500	500	500	500	500	600	500	600	500	500	500	300
1415	500	300	600	500	500	500	600	500	500	500	500	500	500	500	500	600	300	500	600	500	500	500	300	600	500	500	500	500	500	500	500	500	500	600	500	500	600	500	300	600	300	500	500	500	500	500	500	500	600	500	300	500	500	500	500	500	600	500	500	500	500	500	500	500	500	500	500	500	300	500	500	500	600	500	500	500	500	600	500	500	300	500	500	500	500	500	500	500	500	500	500	500	500	500	500	300	500	500	300	500
1416	300	500	600	500	500	500	300	300	500	500	500	500	500	600	500	500	300	300	500	500	500	500	500	500	500	500	500	500	500	500	600	500	500	500	500	500	500	500	500	500	600	500	500	500	500	600	500	300	500	500	600	500	500	500	500	500	500	500	500	500	300	300	500	500	500	500	500	500	500	600	600	500	500	500	500	500	500	500	500	600	500	500	500	600	500	600	500	300	500	300	500	500	300	500	500	600	600	500	500	500
1456	600	500	500	300	500	500	500	600	500	300	500	600	500	600	600	500	600	500	500	600	500	500	500	500	500	500	500	500	300	600	500	600	500	300	500	500	500	500	500	500	500	300	500	300	600	500	500	500	500	500	500	600	300	600	500	500	600	500	600	500	300	500	500	500	500	500	300	500	500	500	500	600	300	500	500	300	600	500	500	500	600	500	300	500	600	600	300	600	600	300	500	600	500	500	600	300	500	500	500	600
1462	300	600	500	300	500	500	500	500	600	600	500	300	600	500	500	600	500	500	500	500	500	500	300	500	500	500	500	500	500	500	500	500	500	500	600	500	500	300	500	500	600	500	500	500	600	500	500	300	500	500	600	600	500	500	300	500	500	600	500	600	500	600	500	500	500	500	600	300	300	500	600	500	600	500	500	600	500	500	500	500	500	600	500	500	500	500	500	600	500	500	500	300	300	600	600	500	500	300	500	300
1463	500	500	500	500	300	500	500	500	500	600	500	600	500	300	500	500	500	500	300	600	500	500	500	500	500	500	600	500	600	500	500	500	500	500	500	500	600	600	500	500	600	500	600	500	500	500	500	500	500	500	500	600	500	500	500	500	300	500	500	500	500	500	500	600	500	500	500	500	500	500	600	500	500	600	500	500	500	500	500	300	500	300	600	500	500	500	500	600	500	600	600	500	500	600	500	500	600	600	500	500
1464	500	500	500	300	600	500	500	300	600	500	500	500	500	600	500	500	500	500	600	500	500	500	500	300	500	600	300	500	300	300	500	500	500	500	500	600	600	500	600	500	300	500	500	500	500	500	500	600	500	500	500	500	500	500	600	500	500	300	500	500	300	600	600	500	500	500	500	600	500	500	500	500	500	300	500	300	500	500	500	500	500	500	500	500	500	500	500	500	500	500	500	600	600	500	600	600	300	600	600	500
1467	500	600	500	300	600	500	500	600	500	300	500	500	600	500	500	500	500	300	500	500	600	500	500	500	500	600	600	500	500	300	500	300	300	300	500	500	500	500	500	300	500	500	500	500	600	500	500	500	500	500	500	500	500	300	600	500	300	500	600	600	300	600	300	500	600	500	500	300	500	500	500	300	500	500	500	500	500	300	500	500	600	500	300	500	500	500	600	300	300	500	500	300	500	500	500	500	500	600	500	500
1491	500	500	500	300	600	500	500	500	500	500	500	600	500	500	500	500	500	500	500	300	500	500	500	500	500	500	500	600	500	500	600	600	500	600	500	600	500	300	500	500	500	500	500	500	600	500	300	500	500	300	500	600	500	500	500	500	600	500	500	500	500	600	500	500	600	300	300	500	500	600	600	600	300	500	600	500	500	500	500	500	500	500	500	300	500	500	500	500	500	500	500	500	500	600	500	600	500	500	500	500
1496	500	500	500	500	500	500	500	500	300	500	600	500	500	500	600	500	300	500	500	500	500	500	500	500	500	500	600	600	500	500	600	500	500	500	500	500	500	500	500	500	600	500	300	500	500	500	500	500	500	500	500	500	600	600	500	500	500	600	300	300	600	500	500	500	500	500	500	600	500	500	500	600	600	500	500	500	300	500	600	500	500	500	500	500	300	500	500	500	600	300	300	500	500	500	600	500	500	500	500	500
1497	600	500	500	300	600	500	300	500	500	500	600	500	500	500	500	500	600	600	500	500	500	500	500	300	600	300	300	500	500	500	600	600	500	500	600	500	500	300	500	500	500	500	500	600	500	500	500	300	500	300	500	600	500	500	500	500	500	500	500	600	500	500	500	300	500	500	600	500	500	500	600	500	500	500	500	500	500	500	600	600	600	500	500	500	500	500	600	500	500	500	500	500	500	500	500	500	500	600	500	500
1501	500	300	300	500	500	500	600	500	500	600	600	500	500	500	600	500	500	500	500	500	500	500	500	600	500	300	500	500	500	300	500	500	500	500	600	500	500	500	500	500	500	500	600	500	300	500	300	300	500	500	500	500	500	500	500	500	600	500	300	500	500	300	500	500	500	500	600	600	500	500	500	500	500	500	500	500	500	500	500	500	600	500	500	500	500	500	500	500	500	500	500	600	300	300	500	500	500	500	500	300
1508	600	500	500	500	500	500	300	300	500	500	500	500	300	500	500	300	500	500	300	600	500	300	300	500	500	500	500	500	600	500	500	500	300	500	300	500	600	600	500	300	500	500	500	500	500	300	500	500	600	500	600	500	500	500	500	500	600	500	500	500	500	500	500	600	500	500	500	500	600	600	500	500	600	300	500	600	600	500	500	500	500	500	500	500	500	600	500	500	600	600	600	500	600	500	500	600	600	500	500	600
1519	500	500	500	500	600	500	500	500	600	500	500	300	500	500	600	600	600	600	500	500	500	600	500	500	500	500	500	500	500	500	500	600	600	500	500	500	500	500	500	600	500	600	300	500	600	500	500	500	500	500	600	600	500	500	500	500	500	300	500	500	300	500	600	500	500	500	500	300	500	500	500	500	500	300	500	500	500	500	500	600	600	500	500	600	500	500	500	500	500	500	500	500	500	500	500	500	500	500	500	600
1520	500	500	600	500	500	500	500	500	500	500	600	500	600	300	500	500	500	500	500	500	500	300	600	300	500	600	500	500	600	600	300	500	500	300	500	300	600	500	500	500	500	500	500	500	500	500	500	500	500	500	500	500	300	500	500	500	500	500	600	600	300	500	500	500	500	500	500	500	600	600	500	500	500	600	500	300	500	300	300	500	300	600	500	500	500	600	300	500	500	500	500	500	600	300	500	500	500	500	500	500
1530	500	500	500	500	600	500	500	600	600	500	500	500	600	300	600	500	500	500	500	500	300	500	500	300	500	600	500	500	500	500	600	500	500	500	500	500	600	600	500	500	500	300	500	500	500	500	500	500	500	500	500	500	500	500	300	500	500	500	500	600	500	500	500	600	500	500	300	500	500	300	600	500	500	500	500	500	500	500	600	500	500	500	300	500	300	600	500	300	500	500	500	500	600	500	500	600	500	500	300	300
1533	300	300	600	500	500	500	300	300	500	500	500	500	500	500	600	300	300	500	500	500	500	500	500	500	300	500	600	500	500	600	500	500	600	500	500	500	300	500	500	500	600	500	300	500	500	300	500	500	500	500	300	600	500	300	600	500	500	600	600	600	500	500	500	500	600	500	500	500	500	500	500	600	500	500	600	600	600	600	500	600	500	500	500	500	500	500	500	300	500	600	300	600	500	500	300	500	300	500	600	500
1550	500	500	500	600	500	500	600	600	500	500	500	500	600	600	500	500	500	600	600	600	500	500	500	500	500	500	500	500	600	500	500	500	300	500	500	500	300	600	500	500	500	500	500	500	600	500	600	500	500	600	300	500	500	600	500	500	500	500	500	500	500	500	500	600	500	500	500	500	500	500	500	500	300	300	500	500	300	500	500	500	500	500	600	600	500	500	500	500	300	500	500	600	300	500	300	500	500	500	600	600
1561	NA	NA	NA	NA	NA	NA	NA	NA	NA	NA	NA	NA	NA	NA	NA	NA	NA	NA	NA	NA	NA	NA	NA	NA	NA	NA	NA	NA	NA	NA	NA	NA	NA	NA	NA	NA	NA	NA	NA	NA	NA	NA	NA	NA	NA	NA	NA	NA	NA	NA	NA	NA	NA	NA	NA	NA	NA	NA	NA	NA	NA	NA	NA	NA	NA	NA	NA	NA	NA	NA	NA	NA	NA	NA	NA	NA	NA	NA	NA	NA	NA	NA	NA	NA	NA	NA	NA	NA	NA	NA	NA	NA	NA	NA	NA	NA	NA	NA	NA	NA
1562	300	500	500	500	500	500	500	300	500	300	500	500	500	500	500	500	500	600	500	600	500	300	500	500	300	300	300	500	500	500	500	600	500	500	500	500	600	600	600	500	500	600	500	500	600	500	600	500	500	500	500	300	600	500	300	500	500	500	300	600	500	500	600	500	500	500	500	500	300	300	600	500	500	500	500	500	500	600	500	600	300	500	500	300	300	500	500	600	500	500	500	500	500	600	600	300	300	500	500	500
1565	500	600	600	300	500	600	500	500	500	500	500	500	500	600	500	500	300	500	600	500	600	500	500	600	300	500	500	500	300	500	500	500	500	600	500	500	300	500	500	600	500	500	500	600	600	500	500	500	500	300	500	500	600	500	500	600	600	500	500	600	500	300	500	500	500	500	500	600	500	500	500	500	500	500	500	500	500	500	500	500	500	600	500	500	500	500	600	600	500	500	600	500	500	600	500	600	600	300	300	500
1566	500	600	500	600	500	600	500	500	500	500	500	500	500	500	500	500	500	500	500	300	500	600	300	300	500	600	500	500	600	500	500	500	500	500	500	500	500	500	600	500	500	500	300	500	600	300	600	600	500	500	500	500	500	300	500	600	300	500	500	500	500	500	300	500	600	500	500	500	500	500	500	500	500	500	500	600	500	500	500	500	600	600	500	300	500	500	500	500	500	500	500	500	500	500	500	500	500	500	500	500
1571	500	500	500	300	500	600	500	500	500	600	500	500	500	500	500	600	500	500	500	300	300	500	500	300	500	500	500	500	600	300	500	600	500	500	500	500	300	500	300	500	500	500	600	500	500	600	600	500	600	500	500	500	600	500	500	500	500	500	500	500	500	300	600	500	300	500	500	600	500	500	600	500	500	600	500	500	500	500	500	500	600	600	500	600	300	500	500	500	300	300	600	500	500	500	600	300	500	500	500	500
1580	600	500	500	600	500	500	500	500	500	500	500	300	500	500	500	300	500	500	600	500	600	500	600	500	500	500	500	500	500	500	500	500	500	600	600	500	500	500	500	500	300	500	500	500	500	500	500	500	600	300	500	500	600	500	500	500	500	500	500	500	500	500	500	500	500	500	500	500	500	600	500	500	500	500	300	600	600	500	500	600	500	500	500	600	500	500	500	500	500	500	500	600	500	500	600	500	500	500	500	300
1581	500	500	500	500	500	500	500	300	600	500	500	500	500	500	500	500	600	500	500	500	600	500	300	500	600	500	500	500	500	600	500	500	500	500	500	500	500	500	500	500	500	500	500	500	500	500	500	500	500	500	500	600	600	500	600	500	600	600	500	600	500	500	500	500	500	500	500	600	500	500	600	500	500	600	600	300	500	300	600	500	600	300	300	500	600	600	500	500	500	500	600	600	500	500	500	600	600	500	300	500
1583	500	300	600	500	500	500	500	500	300	500	500	500	500	500	500	600	300	500	500	300	600	500	600	600	600	500	500	500	600	500	500	300	500	500	500	500	500	500	500	500	500	600	500	500	500	500	500	500	500	600	500	500	500	500	600	300	500	500	300	300	600	500	300	500	500	500	500	500	600	500	500	500	500	500	500	500	500	500	500	500	500	500	500	500	300	500	500	500	500	500	500	500	500	500	600	500	500	600	500	500
1589	500	600	500	500	500	600	500	500	300	600	600	500	600	500	500	500	300	500	500	500	500	500	600	500	500	500	500	600	500	500	600	500	500	500	500	600	600	500	500	500	300	500	500	500	500	500	500	500	500	500	500	500	500	500	500	500	300	500	500	600	500	500	500	600	500	500	500	500	300	500	600	500	500	500	500	500	500	500	500	500	500	300	600	500	500	300	500	600	500	500	500	500	500	300	300	600	500	500	500	500
1590	500	300	500	500	500	500	500	500	500	300	300	500	500	500	500	500	500	600	500	500	500	600	500	500	500	500	500	500	500	500	500	500	500	500	300	500	500	500	500	500	500	300	300	500	300	500	600	300	500	600	500	500	500	500	500	500	500	500	500	500	600	500	600	500	600	500	600	300	600	500	500	500	500	500	500	500	500	500	500	500	300	300	600	300	600	600	500	600	500	600	500	500	500	500	500	600	500	500	500	300
1591	500	500	300	500	600	500	500	500	600	500	500	500	500	500	500	500	500	500	500	300	500	500	500	500	300	500	600	500	500	500	500	600	500	500	500	500	600	500	600	600	500	600	500	500	600	500	500	500	500	300	500	500	600	500	500	500	500	500	500	300	500	600	500	500	600	500	600	500	500	500	500	500	500	600	500	300	500	500	500	500	600	500	500	600	300	500	500	600	300	600	500	600	300	500	500	300	600	600	300	500
1593	500	500	500	500	600	600	500	600	600	500	500	500	500	500	500	500	500	600	300	300	300	300	300	500	500	500	500	500	500	500	600	500	500	500	500	500	500	500	600	500	300	500	600	500	500	500	600	500	500	500	500	500	500	500	600	500	500	300	500	300	600	500	500	500	500	300	500	500	600	500	500	500	500	500	500	500	500	500	500	500	500	500	500	600	600	600	500	500	500	500	300	600	500	300	500	300	500	500	600	500
1594	500	600	500	500	500	600	600	500	500	500	600	500	500	600	600	300	300	500	600	500	500	500	500	500	600	500	600	600	500	500	500	600	500	500	500	500	300	500	600	300	500	600	500	500	300	500	300	600	600	500	500	500	500	500	500	600	600	500	500	500	500	500	500	500	300	600	500	500	500	500	500	500	300	500	300	500	500	500	500	500	500	500	500	500	500	500	500	500	600	500	500	500	500	600	300	500	500	500	500	500
1603	500	600	500	600	500	500	500	600	500	500	300	500	500	500	500	300	500	600	500	500	600	500	500	600	600	500	600	500	500	500	500	300	500	600	500	500	500	500	500	500	500	500	500	500	500	300	300	500	500	600	500	500	500	600	500	500	300	500	500	600	600	300	500	500	500	300	500	500	500	300	500	500	300	300	500	500	500	300	600	500	500	500	500	500	600	500	500	600	600	300	500	500	500	500	500	500	500	600	500	500
1612	600	500	300	500	500	500	500	300	500	500	600	500	500	500	500	500	500	500	500	500	500	500	600	500	300	600	500	500	500	500	500	500	300	500	500	500	500	500	500	500	600	500	500	600	500	500	600	500	500	500	500	500	300	500	500	500	500	500	500	500	500	600	300	500	300	500	600	500	300	300	500	500	500	500	500	500	500	600	500	500	500	300	500	500	600	500	500	300	500	600	600	500	500	300	600	300	500	500	500	600
1613	500	500	500	500	600	600	500	500	500	500	500	500	500	500	500	300	600	600	500	600	500	500	500	600	300	500	500	300	500	500	500	500	600	500	500	500	500	500	500	600	600	600	500	500	300	300	300	600	500	600	600	500	500	600	500	500	500	500	500	500	500	500	500	500	500	600	500	500	500	500	500	500	500	600	500	600	300	300	600	500	500	500	600	500	500	300	300	300	600	300	500	500	500	500	500	500	500	500	500	500
1614	500	600	500	600	500	300	600	300	500	600	500	300	600	500	500	500	500	600	300	600	500	500	500	300	300	500	500	500	500	600	300	500	500	500	500	500	500	500	500	500	500	500	300	500	500	500	500	300	500	500	600	500	500	500	600	600	500	500	500	300	500	500	500	500	600	300	500	500	500	500	500	500	500	300	500	500	600	500	500	300	500	600	500	500	300	300	500	500	500	300	500	300	500	300	600	600	500	300	500	500
1616	600	500	500	600	500	500	500	600	300	500	500	600	500	500	500	500	500	600	300	600	500	500	500	500	500	500	600	600	600	500	300	600	500	300	500	500	600	500	500	500	500	500	600	500	300	500	500	500	500	500	500	500	500	500	300	300	500	500	500	500	500	500	500	500	600	500	500	500	600	500	500	500	600	500	600	500	600	500	500	500	600	600	300	500	500	500	500	500	500	500	500	500	500	500	500	300	500	300	500	500
1617	300	500	500	500	500	300	500	500	500	500	300	300	500	600	600	500	500	500	500	300	500	300	500	600	500	500	500	500	500	500	500	500	500	500	500	500	500	500	300	600	600	500	500	500	500	500	500	500	600	600	300	600	500	300	600	500	500	300	300	500	300	500	500	500	500	500	300	500	600	500	500	600	500	500	500	300	500	500	600	500	600	500	600	600	500	500	600	600	500	500	500	500	300	500	500	500	500	500	600	300
1623	500	500	500	500	500	500	500	600	600	300	500	500	600	500	500	600	500	500	500	600	500	500	500	500	500	500	500	600	500	500	500	600	300	500	500	600	500	500	300	600	500	600	500	300	500	500	600	500	500	500	300	500	500	600	500	500	600	600	500	300	500	500	600	500	500	600	500	600	500	500	500	300	500	500	500	600	300	300	500	600	500	500	300	500	500	500	300	500	500	500	500	300	500	500	500	500	500	500	500	500
1626	600	600	500	300	500	500	600	500	500	500	300	300	500	600	300	500	500	500	500	500	500	500	500	500	500	300	300	500	600	500	500	500	500	300	500	600	500	500	500	500	500	600	500	500	500	600	300	500	600	500	300	500	500	500	500	500	500	600	500	500	500	300	500	600	500	600	300	500	600	300	500	300	500	500	500	500	500	500	300	600	600	500	500	500	500	500	500	500	300	500	500	600	500	500	500	500	500	500	600	500
1655	600	500	500	500	500	500	500	500	300	500	500	500	500	500	500	500	500	500	500	500	500	500	500	500	500	500	500	600	500	600	300	500	500	500	600	600	500	500	600	600	500	500	500	600	500	600	500	600	500	500	500	500	300	600	500	600	500	500	500	500	500	500	600	600	500	600	600	600	500	500	300	500	600	600	600	500	500	600	500	500	500	600	500	500	600	500	600	500	500	500	600	600	500	500	600	500	500	500	300	600
1656	500	300	500	300	500	500	500	300	500	500	500	300	500	600	500	500	500	500	500	500	300	500	500	500	500	500	500	500	500	500	500	500	500	600	500	500	500	300	300	500	500	500	600	300	500	500	500	600	300	600	500	300	500	500	600	500	500	300	600	500	500	500	300	500	600	500	500	500	500	500	500	300	500	500	500	300	300	500	500	600	500	600	500	500	500	500	600	500	300	600	500	500	500	500	500	500	500	500	300	500
1659	500	500	500	600	600	500	500	500	500	500	600	500	300	500	500	500	300	600	500	500	600	500	500	500	600	600	300	500	500	300	500	300	500	500	500	500	500	300	500	500	500	600	500	500	500	500	500	500	500	500	500	500	500	500	500	300	500	500	500	500	500	600	500	500	600	500	500	600	300	500	600	500	500	500	300	300	500	500	500	500	500	500	600	600	500	500	500	500	500	600	500	500	500	500	500	300	500	500	500	500
1660	500	500	600	500	500	600	600	500	500	500	600	300	300	300	500	500	500	500	500	300	500	500	500	500	500	300	500	500	300	500	500	500	600	500	600	500	600	300	500	600	600	500	500	600	600	500	500	500	500	500	500	500	500	500	600	500	500	500	500	500	500	600	500	600	500	500	500	500	500	500	500	500	500	600	600	500	300	500	500	500	500	300	500	500	500	600	600	500	500	500	500	500	500	500	600	500	500	500	500	500
1661	500	600	500	500	500	500	500	500	500	500	500	500	500	500	300	600	300	600	500	600	500	500	600	500	500	300	500	600	500	300	600	500	500	500	600	500	600	500	300	300	500	300	500	600	500	500	500	300	500	300	600	500	300	500	300	500	300	500	300	500	500	500	500	500	300	500	500	500	500	500	600	500	500	500	500	500	500	500	500	500	500	500	500	300	300	500	300	500	500	600	300	300	500	500	600	600	300	500	500	500
1666	500	500	500	600	500	500	300	500	500	500	600	500	500	500	500	300	600	600	300	500	500	500	500	500	500	500	600	500	300	500	500	500	600	500	500	300	600	300	500	500	500	600	500	500	500	600	500	500	500	500	500	500	500	500	500	600	500	600	500	500	300	500	500	500	500	500	500	500	600	600	500	600	600	500	500	600	300	600	500	500	500	500	300	300	500	500	500	500	500	500	300	600	500	500	500	300	300	500	500	500
1676	500	500	500	500	500	500	500	600	500	500	500	600	500	600	500	600	600	500	500	300	600	500	500	600	500	300	300	500	500	500	500	300	300	300	500	600	500	500	500	300	300	300	500	500	500	500	500	600	500	500	600	500	500	500	600	500	600	600	500	600	500	300	300	500	500	500	600	500	500	500	300	500	500	500	500	600	600	500	500	600	300	600	500	300	500	500	500	500	500	500	500	500	600	500	500	500	300	500	500	500
1678	300	500	300	500	600	500	500	600	500	300	300	500	500	500	300	500	500	600	500	500	300	500	500	500	500	500	500	500	500	600	600	600	500	300	600	500	300	500	600	500	500	500	500	500	300	500	500	500	500	500	300	500	500	600	500	300	500	600	500	500	300	600	300	500	500	600	500	500	500	500	500	600	500	600	500	600	500	500	500	600	500	500	500	500	500	500	600	500	500	500	600	500	500	600	500	300	600	500	500	500
1687	500	600	500	500	500	500	600	500	600	300	500	500	600	500	300	500	500	500	500	500	500	500	500	300	600	600	500	500	600	300	300	500	500	500	500	500	500	500	600	500	500	600	600	600	600	500	500	500	300	600	500	500	500	500	300	500	500	500	500	500	300	500	500	500	500	300	500	500	500	500	500	500	500	500	500	600	600	500	600	500	500	500	500	500	600	300	500	500	500	600	500	500	500	600	500	500	500	500	500	500
1688	500	600	300	500	300	600	500	600	600	500	600	500	600	300	500	500	600	500	300	500	500	500	500	500	500	500	500	300	500	500	500	600	600	500	600	300	300	600	500	500	300	600	500	300	500	500	500	500	300	500	500	300	500	500	500	500	500	500	500	500	500	600	500	500	500	500	500	500	300	500	500	600	300	500	600	500	500	500	500	600	300	500	600	500	500	500	500	500	300	500	500	300	500	500	500	600	500	500	500	500
1691	500	500	600	500	500	600	300	600	500	500	300	500	600	500	600	600	500	500	500	500	500	500	500	500	500	500	500	500	500	500	500	300	500	500	300	300	500	300	500	500	300	500	500	500	300	500	500	500	600	500	500	500	500	300	500	600	500	500	500	500	600	600	600	500	500	600	500	600	500	500	500	500	500	600	600	600	500	500	500	500	500	600	500	600	500	600	500	500	600	500	500	500	500	500	500	500	500	600	500	500
1692	500	500	600	500	500	500	500	500	500	300	300	600	500	600	300	500	500	500	500	500	300	500	500	300	500	500	500	500	600	500	500	600	500	300	500	500	600	300	500	500	500	500	500	500	500	600	500	500	500	500	500	500	500	600	500	500	500	500	500	600	500	500	500	600	500	500	500	500	500	500	500	300	300	300	500	500	500	600	600	500	500	600	500	500	600	500	600	500	500	600	500	500	500	500	500	600	300	500	500	500
1695	500	500	500	500	500	600	500	500	500	600	500	500	300	600	300	500	500	500	500	500	500	500	500	600	600	300	500	500	300	500	600	500	500	500	600	600	600	500	500	500	500	600	500	500	500	600	500	500	600	500	500	300	500	500	300	500	500	600	500	300	500	500	300	300	500	500	500	500	300	500	500	500	500	500	300	500	500	600	300	500	500	500	500	600	500	300	600	500	600	500	500	600	500	600	500	500	500	600	500	500
1696	500	600	500	500	500	500	600	500	500	500	600	500	500	500	600	500	500	500	600	500	300	600	600	500	300	600	500	500	500	500	300	500	300	500	600	500	300	300	500	500	600	600	500	500	500	600	500	500	500	500	500	300	300	500	500	600	300	500	500	500	500	500	500	500	600	600	500	500	600	300	500	500	500	600	500	500	300	500	500	500	500	500	500	500	500	500	500	500	600	500	500	500	600	600	500	500	500	500	300	500
1699	500	500	500	500	500	500	500	500	600	500	500	600	500	500	500	500	500	300	500	500	500	500	500	500	600	500	500	300	500	500	500	500	500	500	500	500	500	500	600	600	500	500	600	500	500	500	500	600	500	500	500	500	500	500	500	500	500	300	500	300	500	600	500	500	500	500	600	500	500	600	300	500	500	500	500	500	600	500	500	600	500	600	600	300	500	500	600	600	500	600	500	500	300	300	500	500	600	500	500	500
1700	500	500	500	500	500	300	600	500	300	500	500	600	600	500	600	500	500	500	500	500	500	300	500	500	500	500	500	500	500	300	300	500	500	300	600	600	600	500	500	500	500	500	500	500	500	500	500	500	500	300	300	500	600	500	500	600	500	500	600	500	500	500	500	500	500	300	500	500	500	500	500	300	300	500	500	500	500	500	500	500	600	600	500	300	500	300	500	300	500	600	500	300	500	500	500	500	500	500	300	500
1702	500	500	500	500	500	500	500	500	500	500	500	500	500	500	300	500	500	600	300	500	600	500	500	500	500	500	500	600	500	500	500	500	500	600	500	500	500	500	600	500	500	500	300	300	500	500	500	500	500	500	500	500	500	500	300	500	600	300	500	600	600	300	500	500	600	600	500	600	500	600	300	600	500	600	500	300	500	500	500	600	500	300	500	500	500	600	600	500	500	300	600	600	500	500	300	500	600	500	500	500
1703	500	500	500	500	600	500	500	500	500	600	500	500	500	300	500	300	500	500	600	500	500	500	500	500	500	600	600	500	300	500	500	300	500	500	500	600	500	500	500	500	500	500	300	500	500	300	500	500	500	500	600	300	500	500	500	300	500	500	500	600	500	500	500	500	600	600	300	500	500	300	500	600	500	500	500	500	300	500	300	500	600	600	300	500	500	600	500	500	500	500	500	500	300	600	500	500	500	500	500	600
1706	500	500	500	500	500	500	600	500	500	500	500	600	500	600	500	500	300	500	500	500	500	500	300	500	500	500	500	500	500	500	500	600	500	500	600	600	500	500	300	500	500	500	300	500	600	600	500	500	500	300	300	500	600	500	300	300	500	600	300	500	500	600	500	600	500	500	500	500	500	300	500	500	500	500	600	500	300	500	600	500	500	500	600	500	300	300	600	500	500	500	600	600	600	500	300	500	500	500	500	500
1708	600	500	500	500	500	300	500	500	600	300	600	300	500	600	300	500	500	300	500	300	300	500	300	500	500	500	600	500	500	500	500	500	600	500	500	300	500	500	500	500	500	500	500	500	500	600	500	600	500	500	500	500	300	500	500	600	500	500	500	500	500	300	500	300	600	600	500	500	600	500	500	500	500	500	600	500	500	300	500	300	500	500	300	500	500	300	600	500	500	500	500	500	500	500	500	600	500	600	300	500
1710	500	500	600	600	300	600	500	500	500	600	500	500	500	500	500	500	500	500	500	300	500	500	300	500	500	500	600	500	500	600	500	500	300	300	600	500	500	500	500	600	500	600	500	300	500	500	300	500	600	500	300	300	500	600	500	500	300	500	500	500	600	500	500	500	500	500	500	500	500	600	500	500	500	500	500	500	500	500	500	600	500	500	600	600	500	600	500	600	500	500	600	500	500	500	600	500	500	500	500	500
1719	500	500	500	500	500	500	500	500	500	500	500	500	500	600	600	600	500	500	500	500	500	600	500	500	300	300	300	600	500	500	600	300	500	500	600	300	500	500	500	500	500	500	300	600	300	500	500	500	500	500	600	300	500	500	500	500	500	500	500	300	300	500	600	600	500	500	500	300	600	300	500	300	500	500	500	500	500	500	600	500	500	500	500	500	500	300	500	500	500	500	500	500	500	500	600	500	600	600	500	500
1724	300	600	500	500	500	500	600	500	500	300	500	600	500	500	300	500	500	500	500	500	500	600	500	300	500	500	600	500	600	500	500	600	500	500	500	600	500	300	500	500	600	600	500	500	500	500	500	500	500	500	500	500	500	500	500	500	500	500	500	500	500	500	600	500	600	300	500	500	500	500	500	500	500	500	600	500	500	500	500	300	500	500	500	600	500	500	500	500	300	500	500	500	500	500	500	500	500	600	500	600
1730	500	500	500	300	500	500	500	500	600	500	600	500	500	600	600	300	300	500	600	500	500	600	600	500	500	500	500	500	300	600	500	600	500	500	300	500	500	500	500	600	500	500	500	500	600	500	600	500	500	500	500	500	300	500	500	500	500	500	300	300	600	500	500	500	600	500	500	600	600	600	600	300	500	300	500	500	600	300	500	500	500	500	600	300	500	500	500	500	300	500	500	500	500	500	500	500	500	500	300	600
1734	600	500	600	500	600	300	500	500	500	500	500	500	500	500	500	500	500	300	600	600	500	500	500	500	500	500	600	600	500	300	500	500	500	500	500	500	500	500	600	500	500	500	500	500	500	500	500	300	500	300	500	500	600	600	500	500	500	500	600	500	500	600	500	500	500	500	500	500	500	300	500	500	500	600	300	500	500	600	500	500	600	600	600	500	500	500	300	600	500	500	500	300	300	600	500	500	500	500	500	300
1742	500	500	500	300	500	500	300	500	500	500	500	500	300	500	600	500	600	500	500	500	600	500	600	500	500	500	500	500	500	500	500	500	500	500	500	500	500	500	300	500	500	500	500	600	500	500	500	600	500	600	500	500	300	300	300	500	500	600	500	500	500	500	600	600	500	600	500	300	600	500	500	600	300	500	500	500	600	300	600	500	500	300	500	500	500	600	600	500	500	500	500	500	500	500	500	500	500	500	600	500
1751	500	500	600	500	500	500	600	600	500	600	500	500	500	500	500	500	600	300	600	600	500	500	600	500	500	300	500	500	500	500	500	500	500	500	600	600	500	500	500	600	300	300	500	500	500	500	600	500	600	500	500	500	500	500	500	600	500	600	500	500	600	500	500	500	500	600	500	500	600	500	500	500	500	300	500	500	500	500	500	500	500	600	500	500	500	600	500	600	500	500	500	600	500	500	500	300	600	600	500	500
1760	300	500	500	500	600	500	500	500	500	500	500	300	300	500	500	500	500	500	500	500	500	300	500	500	500	500	300	500	500	500	500	500	500	500	500	500	500	500	500	500	500	500	600	500	500	300	500	500	500	500	500	500	500	500	500	500	300	500	300	500	600	500	500	500	500	300	500	500	600	500	500	600	500	500	500	500	500	500	600	500	300	500	500	500	500	500	500	500	300	500	600	500	600	500	600	500	500	500	500	500
1767	500	300	300	500	500	300	500	500	500	300	600	500	500	300	500	500	500	600	500	500	500	600	500	500	500	500	500	600	600	500	500	500	300	500	500	500	500	600	500	600	300	600	500	500	600	600	500	500	500	600	300	600	500	500	500	300	300	500	500	500	500	600	500	500	500	500	300	300	500	500	500	600	500	500	500	600	500	500	300	600	600	500	500	300	500	500	500	500	500	500	600	500	500	500	500	500	500	600	500	500
1770	500	500	500	600	300	500	300	500	500	500	300	500	300	300	500	500	500	500	500	500	300	500	300	500	500	500	300	500	500	500	300	500	500	500	500	500	500	500	500	500	300	600	500	500	500	500	600	600	500	500	600	500	600	500	600	500	500	500	500	300	500	600	500	600	300	500	600	300	300	500	500	500	500	500	500	500	600	500	500	600	500	500	600	500	500	500	500	500	500	600	300	500	600	500	500	500	500	500	600	500
1777	500	300	300	500	500	600	600	600	300	300	500	600	500	500	500	500	300	500	500	500	500	500	500	500	500	600	500	500	500	500	300	500	500	500	600	500	500	500	500	600	500	500	600	500	500	500	300	500	300	500	500	500	500	500	500	300	500	300	500	500	600	500	500	500	600	600	500	300	500	300	500	500	500	500	500	500	500	500	600	500	500	500	500	500	500	600	300	500	300	500	500	300	600	600	500	500	600	600	300	500
1787	500	500	500	500	500	300	600	500	600	600	500	500	600	600	500	500	500	500	500	500	500	500	500	500	500	500	500	500	300	500	500	500	500	600	600	500	500	500	500	500	500	500	600	500	500	500	500	600	300	500	500	500	500	500	500	500	600	300	600	600	300	500	500	500	500	600	600	500	300	500	500	600	600	500	500	500	500	500	600	500	500	500	500	500	600	500	600	500	500	500	500	500	600	500	500	500	500	300	500	500
1788	500	500	500	300	300	600	500	500	500	500	500	600	500	600	500	500	600	500	500	500	500	500	500	500	500	600	500	500	500	500	600	500	500	500	300	500	500	500	500	500	500	500	600	500	500	500	500	600	500	600	600	500	500	600	500	600	500	500	600	500	500	500	500	500	500	600	500	500	500	600	600	500	500	500	600	500	500	600	500	500	500	500	500	500	500	500	500	500	600	500	300	300	500	500	500	300	500	500	500	500
1790	300	500	500	500	500	500	500	500	600	500	500	500	300	500	500	300	600	500	500	500	500	500	600	600	600	500	500	300	500	300	500	500	600	500	300	300	500	600	500	600	500	500	500	300	300	300	500	600	500	600	300	500	500	500	300	500	500	500	300	500	300	600	500	500	500	500	500	600	500	600	600	500	600	500	600	500	500	500	500	500	500	500	300	500	500	500	500	300	500	500	500	500	300	300	500	500	500	300	500	300
1791	500	500	500	600	500	600	600	500	500	500	300	500	300	500	500	600	500	500	500	500	600	600	300	600	600	500	500	500	500	500	500	500	500	500	500	500	500	600	600	500	500	500	500	600	500	500	500	500	500	600	500	500	500	500	500	500	500	500	600	300	500	500	500	500	500	600	500	500	500	500	500	500	300	600	500	500	500	500	500	500	500	500	600	500	600	500	500	300	300	600	300	600	600	300	500	500	500	500	500	500
1792	500	500	500	500	500	500	500	500	500	500	300	500	500	500	500	500	500	300	500	500	600	500	500	500	500	500	500	500	300	600	600	300	500	600	500	500	500	300	500	600	300	500	500	600	600	500	500	500	500	500	500	300	500	500	500	600	500	500	500	500	500	500	300	600	500	500	500	500	500	300	500	500	500	500	500	600	500	500	300	500	600	500	500	500	500	500	500	300	500	500	600	500	500	500	500	300	500	500	500	500
1793	300	500	300	500	500	300	600	500	500	600	500	300	500	500	500	500	600	500	500	600	500	600	500	500	500	500	500	500	500	500	500	500	500	500	500	300	300	500	300	500	600	600	500	600	500	500	300	500	500	500	500	500	500	600	500	500	600	500	500	600	600	500	300	500	500	500	500	500	500	300	500	500	500	500	500	500	500	500	500	500	600	600	500	600	300	500	500	500	500	500	600	500	600	500	500	500	300	500	500	500
1794	500	500	500	500	500	500	500	600	500	500	600	500	500	500	500	500	500	500	500	500	600	500	500	500	300	300	500	300	600	500	500	500	500	500	500	500	300	600	500	500	500	300	500	500	600	500	500	500	500	300	500	500	500	500	500	500	500	300	500	500	500	500	500	300	300	500	600	500	500	500	500	300	500	600	500	300	500	300	500	600	500	600	500	600	500	500	500	500	500	500	500	500	500	500	600	500	500	500	500	500
1795	500	300	600	500	500	300	500	300	500	500	500	600	500	500	500	500	300	500	300	500	600	500	500	500	500	600	300	500	500	500	500	500	500	500	300	500	500	500	500	500	500	500	500	500	600	600	500	500	300	500	500	600	300	500	600	500	600	500	500	600	500	500	500	300	300	500	500	600	500	500	300	600	500	500	500	600	300	300	500	500	500	500	500	500	600	600	500	600	500	500	500	300	500	500	600	500	500	500	500	500
1796	NA	NA	NA	NA	NA	NA	NA	NA	NA	NA	NA	NA	NA	NA	NA	NA	NA	NA	NA	NA	NA	NA	NA	NA	NA	NA	NA	NA	NA	NA	NA	NA	NA	NA	NA	NA	NA	NA	NA	NA	NA	NA	NA	NA	NA	NA	NA	NA	NA	NA	NA	NA	NA	NA	NA	NA	NA	NA	NA	NA	NA	NA	NA	NA	NA	NA	NA	NA	NA	NA	NA	NA	NA	NA	NA	NA	NA	NA	NA	NA	NA	NA	NA	NA	NA	NA	NA	NA	NA	NA	NA	NA	NA	NA	NA	NA	NA	NA	NA	NA
1803	300	600	500	500	500	500	500	300	300	500	500	500	300	300	500	500	500	500	300	500	500	300	300	300	500	600	300	500	500	500	600	500	600	600	300	600	500	500	600	500	600	500	500	500	500	500	500	500	500	500	500	500	600	500	500	500	600	300	500	500	500	300	500	500	500	600	600	500	500	600	500	500	600	500	500	500	600	300	500	300	500	500	500	500	500	500	500	500	600	500	600	500	500	500	600	500	600	500	500	300
1804	500	600	500	500	500	300	300	600	600	600	500	500	600	500	600	500	500	500	500	500	300	500	500	600	500	500	500	500	500	300	600	500	500	600	500	500	500	500	300	300	300	500	300	500	300	500	500	500	500	500	500	500	500	500	600	500	500	600	500	600	500	500	500	300	500	500	600	600	300	500	300	500	500	500	500	600	500	500	500	600	500	600	500	500	300	500	500	500	500	500	500	600	500	500	500	500	600	500	500	300
1808	500	600	500	600	500	500	300	500	500	500	300	500	600	500	500	600	500	500	500	500	500	600	600	600	500	500	300	500	600	500	500	500	500	500	600	500	500	600	600	500	500	500	500	500	500	500	500	600	500	500	600	500	500	500	500	500	500	500	500	500	600	500	600	300	500	300	500	600	600	500	600	300	500	500	600	500	500	600	500	500	500	500	600	500	500	500	300	500	500	500	300	500	500	500	300	500	500	500	500	600
1810	500	500	500	500	600	500	600	600	500	500	500	500	500	500	500	500	500	500	600	500	600	500	500	500	600	500	300	500	500	500	500	300	500	500	600	600	500	500	500	300	500	500	500	600	500	300	500	500	600	500	500	500	500	500	300	500	600	300	500	500	500	500	500	500	600	500	300	600	500	600	500	500	500	500	500	300	500	600	500	500	600	500	500	500	500	500	600	500	600	500	600	500	500	500	500	500	300	300	500	600
1819	600	500	600	500	600	500	300	500	500	500	500	500	500	300	500	500	500	500	500	500	300	300	500	500	500	300	500	500	500	500	500	500	500	500	500	500	300	500	300	500	500	500	600	500	500	500	600	600	500	600	500	500	500	600	600	300	500	300	500	500	500	500	500	300	500	500	600	500	500	600	500	500	500	500	500	500	600	500	500	300	500	500	500	600	500	500	500	500	500	600	500	500	500	500	600	600	600	600	600	600
1883	NA	NA	NA	NA	NA	NA	NA	NA	NA	NA	NA	NA	NA	NA	NA	NA	NA	NA	NA	NA	NA	NA	NA	NA	NA	NA	NA	NA	NA	NA	NA	NA	NA	NA	NA	NA	NA	NA	NA	NA	NA	NA	NA	NA	NA	NA	NA	NA	NA	NA	NA	NA	NA	NA	NA	NA	NA	NA	NA	NA	NA	NA	NA	NA	NA	NA	NA	NA	NA	NA	NA	NA	NA	NA	NA	NA	NA	NA	NA	NA	NA	NA	NA	NA	NA	NA	NA	NA	NA	NA	NA	NA	NA	NA	NA	NA	NA	NA	NA	NA
1919	500	500	500	500	600	300	500	500	500	500	600	500	500	500	300	500	500	500	300	500	600	500	500	300	600	500	600	300	300	500	600	500	600	500	500	500	500	500	500	500	600	500	300	500	500	500	500	500	500	300	300	600	500	600	500	600	500	500	300	500	500	500	500	500	500	500	500	500	500	500	500	500	300	300	500	500	500	500	500	500	500	500	500	500	500	600	500	500	600	500	500	500	500	500	500	500	600	500	500	500
2119	600	500	500	500	600	300	500	500	500	600	500	500	600	500	300	500	600	500	500	500	500	300	600	500	500	500	500	500	500	500	500	300	500	500	500	500	500	500	500	300	500	600	500	600	500	500	500	500	500	300	500	500	500	600	500	500	500	500	500	300	500	300	500	500	500	500	300	500	600	500	300	500	500	500	500	300	500	500	500	500	500	500	600	500	300	500	500	500	500	500	500	500	500	300	300	500	500	600	500	300
3011	500	500	500	500	500	500	500	500	600	500	500	500	500	500	500	500	300	500	500	600	500	500	300	600	500	300	500	300	500	600	500	500	500	300	500	500	300	500	500	500	500	500	500	500	500	500	300	500	500	500	500	500	500	500	500	300	500	500	600	500	500	500	600	500	500	500	300	500	500	600	500	500	500	300	300	500	500	500	500	500	500	500	500	500	500	500	600	500	500	500	500	500	500	500	500	300	500	500	600	500
3085	500	500	500	500	500	500	500	500	500	500	500	500	500	600	300	600	500	500	500	600	500	500	500	600	500	500	600	600	600	500	500	500	300	500	300	500	500	600	500	500	500	500	500	500	600	500	300	500	500	500	600	500	500	500	300	500	500	300	500	500	500	600	500	600	600	600	500	500	500	500	500	500	500	500	500	500	500	500	300	500	300	600	500	500	500	500	500	600	500	500	500	600	500	600	500	500	500	300	300	500
