1005	40	40	40	40	40	40	40	40	43	40	40	40	40	40	40	40	40	40	40	40	43	40	40	40	40	40	40	40	40	40	40	43	40	40	40	40	40	40	40	40	40	40	40	40	40	40	40	40	40	40	40	40	40	40	43	40	40	43	40	43	40	40	40	40	40	40	40	40	40	40	43	40	43	40	40	40	40	40	40	40	40	40	40	40	40	40	43	40	43	40	40	40	40	40	40	40	40	40	43	40
1006	40	40	40	40	40	40	40	40	40	40	40	40	40	40	40	40	40	40	40	40	40	40	40	40	40	40	40	40	40	40	43	40	43	40	40	40	40	40	40	40	40	40	43	40	40	40	40	40	40	40	40	40	40	43	43	40	40	40	40	43	40	40	40	40	43	40	40	40	40	40	40	40	40	40	40	40	40	40	43	40	40	37	40	40	40	40	40	40	40	40	40	40	43	40	40	40	40	40	40	40
1007	40	40	40	40	40	40	40	40	40	40	43	40	40	40	40	40	40	40	40	40	40	40	40	43	40	40	40	40	40	40	40	40	40	40	40	40	40	40	40	40	40	40	40	40	40	40	40	40	40	40	43	40	40	40	40	40	40	40	40	43	40	40	40	40	40	40	40	40	40	40	40	40	40	43	40	40	40	40	40	43	40	40	40	40	40	40	40	40	40	40	40	40	40	40	40	40	40	40	40	40
1008	40	40	40	40	40	43	40	43	40	40	40	40	40	40	40	40	40	40	40	40	40	40	40	40	40	40	40	40	40	40	40	40	40	43	40	40	40	43	40	40	40	40	40	40	40	43	40	40	40	40	40	40	40	40	40	40	40	43	40	40	43	43	43	40	43	40	40	40	40	40	43	40	40	40	43	40	43	40	40	40	40	40	40	40	40	40	40	40	40	40	40	40	40	40	40	40	40	40	40	43
1018	40	40	40	43	40	43	40	40	40	40	40	40	40	40	40	40	40	40	40	43	40	40	40	40	40	40	40	40	40	40	40	40	40	40	40	40	43	40	40	40	40	40	40	40	43	40	40	40	40	40	40	40	40	40	40	40	40	43	40	40	40	40	40	40	40	40	40	40	43	40	40	40	40	43	40	40	40	40	40	40	40	40	40	40	40	40	40	40	43	40	40	40	43	40	40	40	40	40	40	40
1022	43	43	40	43	40	40	40	40	43	40	40	40	40	40	43	40	40	40	40	40	40	40	40	40	40	40	40	40	40	40	40	40	40	40	40	40	40	40	40	40	40	40	40	40	40	40	40	43	43	40	40	40	40	40	40	40	40	40	43	40	43	40	40	40	40	40	40	40	40	40	40	40	40	40	40	40	40	40	40	43	40	40	40	40	40	40	40	40	43	40	40	40	40	40	40	40	40	40	40	40
1023	40	40	40	40	40	40	40	40	40	40	40	40	43	40	40	40	43	40	40	40	40	40	40	40	40	40	40	40	43	40	40	40	40	40	40	40	43	40	40	40	40	40	40	40	40	40	40	40	40	40	40	40	43	40	40	40	40	40	43	40	40	40	40	40	40	40	40	40	40	40	40	43	40	40	43	40	40	40	40	40	40	40	40	40	40	40	40	40	43	40	40	40	40	40	40	40	40	40	40	40
1024	40	40	40	40	40	40	40	40	40	40	40	40	40	40	40	43	43	40	40	40	43	40	43	40	40	40	43	40	40	40	40	43	40	43	40	40	40	40	40	40	40	40	40	40	40	40	40	40	40	40	40	40	40	40	40	40	40	40	40	40	40	40	40	40	43	40	40	40	40	40	40	40	40	40	40	40	40	40	40	40	40	40	40	40	40	40	40	40	40	40	40	43	40	40	40	40	40	40	40	40
1025	40	40	40	43	40	40	40	40	40	40	43	40	40	43	40	43	40	40	40	40	40	40	40	40	40	43	40	40	43	40	43	40	40	40	40	40	40	40	40	40	43	43	40	43	43	40	40	40	40	40	40	40	40	40	40	40	40	40	40	40	40	40	40	40	43	40	40	40	40	40	40	40	40	40	40	40	40	40	40	40	40	40	40	40	40	40	40	40	40	40	40	43	40	40	43	40	40	43	40	40
1027	40	40	43	40	40	40	40	40	40	40	40	40	40	40	40	40	40	40	40	40	40	40	40	40	40	40	40	40	40	40	43	40	40	40	40	43	40	40	40	43	40	40	40	40	40	40	40	40	40	40	40	40	40	40	40	40	40	43	40	40	40	40	40	40	40	40	40	40	40	40	40	40	40	40	40	40	40	40	40	43	40	40	40	40	40	40	40	40	43	40	40	40	40	40	40	40	40	40	40	40
1031	40	43	40	40	40	40	37	40	40	40	40	40	40	40	40	40	43	40	40	40	40	40	40	40	40	40	40	40	40	40	40	40	40	40	40	40	40	43	40	40	40	40	40	40	37	40	40	40	40	40	40	43	40	40	40	40	40	40	40	40	40	40	40	40	40	40	40	40	43	40	40	37	43	40	40	43	40	40	40	40	43	40	40	40	40	40	40	43	43	40	40	40	40	40	40	40	40	40	40	40
1035	40	40	40	40	40	40	40	40	40	40	40	43	40	40	40	40	40	40	40	40	40	40	40	43	40	40	40	40	40	40	40	40	40	40	40	43	40	40	40	40	40	40	40	40	40	40	40	40	40	40	40	40	40	40	40	40	40	40	40	40	40	43	40	40	40	40	40	43	40	40	40	43	40	40	40	40	40	40	40	40	40	40	40	40	40	40	40	40	40	40	40	40	40	40	40	40	40	40	40	40
1106	40	40	40	43	40	43	40	40	40	40	40	40	40	40	40	40	40	40	40	40	43	40	40	40	40	43	40	40	43	40	40	40	43	40	40	40	40	40	40	40	40	40	40	40	40	40	40	40	40	40	40	40	40	40	40	40	40	40	40	40	40	40	40	40	40	43	40	40	40	40	40	40	40	40	40	40	40	43	40	40	40	40	40	43	40	40	40	40	40	40	40	43	40	40	40	40	40	40	40	40
1107	40	40	40	43	40	40	40	40	40	40	40	40	40	40	40	40	40	40	40	40	40	40	40	40	40	40	40	40	40	40	40	40	40	40	40	40	40	40	40	40	40	40	43	40	40	40	40	40	43	40	40	40	40	40	37	43	40	40	40	40	40	40	40	40	40	40	40	40	40	40	40	40	40	40	40	40	40	40	40	40	40	40	40	40	40	43	40	40	40	40	40	40	40	40	40	40	40	40	40	40
1146	40	40	40	40	40	40	43	40	40	40	40	43	40	40	40	40	40	40	40	40	40	40	40	43	40	40	40	40	40	40	43	40	37	40	40	40	40	40	40	40	43	40	40	40	40	40	40	43	40	43	40	40	40	40	40	40	40	40	40	40	40	40	40	40	40	40	40	43	40	40	40	40	43	40	40	40	40	40	40	40	40	40	40	40	40	40	40	40	43	40	40	40	40	40	40	40	40	40	40	40
1157	40	40	40	43	40	40	40	40	40	40	40	40	40	40	40	40	40	40	40	40	40	40	40	40	40	40	40	40	43	40	40	40	43	40	40	40	40	40	40	40	40	40	40	43	40	43	40	40	40	40	40	40	40	43	43	40	40	40	40	40	40	40	40	40	40	40	40	40	40	40	40	40	40	40	43	40	40	40	40	40	40	43	43	40	40	40	40	43	40	40	40	40	40	40	40	40	40	40	40	40
1158	40	43	40	40	40	40	40	40	43	40	40	40	40	40	43	40	40	40	43	40	40	40	43	40	40	43	40	43	40	40	40	40	40	40	40	40	40	40	40	40	40	40	40	40	40	43	40	40	40	40	40	40	40	43	40	40	40	40	43	40	40	40	40	40	40	40	40	40	40	40	40	40	40	40	40	40	40	40	40	40	40	40	40	40	40	40	40	43	40	40	43	40	40	40	40	40	40	40	40	40
1161	40	40	43	40	40	40	40	40	40	40	40	40	40	43	40	40	40	40	40	40	40	40	40	40	40	43	40	40	40	40	40	40	40	40	40	43	40	40	40	40	40	40	40	40	40	40	40	40	40	40	40	40	40	40	40	40	40	40	40	40	43	40	40	40	40	40	40	40	40	40	43	40	40	40	40	40	40	40	40	43	40	40	40	40	40	40	40	40	40	40	40	40	40	40	40	40	40	40	40	40
1162	40	40	40	43	40	40	40	43	40	43	40	40	40	40	40	40	40	40	40	40	40	40	40	40	40	40	40	40	40	40	40	40	40	40	40	40	40	40	40	40	40	40	40	40	40	40	40	40	40	40	40	40	40	43	40	40	40	40	40	40	40	40	40	40	40	40	40	43	40	43	40	40	40	43	40	40	40	40	40	40	40	40	40	40	40	40	40	40	40	40	40	40	40	40	40	40	40	40	43	40
1163	40	40	40	40	40	40	40	40	40	40	40	40	40	40	40	40	40	40	40	37	40	40	40	40	40	40	40	40	40	40	40	40	43	40	40	40	40	40	40	40	40	40	40	40	43	43	40	40	40	40	40	40	40	40	40	43	40	40	40	40	40	40	40	40	40	40	40	40	40	40	40	40	40	40	40	40	40	40	40	40	40	40	40	40	40	40	40	40	40	40	40	43	40	40	40	40	40	40	40	40
1170	43	40	40	40	40	40	40	40	43	43	43	40	40	40	43	40	40	40	40	40	40	40	40	40	40	40	40	40	40	40	40	40	40	40	40	40	40	40	40	40	40	40	40	40	40	40	40	40	40	40	40	40	40	40	40	43	40	40	40	40	40	43	40	40	40	40	40	40	40	40	40	40	43	40	40	40	40	40	40	43	40	40	40	40	40	43	40	40	40	40	40	40	40	40	40	43	40	40	40	40
1171	43	40	40	40	43	40	40	40	43	40	40	40	40	40	40	40	40	40	40	40	40	40	40	37	40	40	40	40	40	40	40	40	40	40	40	43	43	40	40	40	43	40	40	40	40	40	40	40	40	40	40	40	40	40	40	40	43	40	40	40	40	40	40	40	43	40	40	40	40	40	40	40	40	40	43	40	40	40	43	40	40	40	40	40	40	40	40	40	40	40	40	40	40	40	40	40	40	40	40	40
1180	40	40	40	40	40	40	40	40	40	40	40	40	40	40	40	43	40	40	40	43	40	43	40	40	40	40	40	40	40	40	40	40	40	40	40	40	40	40	43	40	40	37	40	40	40	40	40	40	40	43	40	40	40	40	40	40	40	43	40	40	40	40	40	37	40	40	40	40	40	43	40	40	40	40	40	40	40	40	40	40	40	40	40	40	40	40	40	40	40	40	40	40	40	40	40	40	40	40	40	40
1183	40	40	40	40	40	40	40	40	40	40	40	40	40	40	40	40	40	40	40	40	40	40	40	43	40	40	40	40	40	40	40	40	40	40	40	40	40	40	40	40	40	40	40	40	40	40	40	40	40	40	40	40	40	40	40	43	40	40	40	40	40	40	40	40	40	40	43	40	40	40	43	43	40	40	43	40	40	40	40	40	40	40	40	40	40	40	40	40	40	40	40	40	40	43	40	40	40	40	40	40
1184	43	40	40	40	40	40	40	40	40	40	40	40	40	40	40	40	40	40	40	40	40	43	40	40	40	40	40	40	40	40	40	43	40	40	40	40	40	40	40	40	40	40	40	40	40	40	40	40	40	40	43	40	43	40	40	43	40	40	40	43	43	43	40	40	40	43	40	40	40	40	40	40	40	40	40	40	40	40	40	40	40	40	40	40	40	40	40	40	40	43	40	40	40	40	40	40	40	40	40	40
1186	40	40	40	40	40	43	40	40	40	43	40	40	43	40	43	40	40	40	40	40	40	40	43	40	43	40	40	40	40	40	40	40	40	40	40	43	40	40	40	40	40	40	40	40	40	40	40	40	43	40	40	40	40	40	40	40	40	40	40	43	40	40	43	43	40	40	40	40	43	40	40	40	40	43	40	40	40	40	40	40	40	40	40	40	43	43	40	40	40	40	40	40	40	40	40	40	40	40	40	40
1187	37	40	40	40	43	40	40	40	40	40	40	40	40	40	40	40	40	40	40	43	40	40	40	40	40	40	40	40	40	40	43	40	40	40	40	40	40	40	40	43	40	43	40	43	40	40	40	40	40	40	40	40	40	40	40	40	40	40	40	40	40	40	40	40	40	40	40	40	40	40	40	40	40	40	40	40	40	40	40	40	40	43	43	40	40	40	40	40	40	40	40	40	40	40	40	40	40	40	40	40
1191	40	40	40	40	40	40	40	40	40	40	40	40	40	40	40	40	37	43	40	40	40	43	40	40	40	40	40	40	40	40	40	40	40	40	40	40	40	40	40	40	40	40	40	40	40	40	40	40	40	40	43	40	40	40	40	40	40	40	40	40	40	40	40	40	40	40	40	40	40	43	40	40	40	40	40	40	40	40	40	40	40	40	40	40	40	40	43	40	40	40	40	40	40	40	40	40	43	40	40	40
1195	40	40	40	40	40	40	40	40	40	40	40	40	43	40	40	40	40	40	43	40	40	40	40	40	40	40	40	40	40	40	40	40	43	40	40	40	43	40	40	40	40	40	40	40	40	40	40	40	40	40	40	40	40	40	40	40	43	40	40	40	40	40	40	40	40	40	40	40	43	40	40	40	40	40	40	40	40	43	40	43	43	40	40	43	40	43	40	40	40	40	40	43	40	40	40	40	40	40	40	40
1198	40	40	40	40	40	40	40	40	40	40	40	40	40	40	40	40	40	40	43	40	40	43	43	40	40	40	40	40	40	40	40	40	40	40	40	40	40	43	40	40	40	40	40	40	40	40	40	40	40	40	40	40	43	40	40	40	40	40	40	40	40	40	40	40	40	40	40	43	40	40	40	40	40	40	40	40	40	40	40	43	40	40	40	37	40	40	40	40	40	40	40	43	40	40	40	40	40	40	40	40
1199	40	40	40	40	40	40	43	43	40	40	40	40	40	40	43	40	40	40	40	43	40	40	40	40	43	40	40	40	40	43	40	40	40	40	40	40	40	40	40	40	40	40	40	40	40	40	40	43	40	40	40	40	40	40	43	40	40	40	40	40	40	40	40	40	40	40	40	40	40	40	40	40	40	40	40	40	40	43	40	40	40	40	40	40	40	40	40	40	40	40	40	40	40	40	40	43	40	40	40	40
1200	NA	NA	NA	NA	NA	NA	NA	NA	NA	NA	NA	NA	NA	NA	NA	NA	NA	NA	NA	NA	NA	NA	NA	NA	NA	NA	NA	NA	NA	NA	NA	NA	NA	NA	NA	NA	NA	NA	NA	NA	NA	NA	NA	NA	NA	NA	NA	NA	NA	NA	NA	NA	NA	NA	NA	NA	NA	NA	NA	NA	NA	NA	NA	NA	NA	NA	NA	NA	NA	NA	NA	NA	NA	NA	NA	NA	NA	NA	NA	NA	NA	NA	NA	NA	NA	NA	NA	NA	NA	NA	NA	NA	NA	NA	NA	NA	NA	NA	NA	NA
1202	43	40	40	40	40	40	40	40	40	40	40	40	40	40	40	40	40	40	40	40	43	40	40	40	40	40	40	40	40	40	43	40	40	40	40	40	40	40	40	40	40	40	40	40	40	40	40	40	40	40	40	40	40	40	40	43	40	43	40	40	40	40	40	43	40	40	40	40	40	37	40	43	40	40	40	40	40	40	40	40	40	40	40	43	40	40	40	40	40	40	40	40	40	40	40	40	40	43	40	40
1203	40	40	40	40	40	40	40	40	40	40	43	40	43	40	40	40	40	40	43	43	40	40	40	40	40	43	40	40	40	43	40	40	40	40	40	40	40	40	43	40	40	40	40	40	40	40	40	40	40	40	40	40	40	40	43	40	40	40	40	40	40	40	40	40	40	40	40	40	40	40	40	40	40	40	40	40	40	43	40	43	40	43	40	40	40	40	40	40	40	40	40	40	40	40	40	40	40	40	40	40
1204	40	40	40	40	40	43	40	40	40	40	40	43	43	40	40	40	40	40	40	40	40	40	40	43	40	40	40	40	43	40	40	40	40	40	40	40	40	40	40	40	40	40	40	40	40	40	40	43	40	40	40	40	40	40	43	40	40	40	40	40	40	40	40	40	40	40	40	40	43	40	40	40	40	40	37	40	40	40	40	40	43	40	40	43	40	40	40	40	40	40	40	40	40	40	40	40	40	40	40	40
1205	40	40	40	40	40	40	43	40	40	40	40	40	43	40	43	40	40	40	40	40	40	40	40	40	40	40	43	40	40	40	40	40	40	40	43	40	40	40	40	40	40	40	40	40	40	40	40	40	40	40	40	43	37	40	40	40	43	40	43	40	40	40	43	40	40	40	40	43	40	40	40	40	43	40	40	43	40	40	40	40	40	40	40	40	40	40	43	40	40	40	40	40	40	40	43	40	40	40	40	40
1206	40	40	40	40	40	40	40	40	40	40	43	40	40	43	40	40	40	40	40	40	40	40	40	40	40	40	40	40	40	40	40	43	40	40	40	40	40	40	40	43	40	40	40	40	40	40	40	40	40	40	43	40	40	40	40	40	40	40	40	40	40	40	43	40	40	40	40	40	40	40	40	40	43	40	40	40	40	40	40	40	43	43	40	40	40	40	40	40	40	40	40	40	40	43	40	40	40	43	40	40
1208	40	40	40	40	40	40	40	40	40	40	40	40	40	40	40	40	40	40	40	40	40	40	40	43	40	40	43	40	40	40	40	40	40	40	40	40	40	40	40	40	40	40	40	40	40	40	40	40	40	40	40	40	40	40	40	40	40	40	40	40	40	40	40	40	40	40	40	40	40	40	40	40	40	40	40	40	40	40	40	40	40	40	40	43	40	40	40	40	40	40	40	40	40	40	40	40	40	40	40	40
1210	40	40	40	40	40	40	40	40	40	40	40	40	40	43	40	40	43	40	40	40	40	40	43	40	40	40	40	40	43	40	40	40	40	40	40	40	40	40	40	43	40	40	40	40	40	40	40	40	43	40	40	40	40	40	43	40	40	40	40	43	40	40	40	40	40	40	40	40	40	40	40	40	40	40	40	40	40	40	40	40	40	40	40	40	40	40	40	40	40	40	43	40	43	40	40	40	40	40	40	43
1211	40	40	40	40	43	40	40	40	43	40	40	40	40	40	40	40	40	40	40	40	40	43	40	40	43	40	43	40	40	40	40	40	40	40	40	40	40	43	40	40	43	40	40	40	40	40	40	40	40	40	40	40	40	40	40	40	40	40	40	40	40	40	40	40	40	40	40	40	40	40	37	43	40	40	43	40	40	43	40	40	40	40	40	40	40	40	40	40	40	40	40	40	40	40	40	40	40	40	40	40
1212	40	40	40	40	43	40	40	40	40	40	40	40	40	40	40	40	40	40	40	40	40	40	40	40	40	40	40	40	40	40	40	40	40	43	40	40	40	40	40	40	40	40	40	40	43	40	40	40	40	40	40	40	40	40	40	40	40	40	40	40	40	40	40	40	40	40	40	40	40	40	40	40	40	40	40	40	40	40	40	40	40	43	40	40	40	40	40	40	40	40	40	40	40	40	40	40	40	43	40	43
1214	40	40	40	40	40	40	40	40	40	40	40	40	40	40	40	40	40	40	43	40	43	40	40	40	40	40	40	40	40	40	40	40	40	40	40	40	40	40	40	40	40	40	43	40	40	40	40	40	40	43	40	40	40	43	40	40	43	40	40	40	40	40	40	40	40	40	40	40	43	43	40	40	40	40	40	40	43	40	40	40	40	40	40	40	40	43	43	40	40	40	40	40	40	40	40	40	40	40	43	40
1215	40	43	40	40	43	40	40	40	40	40	40	40	40	40	37	40	40	40	40	40	43	40	40	43	43	40	40	43	43	40	43	40	40	40	40	40	40	40	40	40	40	40	40	40	40	37	40	40	40	40	43	43	40	40	40	40	40	40	40	40	40	40	40	43	40	40	40	43	40	40	40	40	40	40	40	40	40	40	40	40	40	40	40	40	40	40	40	40	40	43	40	40	40	40	43	40	40	40	40	40
1220	40	40	40	40	40	40	43	40	40	40	40	40	40	40	40	40	40	40	40	40	40	40	40	40	40	40	40	40	40	40	40	40	40	40	40	40	40	40	40	40	40	40	40	40	40	40	40	40	40	40	43	40	40	43	40	40	43	40	43	40	40	40	40	40	40	40	40	40	40	43	40	40	40	40	40	40	43	40	40	40	40	40	40	40	40	40	40	43	40	40	40	40	40	40	40	43	40	40	40	37
1221	40	40	40	40	40	40	40	40	40	40	40	40	40	40	40	40	40	40	40	40	40	40	43	40	40	40	40	43	40	40	40	40	40	40	40	40	40	40	40	40	40	40	40	43	40	40	40	40	40	40	40	40	40	40	40	40	40	40	40	40	40	40	40	40	40	43	40	40	40	40	40	40	40	40	40	40	40	40	40	40	40	40	40	43	43	40	40	40	40	40	40	43	40	43	40	40	40	40	43	40
1222	40	40	40	40	43	40	40	40	40	43	40	40	40	40	40	40	40	40	40	40	40	40	40	40	43	43	40	40	40	43	40	40	40	40	40	40	40	40	40	40	40	40	43	40	40	40	40	40	40	37	40	40	40	43	40	40	40	40	40	40	40	43	40	40	40	40	40	40	40	40	43	40	40	40	40	43	40	40	40	40	40	40	40	40	40	40	40	40	40	43	40	40	40	40	43	40	40	40	40	40
1225	40	40	40	40	40	40	40	40	40	40	40	40	40	40	40	40	40	40	40	40	40	40	40	40	40	40	40	40	40	40	40	40	40	40	40	40	40	40	43	40	40	40	40	40	43	40	43	40	40	40	40	40	40	40	40	40	40	43	40	40	43	40	40	40	40	40	40	40	40	40	40	40	43	40	40	40	40	40	40	40	40	40	40	40	40	40	40	40	37	40	40	40	40	43	40	40	40	40	40	43
1227	40	40	40	40	40	40	40	40	40	40	40	40	40	43	40	40	43	40	40	40	40	40	40	40	40	40	40	40	40	40	40	43	40	40	40	40	43	40	40	40	40	40	40	40	40	40	40	40	40	40	40	40	43	37	40	40	43	40	43	40	43	40	40	40	40	40	40	40	40	40	40	40	40	40	40	40	40	40	43	40	40	40	40	40	40	40	40	40	40	40	40	40	40	43	40	40	43	37	40	40
1232	40	40	40	40	40	43	40	40	40	40	40	40	40	40	40	40	40	40	40	40	40	40	40	40	43	40	40	40	40	40	40	40	40	40	43	40	40	40	40	40	40	43	40	40	40	40	40	40	40	40	40	40	40	40	40	40	40	40	40	40	40	40	43	40	40	43	40	40	40	40	43	40	43	40	40	40	43	40	40	40	40	40	40	40	40	43	43	40	40	40	43	40	43	43	40	40	40	40	40	40
1235	43	40	40	40	40	40	40	40	40	40	40	40	40	40	40	43	40	40	40	40	40	40	40	40	40	40	40	40	40	40	40	40	40	40	40	40	40	43	40	40	40	40	40	40	40	40	40	40	40	40	40	40	40	40	40	40	40	40	40	43	40	40	40	40	43	40	40	40	37	40	40	40	40	40	40	43	37	40	37	40	40	40	43	40	43	40	40	40	40	40	40	43	40	40	40	40	40	40	40	40
1237	40	40	40	40	40	40	40	40	40	40	40	40	40	40	40	43	40	40	40	40	40	40	37	40	40	37	43	43	40	40	40	40	40	40	40	40	40	40	40	43	40	40	40	40	40	40	40	40	40	40	40	40	40	40	40	40	43	40	40	40	40	40	40	40	40	40	40	40	40	43	40	40	40	40	40	40	40	40	40	40	40	40	40	40	40	40	40	40	40	40	43	40	40	40	40	40	40	40	40	40
1248	40	40	40	40	37	40	40	43	40	40	40	40	40	40	40	40	40	40	40	40	40	40	40	40	40	40	40	40	40	40	40	40	43	40	40	43	43	43	43	43	40	40	40	40	40	40	40	40	40	40	40	40	40	40	43	40	40	40	40	40	40	43	40	40	40	40	40	40	40	40	40	43	40	40	40	40	40	40	40	40	40	40	40	40	40	40	40	40	40	40	40	40	40	40	40	40	40	43	40	40
1264	40	40	40	40	43	40	40	40	40	40	40	40	40	40	40	43	40	40	40	40	40	40	40	40	40	40	40	40	40	40	40	40	40	40	40	40	40	40	43	40	40	40	40	40	40	40	40	40	40	40	40	43	40	40	40	40	40	40	40	40	40	40	40	43	40	40	40	40	40	40	40	43	40	40	40	40	40	40	40	40	40	40	40	40	37	40	40	40	40	40	40	40	40	40	43	40	40	40	40	40
1280	40	40	43	40	40	40	40	40	40	40	40	40	40	43	40	40	40	40	40	40	40	40	43	40	40	40	40	40	40	40	40	40	40	40	43	40	40	43	40	40	40	40	40	40	43	40	40	40	40	40	40	40	40	40	43	40	40	40	40	40	40	40	40	40	40	40	40	40	40	40	40	40	40	37	40	40	40	40	40	40	40	40	40	43	40	40	40	40	40	40	40	40	40	43	40	43	40	40	40	40
1289	40	40	40	43	40	40	40	43	40	40	40	40	40	40	40	43	40	40	40	40	40	40	40	40	40	40	40	40	40	40	40	40	40	40	40	40	40	40	40	40	40	40	40	40	40	40	40	40	40	40	40	43	40	40	40	40	40	40	40	40	40	40	40	40	40	40	40	40	40	40	40	40	40	40	40	40	40	43	40	40	40	40	40	40	40	40	40	40	40	40	40	43	40	40	40	40	43	40	40	40
1302	40	40	40	40	40	40	40	40	40	40	43	43	40	40	40	40	40	43	40	40	40	40	40	40	40	40	40	40	40	40	40	40	40	40	40	43	40	40	40	40	40	40	40	40	43	40	40	40	40	40	40	40	40	40	40	40	40	43	40	40	40	40	40	40	40	40	43	40	40	40	40	40	40	40	40	40	40	40	40	40	40	40	40	40	40	40	43	40	40	40	40	43	40	40	40	40	40	40	40	40
1308	40	40	40	40	40	40	40	40	40	40	40	40	40	40	40	40	40	40	40	43	40	40	40	40	40	40	40	40	40	40	40	40	40	40	43	40	40	40	40	40	40	43	40	40	40	40	40	40	40	40	40	40	40	40	40	40	43	40	40	40	40	43	40	40	40	40	40	40	40	40	43	43	43	40	40	40	40	40	43	40	40	40	40	40	40	40	40	40	40	40	43	40	40	40	40	40	40	40	43	40
1320	40	40	43	40	40	40	40	40	40	40	40	40	43	40	40	40	40	40	40	40	40	40	40	40	40	40	43	40	40	40	43	43	40	40	40	40	43	40	40	40	40	43	43	40	40	40	43	40	40	40	40	40	40	40	40	43	40	40	40	40	40	40	40	40	40	40	40	40	40	40	40	43	40	40	40	40	40	40	40	40	40	40	40	40	40	40	40	40	40	40	40	40	40	40	40	40	43	40	40	40
1325	40	40	40	40	40	40	40	40	40	40	40	40	40	40	40	40	40	40	40	40	40	40	40	40	40	40	40	40	43	40	40	40	40	40	43	40	40	40	43	40	40	40	40	40	40	40	40	43	40	40	40	40	40	40	40	40	40	40	40	40	40	40	40	40	40	40	40	40	40	40	40	40	40	40	40	40	40	43	40	43	40	40	40	40	40	40	40	40	40	40	40	40	40	40	37	40	37	40	40	43
1335	40	40	40	40	40	40	40	40	40	40	40	37	40	40	40	40	40	40	43	40	43	43	43	40	40	40	40	40	40	40	40	40	40	40	40	40	40	40	40	43	40	43	43	40	43	40	40	40	40	40	40	40	40	40	40	40	40	40	40	40	40	40	40	40	40	40	40	40	40	40	40	40	40	40	43	40	40	40	40	40	40	40	40	43	43	40	40	43	40	40	40	40	40	40	40	40	40	40	37	40
1336	40	40	40	40	40	40	40	40	40	40	40	40	40	40	40	37	40	43	40	40	40	40	40	40	40	40	40	40	40	40	40	40	40	43	40	40	40	40	40	40	43	40	40	40	40	40	43	40	43	40	40	43	43	40	40	40	40	40	40	40	40	40	40	40	40	40	40	40	40	43	40	40	43	40	40	40	40	40	40	40	40	40	40	40	40	40	40	40	40	40	40	40	40	40	40	43	40	40	40	40
1357	40	40	43	40	40	40	40	40	40	40	40	40	40	40	40	43	40	40	40	40	40	43	43	40	40	40	40	40	43	40	40	40	40	40	40	40	40	40	40	40	40	40	40	40	43	40	40	40	40	40	40	40	43	40	40	40	40	40	40	40	40	40	40	40	40	40	40	40	40	40	40	40	40	40	40	40	40	40	43	40	40	43	40	40	40	40	40	40	40	43	40	40	40	40	40	43	40	40	40	40
1379	40	40	40	40	40	40	40	40	43	40	40	40	40	40	40	40	40	40	37	40	40	40	40	40	40	40	40	40	40	40	40	40	40	43	40	40	43	40	40	40	40	40	40	40	40	40	40	40	40	40	40	40	40	43	40	40	43	40	40	40	43	40	40	40	40	40	43	40	40	40	40	40	40	40	40	40	40	40	40	40	43	40	40	40	40	40	40	43	40	40	40	40	40	40	40	40	40	40	40	40
1389	40	40	40	40	40	43	40	40	40	43	40	40	40	40	40	40	40	40	43	40	40	40	43	40	40	40	40	40	40	40	40	40	40	40	40	43	43	40	40	40	40	40	43	40	40	40	43	43	40	40	40	40	40	40	40	40	40	40	40	40	40	40	43	40	40	40	40	40	40	40	40	40	40	40	40	40	40	43	40	40	40	40	40	40	40	40	37	40	40	40	40	40	40	40	40	40	40	40	40	40
1397	40	40	40	40	40	40	40	40	43	40	40	40	40	40	43	40	40	40	40	40	40	40	40	40	40	40	40	40	40	43	40	40	40	40	43	40	40	40	40	40	40	40	43	40	40	40	40	40	40	40	40	40	40	40	40	40	40	40	40	43	40	40	40	40	40	40	43	40	40	40	40	40	40	40	40	40	40	40	40	40	40	40	40	40	40	40	40	40	40	40	40	40	40	40	40	43	40	40	43	40
1415	43	40	40	40	40	40	40	40	40	40	40	40	40	40	40	40	40	43	40	40	40	40	40	40	40	40	40	40	40	40	40	40	40	40	40	40	40	40	43	40	40	40	40	40	40	40	43	40	40	40	40	40	40	40	40	43	37	40	40	40	40	40	40	40	43	40	40	40	40	40	40	40	40	43	40	43	40	40	40	40	40	43	40	40	40	40	43	43	40	40	40	40	40	40	40	40	40	40	40	43
1416	40	40	40	40	40	40	40	43	40	43	40	40	40	40	43	40	40	40	40	40	40	40	40	40	40	43	40	40	40	40	40	40	43	40	40	40	40	40	40	40	43	40	40	40	40	40	40	43	40	40	40	40	40	40	40	40	40	40	40	40	40	40	40	40	40	40	40	40	40	40	40	40	40	40	40	43	40	40	43	40	40	40	40	40	40	40	40	43	40	40	40	40	40	43	40	40	40	43	40	40
1456	40	43	40	40	40	40	40	40	43	40	40	40	40	40	40	40	40	40	43	43	40	40	40	40	40	40	40	40	40	40	40	43	40	40	40	40	40	40	40	40	40	40	40	40	40	40	40	40	43	40	40	43	40	40	40	40	40	43	43	43	40	40	40	40	40	40	40	43	40	40	40	40	40	40	40	43	40	40	40	40	40	40	43	40	43	40	40	43	40	37	40	40	40	40	40	40	43	43	43	40
1462	40	40	40	40	40	40	40	43	40	40	40	43	40	40	40	40	40	40	40	40	40	43	40	40	40	40	40	40	43	40	40	40	43	40	40	40	37	40	40	40	43	40	40	40	43	43	40	40	40	40	40	40	40	40	40	43	40	40	40	40	40	40	40	43	40	43	40	40	40	40	40	40	40	40	40	40	40	40	40	40	40	40	37	40	40	40	40	43	40	40	40	40	40	40	40	40	40	40	40	40
1463	40	40	40	40	43	40	40	40	40	40	40	40	40	40	40	40	40	40	40	40	40	40	40	40	40	40	43	40	40	40	40	40	40	40	40	43	40	40	37	40	40	40	40	40	40	40	40	43	40	40	40	43	40	40	40	40	40	40	40	40	40	43	40	40	40	40	40	40	40	40	40	40	40	43	40	40	40	43	40	40	40	40	40	40	40	40	40	40	40	40	40	40	40	43	43	40	40	40	40	40
1464	40	40	40	40	40	43	40	40	40	40	40	43	40	40	40	40	43	40	40	40	40	43	40	40	40	43	40	40	40	40	43	37	40	40	40	43	40	40	40	40	43	40	43	40	40	40	43	40	40	40	40	43	40	43	40	43	40	40	40	40	40	40	40	40	40	40	40	40	43	40	40	40	40	40	40	40	40	40	40	40	43	43	40	40	40	40	43	40	40	40	37	40	40	40	40	40	40	40	40	40
1467	40	40	40	40	40	43	40	40	40	40	40	40	40	40	40	40	43	43	40	40	43	40	40	40	40	40	40	43	40	40	40	40	43	40	40	40	40	40	40	40	40	40	40	40	40	40	40	43	40	40	40	40	43	40	40	40	40	40	40	40	40	40	43	40	40	40	40	40	40	40	40	43	40	40	40	40	40	40	43	40	40	40	43	40	40	40	40	43	40	40	40	43	40	40	43	40	40	40	40	40
1491	40	40	40	40	43	40	40	43	43	43	40	43	40	40	40	43	40	40	40	40	40	40	40	43	40	40	40	40	40	40	40	43	40	40	40	40	40	40	40	40	40	40	40	40	40	40	40	40	40	40	40	40	43	40	40	40	43	40	40	40	40	40	40	40	40	40	37	40	40	40	40	40	40	40	40	40	40	40	40	40	40	40	40	40	40	40	43	40	40	40	40	40	40	40	40	40	40	40	43	40
1496	40	40	40	40	40	40	40	40	40	40	40	40	40	40	40	40	40	37	40	40	40	40	40	40	40	40	40	40	40	40	43	40	40	40	40	40	40	40	40	40	40	43	40	43	40	40	40	40	40	40	40	40	40	40	40	40	40	40	40	40	40	40	40	40	40	43	40	43	40	40	40	40	40	40	40	40	40	43	40	40	40	40	40	40	40	40	40	40	40	40	40	43	40	40	40	40	40	40	43	40
1497	40	40	40	40	40	40	40	40	40	40	40	40	40	40	40	40	40	40	40	40	40	40	40	43	40	40	40	37	40	40	40	40	40	40	40	40	40	40	40	40	43	40	40	40	40	40	40	40	43	40	40	40	40	40	40	40	40	40	40	40	40	40	40	40	40	40	40	40	43	40	40	40	40	40	40	40	40	40	40	40	40	40	40	40	40	40	40	40	40	40	40	40	40	40	40	40	43	40	40	40
1501	40	40	40	40	40	40	40	43	40	40	40	40	40	40	43	40	40	40	40	40	40	40	40	40	40	40	40	40	43	40	40	40	40	40	40	40	43	40	43	40	40	40	40	40	40	40	40	40	40	40	43	40	43	40	40	40	43	40	40	40	43	40	40	43	40	40	40	40	40	40	40	43	40	40	40	43	43	40	40	40	40	40	40	40	40	40	40	40	40	40	40	40	43	40	40	40	40	40	40	40
1508	40	40	40	43	40	40	40	40	40	40	40	40	40	43	40	40	40	40	40	40	40	43	40	40	40	40	40	40	43	40	40	40	40	40	40	40	40	43	40	40	40	40	40	40	40	40	40	43	40	40	43	40	40	40	40	40	40	40	43	40	43	40	43	40	43	43	40	40	40	40	43	40	40	40	40	40	40	40	40	40	40	40	40	40	40	40	40	40	40	40	40	40	40	40	40	40	40	40	40	40
1519	40	40	40	40	40	40	40	40	40	40	40	40	40	40	43	40	40	40	40	40	40	40	40	40	37	40	40	40	40	43	40	40	40	40	40	40	40	40	40	40	40	40	40	40	40	40	43	40	40	40	43	40	40	40	40	40	40	40	40	40	40	40	40	40	40	40	40	40	40	40	40	40	40	40	40	40	43	40	40	40	40	40	43	40	43	43	40	40	40	40	43	40	40	40	40	40	40	43	40	40
1520	40	40	43	40	40	40	40	40	40	40	40	40	40	40	40	40	40	40	43	40	40	40	40	40	40	40	40	43	40	40	37	40	40	40	40	40	43	40	40	40	40	40	40	40	40	40	40	40	40	43	40	40	40	40	40	40	40	43	40	40	40	40	40	40	40	40	40	40	40	40	40	40	40	40	43	43	40	40	40	40	40	40	40	40	40	40	40	40	40	40	43	40	40	40	40	40	40	40	40	40
1530	40	40	40	40	40	40	43	40	40	40	40	40	40	40	40	40	43	40	40	40	40	40	40	40	43	40	40	40	40	40	40	43	40	40	40	40	40	40	40	40	40	43	40	40	40	40	40	40	40	43	40	40	40	40	40	40	40	37	40	43	40	37	40	40	40	40	40	37	40	40	40	40	40	40	43	40	40	40	40	43	40	40	40	40	40	40	40	40	40	40	40	40	40	40	40	40	40	40	40	40
1533	40	40	40	40	40	43	40	40	40	40	40	40	40	40	43	40	43	40	40	40	40	40	40	40	40	43	40	40	40	40	40	40	40	40	40	40	40	40	40	40	40	40	40	43	40	40	40	40	40	40	43	40	43	40	43	37	40	40	40	40	40	40	40	40	40	43	40	40	40	40	40	40	40	40	40	40	40	40	40	40	40	40	40	40	40	40	40	40	40	40	40	40	40	40	40	40	40	43	40	40
1550	40	43	40	40	40	40	43	40	40	43	40	40	40	43	40	40	40	40	40	40	40	43	40	40	40	40	40	40	40	40	40	43	40	43	40	40	40	40	40	40	40	40	43	40	40	40	40	40	43	40	43	43	40	40	40	40	40	40	43	40	40	43	40	40	40	40	40	43	40	40	40	40	40	40	40	40	40	40	40	40	40	40	40	40	40	40	40	40	40	43	40	40	43	40	40	43	40	40	40	40
1561	NA	NA	NA	NA	NA	NA	NA	NA	NA	NA	NA	NA	NA	NA	NA	NA	NA	NA	NA	NA	NA	NA	NA	NA	NA	NA	NA	NA	NA	NA	NA	NA	NA	NA	NA	NA	NA	NA	NA	NA	NA	NA	NA	NA	NA	NA	NA	NA	NA	NA	NA	NA	NA	NA	NA	NA	NA	NA	NA	NA	NA	NA	NA	NA	NA	NA	NA	NA	NA	NA	NA	NA	NA	NA	NA	NA	NA	NA	NA	NA	NA	NA	NA	NA	NA	NA	NA	NA	NA	NA	NA	NA	NA	NA	NA	NA	NA	NA	NA	NA
1562	40	40	40	40	40	40	40	40	43	40	43	40	40	40	40	40	40	40	43	40	40	40	40	40	40	40	43	40	40	43	40	40	40	40	43	40	40	40	40	40	40	40	40	40	40	43	40	40	40	40	40	40	40	40	40	40	40	40	40	40	40	43	43	40	40	40	40	40	40	40	40	40	40	40	43	40	40	40	40	40	40	40	43	40	40	40	40	40	40	40	40	40	43	40	40	40	40	40	40	40
1565	40	40	40	37	40	40	40	40	40	40	40	40	43	40	40	40	40	40	40	40	40	40	40	43	40	40	40	40	40	40	40	40	40	40	40	37	40	40	40	40	40	40	40	40	40	40	40	40	40	40	43	40	40	43	43	40	40	40	40	40	40	40	40	40	40	40	40	40	40	40	40	40	40	40	40	40	43	40	40	40	40	40	40	40	40	40	40	40	43	40	40	40	40	40	40	40	40	40	40	40
1566	43	40	40	40	40	40	40	40	40	40	40	40	40	40	40	40	40	40	40	43	43	40	40	40	40	40	40	40	40	40	40	40	40	40	40	40	40	40	43	40	40	40	40	40	40	40	40	40	40	43	40	40	40	40	40	40	40	40	43	40	40	40	43	43	40	40	40	40	40	40	40	40	40	40	40	40	43	40	40	40	40	40	40	40	40	43	40	40	40	40	40	40	40	40	40	40	40	40	40	40
1571	40	40	40	40	40	40	40	40	40	40	40	40	40	40	40	40	40	40	40	40	43	40	43	40	43	40	40	40	40	40	40	40	40	43	40	40	40	40	40	40	40	40	43	40	40	40	40	40	40	40	40	43	40	40	40	40	40	43	40	40	40	40	43	40	43	37	40	40	40	40	40	40	40	40	40	40	40	40	40	43	40	40	40	40	40	37	43	40	40	40	40	40	40	40	40	40	40	40	40	43
1580	40	40	40	40	40	40	40	40	40	40	40	43	40	40	40	40	40	40	40	40	40	40	40	43	40	40	40	40	40	40	40	40	43	40	43	40	40	40	43	40	40	40	40	40	40	43	40	40	40	40	40	40	40	40	40	40	40	40	43	40	43	40	40	40	40	40	43	40	40	40	40	40	40	40	40	40	40	40	40	43	40	40	40	40	40	40	40	37	43	40	40	40	40	40	40	40	40	43	43	40
1581	40	40	40	40	40	40	40	40	40	40	40	43	40	40	40	40	40	40	40	40	40	40	40	40	43	43	40	40	43	40	40	40	43	43	40	40	40	40	43	40	40	40	40	40	40	40	40	40	40	40	40	40	40	40	40	40	40	43	40	40	43	40	40	40	40	40	43	40	40	40	43	40	40	40	40	40	40	43	43	40	40	40	40	40	40	40	40	43	40	40	40	40	40	40	40	40	40	40	43	43
1583	40	40	40	40	40	40	40	40	43	40	40	40	40	40	40	40	40	40	43	40	40	40	40	40	40	40	40	40	40	40	40	43	43	40	43	40	40	40	40	40	40	40	43	40	40	40	40	40	37	40	40	40	40	40	40	40	40	40	40	40	40	40	40	40	40	40	40	40	40	40	43	40	43	40	40	40	40	40	40	40	40	40	40	40	40	40	40	40	40	40	40	37	40	40	40	40	40	43	40	40
1589	40	40	43	43	40	40	40	40	40	40	40	40	40	40	40	40	40	43	40	40	40	40	40	40	40	43	40	40	40	40	40	40	40	40	40	40	40	40	40	40	40	40	40	40	40	40	37	40	40	43	40	40	40	40	40	40	40	40	40	40	40	40	40	40	40	40	40	40	40	40	40	40	40	40	40	40	40	43	40	40	40	40	40	40	40	40	40	40	40	43	40	40	40	43	40	40	40	40	40	40
1590	40	40	43	40	40	40	40	40	40	40	40	40	40	43	40	40	40	40	40	40	40	40	40	40	40	40	40	40	40	40	40	40	40	40	40	40	40	40	40	40	40	40	40	37	40	40	43	40	43	40	40	40	40	43	40	40	40	40	40	40	40	40	40	43	40	40	40	43	40	40	40	40	43	40	40	40	40	40	40	40	40	40	40	40	43	40	40	40	40	40	40	40	40	40	40	40	40	40	40	40
1591	40	43	43	40	40	40	40	43	40	40	40	43	40	40	40	40	40	40	40	40	40	40	40	40	40	40	40	40	40	40	40	40	40	40	40	40	40	40	40	37	43	40	40	40	40	40	40	40	40	40	40	40	40	40	40	40	40	40	40	43	40	40	40	40	40	40	40	40	40	40	40	40	40	40	40	43	43	40	40	40	40	40	43	43	40	43	40	40	43	40	40	40	40	40	40	40	40	40	40	40
1593	40	40	43	40	40	40	40	40	40	40	40	40	40	40	40	40	40	40	40	40	40	40	40	43	40	43	40	40	40	40	40	40	40	43	40	40	40	40	40	40	43	40	40	43	40	40	40	43	40	43	40	40	40	40	40	40	40	40	40	40	40	40	40	40	40	43	40	40	40	40	40	40	40	43	40	40	40	40	40	40	40	40	40	40	40	40	40	40	40	40	40	40	40	40	40	40	40	40	40	40
1594	40	43	40	40	40	40	40	37	40	40	40	40	40	40	40	40	43	43	40	40	40	40	40	40	40	40	40	43	40	40	40	40	40	40	40	40	43	40	40	40	40	40	40	40	40	40	40	40	40	43	40	40	40	40	43	40	40	40	40	40	40	43	40	40	40	40	40	40	40	40	40	40	40	40	40	40	40	40	40	40	40	43	40	40	40	40	40	40	40	40	40	40	40	40	40	43	40	40	40	40
1603	40	40	40	40	40	40	43	40	40	40	40	40	40	40	40	40	43	40	40	40	40	40	40	40	43	43	43	40	43	43	40	40	40	40	40	43	40	43	40	40	40	40	40	40	40	40	40	40	40	40	40	40	40	40	40	40	43	40	40	43	40	40	40	40	40	40	40	40	40	40	40	40	40	40	40	40	43	40	40	40	40	40	40	40	40	40	40	40	40	40	40	40	40	43	40	40	40	40	40	40
1612	40	40	40	40	40	40	40	40	40	40	40	40	40	40	40	40	40	40	40	40	40	40	40	40	40	40	40	43	40	43	40	40	40	40	40	40	40	40	40	43	40	40	40	40	40	40	40	40	40	40	40	40	40	40	40	40	40	40	40	40	40	40	40	43	43	40	40	40	40	40	40	40	43	43	40	40	43	40	40	40	37	43	43	40	40	40	40	40	40	43	40	40	40	40	40	40	40	40	40	40
1613	40	40	40	40	40	40	40	40	40	40	40	40	40	40	40	40	40	40	40	43	40	43	40	40	40	43	40	40	40	40	40	40	40	40	40	40	40	40	40	40	37	40	40	40	40	40	40	40	40	40	40	40	40	40	40	40	43	40	40	40	40	40	40	40	40	40	40	40	40	40	40	43	40	40	40	40	40	40	40	40	40	40	40	40	40	40	40	40	40	40	40	40	40	40	40	40	40	40	40	43
1614	40	40	40	40	40	40	40	40	40	40	40	40	43	40	40	40	40	40	40	40	40	43	40	40	40	40	40	40	40	40	40	40	40	40	40	40	40	43	40	40	40	43	40	43	40	40	40	40	40	40	40	40	40	43	40	40	40	40	40	40	40	40	40	40	40	40	43	40	40	43	40	40	40	40	40	40	40	40	40	43	40	40	40	40	40	40	40	40	40	40	40	40	40	40	40	40	40	40	40	40
1616	43	40	40	40	40	40	43	40	40	40	40	40	40	43	40	40	40	40	40	43	40	40	40	40	40	40	40	40	40	40	40	40	40	40	40	40	40	40	40	40	40	40	40	40	40	43	40	40	40	40	40	40	43	40	40	40	40	40	40	40	40	40	40	40	43	43	40	40	43	40	40	43	40	40	40	40	43	40	43	40	40	40	40	40	40	40	43	40	40	43	40	40	40	40	40	40	43	40	40	40
1617	40	40	40	40	40	40	40	40	40	40	40	40	40	43	40	40	40	40	40	40	40	40	40	40	40	40	40	40	40	43	40	40	40	40	40	40	40	40	40	40	40	43	40	40	40	40	40	40	40	40	37	40	40	40	40	40	40	40	40	40	40	40	40	40	40	40	40	40	40	40	40	40	40	40	40	40	40	40	40	43	40	40	43	40	40	40	40	40	40	40	40	40	40	40	43	40	40	40	40	40
1623	40	40	40	40	43	40	40	43	40	40	40	40	40	43	40	40	40	40	40	40	40	40	40	40	40	40	40	40	40	40	40	40	40	40	40	40	43	40	40	43	43	43	40	40	40	40	40	40	40	43	40	40	40	40	43	40	40	40	40	40	40	40	40	40	40	40	40	40	40	40	43	40	40	40	40	40	40	40	40	40	40	40	40	40	40	40	40	40	40	40	40	40	40	40	40	40	40	40	40	40
1626	40	40	40	43	40	40	40	40	40	37	40	40	40	43	40	43	40	40	40	43	40	40	40	40	40	40	40	43	40	43	40	40	40	40	40	40	40	40	40	40	40	40	40	40	43	40	40	40	40	40	40	40	40	40	40	40	40	40	40	40	40	40	40	40	40	40	40	40	40	40	40	40	40	40	40	40	40	40	40	40	40	40	40	40	40	40	40	40	40	40	43	40	40	40	40	40	40	40	40	40
1655	40	40	40	40	40	43	40	40	40	43	40	40	40	40	40	40	40	40	40	40	40	40	40	40	40	40	40	40	40	40	43	40	43	40	40	40	40	40	40	40	40	40	40	40	40	40	40	40	43	40	40	40	40	40	40	40	40	40	40	40	40	40	40	40	40	40	40	40	40	40	40	40	40	40	40	40	40	40	40	40	43	40	40	40	40	40	40	40	40	40	40	40	40	40	43	40	40	40	40	40
1656	40	40	40	40	40	40	43	40	40	40	40	40	40	40	40	40	40	43	40	40	40	40	40	40	40	40	40	40	40	40	40	40	40	40	40	40	40	40	43	40	40	40	40	40	40	43	40	40	40	40	40	40	40	40	40	40	40	40	40	43	40	40	40	40	43	40	40	40	40	40	40	40	40	40	40	40	40	40	40	40	40	43	40	40	40	40	40	43	40	40	43	40	40	40	40	40	40	40	40	40
1659	43	40	43	40	40	40	40	43	40	40	40	40	40	40	40	40	40	40	40	40	40	40	40	40	40	40	40	40	40	40	43	40	40	43	40	40	40	40	40	40	40	40	40	40	40	43	40	43	40	40	40	40	40	40	40	40	40	40	40	40	40	40	40	40	40	40	40	40	40	40	43	40	40	40	40	40	40	40	40	40	40	40	40	43	40	40	40	40	43	40	40	40	40	40	40	40	43	40	40	43
1660	40	40	40	40	40	40	40	40	40	43	40	40	40	40	40	40	40	40	40	40	40	40	40	40	40	40	40	40	37	43	43	40	40	40	43	40	40	40	40	40	40	40	40	40	40	40	40	40	43	40	40	40	40	40	40	43	40	40	40	40	40	40	40	40	40	40	40	40	40	40	40	40	40	43	40	40	40	40	40	40	40	40	43	40	40	40	40	40	43	40	40	40	40	40	40	40	40	40	40	40
1661	40	40	40	40	40	43	40	40	40	40	43	40	40	40	40	40	40	40	40	40	40	40	40	40	40	40	43	40	40	40	40	40	40	40	40	40	40	40	40	40	40	40	40	40	40	40	43	40	43	40	43	37	40	43	40	40	40	40	40	40	40	40	40	40	40	40	43	40	40	40	40	40	40	43	40	40	40	40	43	40	40	40	40	40	40	40	43	40	40	40	40	40	40	40	40	40	40	43	40	40
1666	40	43	37	40	43	40	40	40	40	40	40	40	40	40	40	40	40	43	40	43	40	40	40	40	43	40	40	40	40	40	40	40	40	43	40	40	40	40	40	40	40	40	40	40	40	40	40	40	40	40	40	40	40	40	40	40	40	40	40	40	40	40	40	40	40	40	40	43	40	43	40	43	40	40	40	43	40	40	40	40	43	40	40	40	40	40	40	40	40	40	40	40	40	40	40	40	43	40	43	40
1676	40	40	40	40	40	40	40	40	40	40	40	40	40	40	40	40	40	40	40	40	40	40	43	40	40	40	40	40	40	40	40	40	40	40	40	40	40	40	40	40	40	40	40	40	40	43	40	43	40	40	40	40	40	40	40	40	40	40	40	43	40	43	40	40	40	40	40	40	40	40	40	40	40	40	40	40	40	40	40	40	40	40	40	40	40	40	40	40	40	40	40	40	40	40	40	40	40	40	43	40
1678	40	40	40	40	40	40	43	40	43	40	40	43	37	40	40	40	40	40	40	40	40	40	40	40	40	40	43	40	40	37	40	40	40	40	40	40	40	40	40	40	40	40	43	40	40	40	40	43	40	40	40	40	40	40	40	40	40	40	40	40	40	40	40	43	40	40	40	40	40	40	40	40	40	40	43	40	40	40	40	43	40	40	40	40	40	40	40	40	40	40	40	40	40	40	40	40	43	40	40	40
1687	40	40	40	40	40	40	40	40	40	43	40	40	40	37	40	40	40	43	40	40	40	40	40	40	40	40	40	40	40	40	40	40	43	40	40	40	40	40	40	40	40	40	40	40	40	40	40	40	40	40	40	40	43	40	40	40	40	40	40	40	40	40	40	40	40	40	40	40	40	40	40	40	40	40	40	37	40	40	40	37	40	40	40	40	40	40	40	40	40	40	43	40	40	40	43	40	40	40	40	40
1688	40	40	43	40	43	40	40	40	40	40	40	40	40	43	40	40	40	40	43	40	40	40	43	43	40	40	43	40	40	40	40	40	40	40	40	40	40	40	43	40	40	40	37	40	40	40	40	40	40	40	40	40	40	40	40	40	40	40	40	40	40	40	40	40	40	43	40	40	40	40	40	40	40	40	40	40	40	40	40	40	40	40	40	40	40	40	40	40	40	40	40	40	40	40	40	40	40	40	40	40
1691	40	40	40	40	40	40	40	40	40	40	43	40	40	40	40	43	40	40	40	40	40	40	40	40	40	40	40	40	40	40	40	40	40	40	40	40	40	37	40	40	40	40	40	40	40	40	40	40	40	40	40	40	40	40	40	40	40	40	40	40	40	40	43	43	40	40	40	40	40	40	40	40	40	40	40	40	40	40	40	40	40	40	40	43	40	40	40	40	40	40	40	40	40	40	40	40	40	40	40	40
1692	40	40	40	40	40	40	40	40	40	40	40	40	43	40	40	40	40	40	40	40	40	40	40	40	43	40	40	43	40	40	40	40	43	40	40	40	40	40	40	40	40	40	40	40	40	40	40	40	40	40	40	40	40	40	40	40	40	40	40	40	40	40	40	40	40	40	43	40	40	40	40	40	40	40	40	40	40	40	43	40	40	40	40	40	40	40	40	40	40	40	40	40	40	40	43	40	40	40	40	40
1695	40	40	40	40	40	40	40	40	40	43	40	40	40	40	40	40	40	40	40	40	40	40	40	40	40	40	40	43	40	40	40	40	40	40	40	40	40	40	40	40	40	40	40	40	40	40	40	40	40	40	40	40	40	40	40	40	40	40	40	40	40	40	40	40	40	40	40	40	43	40	40	40	40	40	40	40	40	40	40	40	40	40	40	43	40	40	43	40	40	40	40	40	40	40	40	40	40	40	40	40
1696	43	40	40	40	40	40	40	40	40	40	40	40	43	40	40	43	43	43	40	40	40	43	40	40	40	40	43	40	40	40	40	40	40	40	40	43	40	40	40	40	40	40	40	40	40	40	40	40	40	40	40	40	43	40	40	40	40	43	40	40	40	40	40	40	40	40	40	43	40	40	40	40	43	40	40	43	40	40	40	40	40	40	43	40	40	40	40	40	40	40	43	40	40	40	43	40	40	40	40	40
1699	40	40	40	40	40	40	40	40	40	40	40	43	40	40	40	40	40	40	43	40	40	40	40	40	40	40	40	40	40	40	40	40	40	40	40	40	40	40	40	40	40	40	40	43	40	40	40	40	43	40	40	40	40	40	40	40	40	40	40	40	40	40	40	40	40	40	43	40	40	40	40	40	40	40	40	40	40	40	43	40	43	40	40	40	40	43	40	40	40	40	40	40	40	43	40	43	40	40	40	40
1700	40	40	40	40	40	40	40	40	40	40	43	40	40	40	40	40	40	40	40	40	40	40	40	40	40	40	43	40	40	40	40	40	40	40	40	40	40	43	40	40	40	43	40	40	43	40	40	40	40	40	40	40	40	40	40	40	40	40	40	40	43	40	40	40	40	43	43	40	40	40	40	40	40	40	40	40	40	40	40	40	40	40	40	40	40	40	40	40	40	40	40	40	40	40	40	40	40	43	40	40
1702	40	40	43	40	40	40	40	40	40	40	40	40	40	40	40	40	40	40	40	40	40	40	40	40	40	40	40	40	40	40	40	40	40	40	40	40	40	40	40	43	43	40	40	40	40	40	40	40	40	40	40	40	40	40	40	40	40	40	40	40	40	43	40	40	40	40	40	40	40	40	40	43	43	40	40	40	40	40	40	40	40	43	40	40	40	43	40	40	40	43	40	40	40	40	40	40	43	40	40	40
1703	40	40	40	40	43	40	40	40	40	40	43	40	40	40	40	40	40	40	40	40	40	40	40	40	40	40	40	40	40	40	40	40	40	40	40	40	40	40	40	40	40	40	40	40	40	40	40	40	40	40	40	40	40	40	40	40	40	40	43	40	40	40	40	40	40	40	40	40	40	40	40	40	40	40	40	40	43	40	40	40	40	40	40	40	40	40	40	40	40	40	40	40	40	43	40	40	40	40	43	40
1706	40	40	43	40	40	40	43	40	40	40	40	40	40	40	43	40	40	40	40	40	43	40	40	40	40	40	40	40	40	40	40	40	40	40	40	40	40	40	40	40	40	40	40	40	40	43	43	40	43	40	40	40	40	40	40	40	40	40	43	40	40	40	40	40	40	40	40	40	40	40	40	40	40	43	40	40	40	40	40	40	40	40	40	40	40	40	40	40	40	40	40	40	43	43	40	40	40	40	40	40
1708	40	43	40	40	40	40	40	40	40	40	40	43	40	43	40	40	40	40	40	40	40	40	40	40	40	40	40	40	40	40	40	43	40	37	40	40	40	40	40	43	40	40	40	40	40	43	40	40	40	40	40	40	40	40	40	40	40	40	40	40	40	43	40	40	40	40	40	40	40	40	40	40	40	40	40	40	40	40	43	40	40	40	40	40	40	40	40	40	43	40	43	40	40	40	40	40	43	40	40	40
1710	40	40	40	40	40	37	40	40	40	40	40	40	40	40	40	40	40	40	40	40	40	40	40	40	40	40	40	40	40	40	40	40	40	40	40	40	40	40	40	43	40	40	40	40	40	40	40	40	40	40	40	40	40	40	40	40	40	40	37	40	40	40	40	40	37	40	40	40	40	43	40	40	40	40	40	40	43	43	40	40	40	40	40	43	43	40	40	40	40	40	40	43	40	40	40	40	40	40	40	43
1719	40	40	40	40	40	40	40	40	40	40	40	40	40	40	40	40	40	43	40	40	40	40	40	40	43	40	40	40	40	40	43	40	40	40	40	40	40	40	40	43	40	40	40	40	40	40	40	40	40	40	40	40	43	40	40	40	40	40	40	40	40	40	40	40	40	40	40	40	43	40	40	40	40	43	40	40	40	40	40	40	40	40	40	40	40	43	40	43	40	40	40	40	40	40	40	40	40	40	40	40
1724	40	43	40	40	40	40	40	40	43	40	40	40	43	40	40	40	40	40	40	43	40	40	40	40	40	40	43	40	40	40	40	40	40	40	40	40	40	40	40	40	40	40	40	43	40	40	43	40	40	40	40	40	40	40	40	43	40	40	40	40	40	40	43	40	43	40	40	40	40	40	40	40	40	40	40	40	40	40	40	40	40	40	40	40	40	40	40	40	40	40	40	40	43	40	40	40	40	40	40	40
1730	40	40	40	40	40	43	40	40	40	40	40	40	40	40	40	40	40	40	40	40	40	37	43	40	40	40	40	40	40	40	40	40	40	40	40	40	40	40	40	43	40	43	40	43	40	40	40	37	40	43	40	40	40	40	40	40	40	40	40	40	40	40	40	40	40	40	43	40	40	40	40	40	37	40	40	40	40	37	40	40	40	40	40	40	40	40	40	40	40	40	40	40	43	40	40	40	40	40	40	40
1734	40	40	40	40	40	40	43	40	43	40	40	40	40	40	40	40	40	40	40	40	40	40	43	40	40	40	40	40	40	40	40	40	40	40	43	40	40	43	40	40	40	43	40	40	43	40	43	40	40	40	40	40	40	40	40	43	40	40	40	37	40	40	40	43	43	40	40	40	40	40	40	40	40	40	40	40	40	40	40	40	40	43	40	40	43	40	40	40	40	43	40	40	40	40	40	43	40	40	40	40
1742	40	40	40	40	43	40	40	43	40	40	40	40	40	40	40	40	40	40	40	40	40	40	40	40	40	40	40	43	40	40	40	40	40	40	40	43	40	40	40	40	40	40	40	40	40	40	40	40	40	40	40	40	40	40	40	40	40	40	40	40	40	40	40	40	40	40	40	40	43	43	40	40	40	40	40	40	40	40	40	40	40	40	40	40	40	40	40	40	40	43	40	40	43	40	43	40	40	43	40	40
1751	40	40	40	40	40	40	40	40	40	43	40	40	40	40	40	40	43	40	40	40	40	40	40	40	40	40	40	40	40	40	40	40	40	40	43	40	40	43	40	40	40	40	40	40	43	40	40	40	40	40	43	40	40	40	40	40	40	40	40	40	40	40	40	43	40	40	40	40	40	43	40	40	40	40	40	43	40	40	40	40	43	40	43	40	40	43	40	40	40	43	43	40	40	40	40	40	40	40	40	40
1760	40	40	40	43	40	40	40	40	37	40	40	40	40	40	40	40	40	40	40	40	37	40	40	40	40	40	40	40	40	40	40	40	40	40	40	40	40	40	40	40	40	40	40	40	40	40	40	40	40	40	40	43	40	40	40	40	40	40	43	40	40	40	40	40	40	40	40	40	40	40	40	40	40	43	40	40	40	40	40	40	40	40	40	40	40	43	40	40	40	40	40	40	37	40	40	40	40	40	40	43
1767	40	40	40	40	40	40	40	40	40	40	40	40	40	40	40	40	40	40	40	43	40	40	40	40	40	40	40	40	40	43	40	40	40	40	40	40	40	40	40	40	40	40	40	40	40	40	40	40	40	40	40	40	40	40	40	40	40	40	40	40	40	40	40	40	40	40	40	40	40	40	40	40	40	40	40	40	40	40	40	40	40	40	40	40	40	40	40	40	40	40	40	43	40	40	43	40	40	40	40	40
1770	40	40	40	43	40	40	40	40	40	40	40	40	43	40	43	40	40	40	40	40	40	40	40	40	40	40	40	40	40	40	40	40	40	43	43	40	40	40	40	40	40	40	40	40	40	40	40	40	40	40	40	40	40	40	43	40	40	40	40	40	40	40	40	40	40	40	40	43	40	40	43	40	40	40	43	40	40	40	40	40	43	43	40	40	40	40	40	40	40	40	40	40	40	40	40	40	40	40	40	40
1777	40	40	40	43	40	40	40	40	40	40	40	40	40	40	40	40	40	40	40	40	40	43	40	40	40	40	40	40	43	40	40	40	40	40	40	40	40	40	40	40	40	40	40	40	40	40	43	40	40	40	43	40	40	40	40	40	40	40	40	40	40	40	40	40	40	40	40	40	40	40	40	40	40	40	40	40	40	43	40	40	40	40	40	40	40	40	40	43	40	43	40	40	40	43	40	40	40	40	40	40
1787	43	40	40	40	40	40	40	40	40	40	40	43	40	40	40	40	40	40	40	40	40	40	40	40	40	40	40	40	40	40	40	43	40	40	43	40	40	40	40	40	40	40	43	40	40	40	40	40	40	40	40	43	40	43	40	40	40	40	40	40	43	40	37	40	40	40	40	40	43	43	40	40	40	43	40	43	40	40	40	40	40	40	40	40	40	40	40	40	40	40	40	40	40	40	40	40	43	40	40	43
1788	40	40	40	40	40	43	40	40	40	40	40	40	40	40	40	40	40	40	40	40	43	40	40	43	40	40	40	40	40	43	40	40	40	40	40	43	40	40	40	43	40	40	40	40	40	40	40	40	40	40	40	40	40	40	40	40	40	40	40	40	40	40	43	40	40	40	40	40	40	40	43	40	40	40	40	40	40	40	40	40	43	40	40	40	40	40	40	40	40	40	40	40	43	40	40	40	40	40	40	40
1790	40	40	40	43	40	40	40	40	40	40	37	40	43	40	40	40	40	40	40	40	40	40	40	40	40	40	40	40	40	40	40	40	40	40	40	40	40	40	43	40	40	40	40	40	40	40	40	40	40	40	40	43	40	40	40	43	40	40	40	40	40	40	40	40	40	43	43	40	40	40	40	40	40	40	40	40	40	40	40	40	40	43	43	40	40	40	40	40	40	40	43	40	40	37	40	40	40	40	40	43
1791	40	40	40	40	43	40	40	40	40	40	40	40	40	40	40	40	40	40	40	40	40	40	40	40	40	40	40	40	40	40	40	40	40	40	40	40	40	40	40	40	40	40	40	40	40	40	40	40	40	40	40	43	40	40	40	40	40	40	40	40	40	40	40	43	40	40	40	43	40	40	40	40	40	40	40	40	40	40	40	40	40	40	40	43	40	40	40	40	43	40	40	40	40	40	40	40	40	40	43	40
1792	40	40	40	40	40	40	40	40	40	40	40	40	40	40	40	40	40	40	40	43	43	40	40	40	40	40	40	40	40	40	40	40	40	40	40	40	40	40	40	40	40	43	40	43	40	40	43	40	40	40	40	40	40	40	40	40	40	40	43	40	40	40	40	40	43	40	40	40	40	40	40	40	40	40	43	40	40	40	40	40	40	40	40	40	43	40	40	40	40	40	40	40	43	40	43	37	40	40	40	40
1793	40	40	40	40	40	40	43	40	40	40	40	40	40	40	40	40	43	40	40	40	40	40	40	40	40	40	40	40	40	40	40	40	40	40	40	40	40	40	40	40	40	40	40	40	40	40	40	40	40	40	40	40	40	40	40	40	40	40	40	40	40	40	40	40	40	40	40	43	40	40	40	40	40	40	40	43	40	40	40	40	43	40	40	40	43	40	40	40	43	40	40	40	40	40	40	40	40	40	40	40
1794	40	43	40	40	40	40	40	40	40	40	43	40	40	40	40	40	40	40	40	40	43	40	40	40	40	40	40	43	40	43	40	40	40	43	40	40	43	40	40	40	40	40	40	40	40	40	40	40	40	40	40	40	40	40	40	43	43	40	40	40	40	40	40	40	40	40	40	40	40	40	40	40	40	40	43	40	40	40	43	40	40	40	40	40	40	40	40	40	40	40	40	40	40	40	40	40	40	40	40	40
1795	40	40	40	40	40	40	40	40	40	40	40	40	40	40	43	43	40	40	40	40	40	40	40	40	40	40	37	40	40	40	40	40	40	40	37	40	40	40	40	40	40	40	43	40	40	43	40	40	40	40	40	40	40	40	40	40	40	40	40	43	40	40	40	40	40	40	43	40	43	43	40	40	40	40	40	40	40	40	40	40	43	40	40	40	43	40	43	40	40	40	43	40	40	40	40	40	40	43	40	40
1796	NA	NA	NA	NA	NA	NA	NA	NA	NA	NA	NA	NA	NA	NA	NA	NA	NA	NA	NA	NA	NA	NA	NA	NA	NA	NA	NA	NA	NA	NA	NA	NA	NA	NA	NA	NA	NA	NA	NA	NA	NA	NA	NA	NA	NA	NA	NA	NA	NA	NA	NA	NA	NA	NA	NA	NA	NA	NA	NA	NA	NA	NA	NA	NA	NA	NA	NA	NA	NA	NA	NA	NA	NA	NA	NA	NA	NA	NA	NA	NA	NA	NA	NA	NA	NA	NA	NA	NA	NA	NA	NA	NA	NA	NA	NA	NA	NA	NA	NA	NA
1803	43	43	40	40	40	43	40	43	40	43	40	40	40	40	43	40	40	43	40	40	40	40	40	43	40	40	40	40	40	40	40	40	40	40	40	40	40	40	40	40	43	40	40	40	40	40	40	40	43	40	40	40	40	40	40	40	40	40	40	40	40	40	40	40	40	40	40	40	40	43	43	40	40	40	40	40	40	40	40	40	40	40	40	40	40	40	40	40	40	43	40	40	40	40	40	43	43	40	40	43
1804	40	40	40	40	40	40	43	40	40	40	40	40	40	40	40	43	40	40	40	40	40	40	40	40	40	40	40	40	40	40	40	40	40	40	40	43	43	43	40	40	40	40	40	40	40	40	40	40	40	40	40	40	43	40	40	40	40	40	40	40	40	40	40	40	40	40	40	40	43	40	40	40	40	43	40	40	40	40	40	40	40	40	40	40	43	40	40	40	40	40	40	40	43	40	40	40	40	40	40	40
1808	40	43	43	40	40	40	43	43	40	40	40	40	40	40	40	40	40	40	40	40	40	40	40	40	40	43	40	40	40	40	40	40	40	43	40	40	40	40	40	40	40	40	40	43	40	40	43	40	40	43	40	40	40	43	40	40	40	43	40	40	40	40	43	40	40	43	40	40	40	40	40	40	40	40	40	40	40	40	40	40	40	40	43	40	40	40	40	40	40	40	40	43	40	40	40	43	40	40	40	40
1810	40	40	40	40	40	40	40	40	40	40	40	40	43	40	40	40	40	40	43	40	43	40	40	40	40	40	40	40	40	43	43	43	40	43	40	40	40	40	40	40	43	40	40	43	40	40	40	40	40	43	40	40	40	40	40	40	43	40	40	40	37	40	40	40	40	40	40	40	40	40	40	40	40	40	43	40	40	40	40	40	40	40	40	43	40	40	43	40	40	40	40	40	43	40	40	43	40	40	40	40
1819	40	40	40	40	40	40	40	40	40	43	40	40	40	40	40	40	40	40	43	40	40	40	40	40	43	40	40	40	40	40	40	43	40	40	40	40	40	40	40	40	40	40	40	40	40	43	40	43	40	40	40	40	40	40	40	40	40	40	40	40	43	40	40	43	40	40	40	40	40	40	40	40	40	40	40	40	40	43	40	40	40	40	40	40	40	40	40	40	40	43	40	40	40	40	40	43	43	40	40	40
1883	NA	NA	NA	NA	NA	NA	NA	NA	NA	NA	NA	NA	NA	NA	NA	NA	NA	NA	NA	NA	NA	NA	NA	NA	NA	NA	NA	NA	NA	NA	NA	NA	NA	NA	NA	NA	NA	NA	NA	NA	NA	NA	NA	NA	NA	NA	NA	NA	NA	NA	NA	NA	NA	NA	NA	NA	NA	NA	NA	NA	NA	NA	NA	NA	NA	NA	NA	NA	NA	NA	NA	NA	NA	NA	NA	NA	NA	NA	NA	NA	NA	NA	NA	NA	NA	NA	NA	NA	NA	NA	NA	NA	NA	NA	NA	NA	NA	NA	NA	NA
1919	40	40	40	40	40	40	40	40	40	40	43	40	40	40	40	40	43	43	40	40	40	40	40	40	40	40	40	43	40	40	40	40	40	40	40	40	40	40	43	40	40	40	40	40	43	40	40	40	40	40	40	40	40	40	40	40	40	40	40	40	40	40	40	40	40	40	40	40	40	40	40	40	40	40	40	40	40	40	40	40	43	40	40	40	43	40	40	40	40	40	40	40	40	40	40	40	40	40	40	40
2119	43	40	40	40	40	40	40	40	40	40	43	43	40	40	40	43	40	43	40	40	40	40	40	40	43	40	40	43	40	40	40	40	40	40	43	40	40	40	40	40	40	40	40	40	40	40	40	40	40	43	40	40	40	40	40	40	40	43	40	40	43	40	40	40	40	40	43	40	40	40	40	40	40	40	40	40	40	40	40	40	40	40	40	40	40	43	40	40	40	40	40	40	40	40	40	40	40	40	40	40
3011	43	43	40	40	40	40	40	40	40	40	43	40	40	40	40	40	40	40	40	40	40	40	40	40	40	40	40	40	40	40	40	40	40	40	40	40	40	43	40	40	40	40	40	43	40	40	40	40	40	43	40	40	40	40	43	40	40	40	40	40	40	43	40	40	40	43	40	40	40	40	40	40	40	40	40	40	43	40	40	40	40	40	40	40	40	40	40	40	40	40	40	40	40	40	40	40	40	40	40	40
3085	40	37	40	40	40	40	40	40	40	40	40	40	40	40	40	40	40	40	40	40	40	40	40	40	40	40	40	40	40	40	40	40	40	40	40	40	40	40	40	40	40	40	40	40	40	40	40	40	40	40	40	40	40	40	40	40	40	40	40	40	40	40	40	40	40	40	40	40	40	40	40	40	40	40	40	40	40	40	43	40	40	40	40	40	43	40	40	40	40	40	40	40	40	40	40	40	40	40	40	40
